
> Backend@0.0.1 start:dev
> nest start --watch

[2J[3J[H[[90m4:58:02 PM[0m] Starting compilation in watch mode...

[[90m4:58:32 PM[0m] Found 0 errors. Watching for file changes.

[90m[4mquery:[24m[39m [94mSELECT[0m [95mversion[0m[37m([0m[37m)[0m
[90m[4mquery:[24m[39m [94mSELECT[0m [37m*[0m [94mFROM[0m [95mcurrent_schema[0m[37m([0m[37m)[0m
[90m[4mquery:[24m[39m [94mCREATE[0m [37mEXTENSION[0m [94mIF[0m [94mNOT[0m [94mEXISTS[0m [37m"uuid-ossp"[0m
[90m[4mquery:[24m[39m [94mSET[0m [37msearch_path[0m [94mTO[0m [37m"global"[0m[37m,[0m [37mglobal[0m[37m,[0m [37mpublic[0m
[90m[4mquery:[24m[39m [94mSELECT[0m [37m"GlobalSetting"[0m[37m.[0m[37m"id"[0m [94mAS[0m [37m"GlobalSetting_id"[0m[37m,[0m [37m"GlobalSetting"[0m[37m.[0m[37m"createdAt"[0m [94mAS[0m [37m"GlobalSetting_createdAt"[0m[37m,[0m [37m"GlobalSetting"[0m[37m.[0m[37m"updatedAt"[0m [94mAS[0m [37m"GlobalSetting_updatedAt"[0m[37m,[0m [37m"GlobalSetting"[0m[37m.[0m[37m"deletedAt"[0m [94mAS[0m [37m"GlobalSetting_deletedAt"[0m[37m,[0m [37m"GlobalSetting"[0m[37m.[0m[37m"key"[0m [94mAS[0m [37m"GlobalSetting_key"[0m[37m,[0m [37m"GlobalSetting"[0m[37m.[0m[37m"value"[0m [94mAS[0m [37m"GlobalSetting_value"[0m[37m,[0m [37m"GlobalSetting"[0m[37m.[0m[37m"category"[0m [94mAS[0m [37m"GlobalSetting_category"[0m[37m,[0m [37m"GlobalSetting"[0m[37m.[0m[37m"description"[0m [94mAS[0m [37m"GlobalSetting_description"[0m[37m,[0m [37m"GlobalSetting"[0m[37m.[0m[37m"isPublic"[0m [94mAS[0m [37m"GlobalSetting_isPublic"[0m [94mFROM[0m [37m"global"[0m[37m.[0m[37m"global_settings"[0m [37m"GlobalSetting"[0m [94mWHERE[0m [37m([0m [37m([0m[37m([0m[37m"GlobalSetting"[0m[37m.[0m[37m"key"[0m [37m=[0m [37m$[0m[32m1[0m[37m)[0m[37m)[0m [37m)[0m [94mAND[0m [37m([0m [37m"GlobalSetting"[0m[37m.[0m[37m"deletedAt"[0m [94mIS NULL[0m [37m)[0m [94mLIMIT[0m [32m1[0m [90m-- PARAMETERS: ["rate_limiting:config"][0m
Application is running on: http://localhost:5000/api/v1
[16:58:41.522] [32mINFO[39m (16336): [36mStarting Nest application...[39m
    [35mcontext[39m: "NestFactory"
[16:58:41.523] [32mINFO[39m (16336): [36mTypeOrmModule dependencies initialized[39m
    [35mcontext[39m: "InstanceLoader"
[16:58:41.523] [32mINFO[39m (16336): [36mPassportModule dependencies initialized[39m
    [35mcontext[39m: "InstanceLoader"
[16:58:41.523] [32mINFO[39m (16336): [36mHotelsModule dependencies initialized[39m
    [35mcontext[39m: "InstanceLoader"
[16:58:41.523] [32mINFO[39m (16336): [36mUsersModule dependencies initialized[39m
    [35mcontext[39m: "InstanceLoader"
[16:58:41.523] [32mINFO[39m (16336): [36mConfigHostModule dependencies initialized[39m
    [35mcontext[39m: "InstanceLoader"
[16:58:41.523] [32mINFO[39m (16336): [36mDiscoveryModule dependencies initialized[39m
    [35mcontext[39m: "InstanceLoader"
[16:58:41.523] [32mINFO[39m (16336): [36mCloudinary configured for cloud: dnkfnquyf[39m
    [35mcontext[39m: "CloudinaryService"
[16:58:41.523] [32mINFO[39m (16336): [36mConfigModule dependencies initialized[39m
    [35mcontext[39m: "InstanceLoader"
[16:58:41.523] [32mINFO[39m (16336): [36mConfigModule dependencies initialized[39m
    [35mcontext[39m: "InstanceLoader"
[16:58:41.524] [32mINFO[39m (16336): [36mLoggerModule dependencies initialized[39m
    [35mcontext[39m: "InstanceLoader"
[16:58:41.524] [32mINFO[39m (16336): [36mObservabilityModule dependencies initialized[39m
    [35mcontext[39m: "InstanceLoader"
[16:58:41.524] [32mINFO[39m (16336): [36mShardingModule dependencies initialized[39m
    [35mcontext[39m: "InstanceLoader"
[16:58:41.524] [32mINFO[39m (16336): [36mBullModule dependencies initialized[39m
    [35mcontext[39m: "InstanceLoader"
[16:58:41.524] [32mINFO[39m (16336): [36mBullModule dependencies initialized[39m
    [35mcontext[39m: "InstanceLoader"
[16:58:41.524] [32mINFO[39m (16336): [36mJwtModule dependencies initialized[39m
    [35mcontext[39m: "InstanceLoader"
[16:58:41.524] [32mINFO[39m (16336): [36mRedisModule dependencies initialized[39m
    [35mcontext[39m: "InstanceLoader"
[16:58:41.524] [32mINFO[39m (16336): [36mJwtModule dependencies initialized[39m
    [35mcontext[39m: "InstanceLoader"
[16:58:41.524] [32mINFO[39m (16336): [36mJwtModule dependencies initialized[39m
    [35mcontext[39m: "InstanceLoader"
[16:58:41.524] [32mINFO[39m (16336): [36mBullModule dependencies initialized[39m
    [35mcontext[39m: "InstanceLoader"
[16:58:41.524] [32mINFO[39m (16336): [36mBullModule dependencies initialized[39m
    [35mcontext[39m: "InstanceLoader"
[16:58:41.524] [32mINFO[39m (16336): [36mBullModule dependencies initialized[39m
    [35mcontext[39m: "InstanceLoader"
[16:58:41.524] [32mINFO[39m (16336): [36mTypeOrmCoreModule dependencies initialized[39m
    [35mcontext[39m: "InstanceLoader"
[16:58:41.524] [32mINFO[39m (16336): [36mDatabaseModule dependencies initialized[39m
    [35mcontext[39m: "InstanceLoader"
[16:58:41.524] [32mINFO[39m (16336): [36mRateLimiterModule dependencies initialized[39m
    [35mcontext[39m: "InstanceLoader"
[16:58:41.524] [32mINFO[39m (16336): [36mTypeOrmModule dependencies initialized[39m
    [35mcontext[39m: "InstanceLoader"
[16:58:41.524] [32mINFO[39m (16336): [36mTypeOrmModule dependencies initialized[39m
    [35mcontext[39m: "InstanceLoader"
[16:58:41.524] [32mINFO[39m (16336): [36mTypeOrmModule dependencies initialized[39m
    [35mcontext[39m: "InstanceLoader"
[16:58:41.524] [32mINFO[39m (16336): [36mTypeOrmModule dependencies initialized[39m
    [35mcontext[39m: "InstanceLoader"
[16:58:41.524] [32mINFO[39m (16336): [36mTypeOrmModule dependencies initialized[39m
    [35mcontext[39m: "InstanceLoader"
[16:58:41.524] [32mINFO[39m (16336): [36mTypeOrmModule dependencies initialized[39m
    [35mcontext[39m: "InstanceLoader"
[16:58:41.524] [32mINFO[39m (16336): [36mTypeOrmModule dependencies initialized[39m
    [35mcontext[39m: "InstanceLoader"
[16:58:41.524] [32mINFO[39m (16336): [36mTypeOrmModule dependencies initialized[39m
    [35mcontext[39m: "InstanceLoader"
[16:58:41.524] [32mINFO[39m (16336): [36mTypeOrmModule dependencies initialized[39m
    [35mcontext[39m: "InstanceLoader"
[16:58:41.524] [32mINFO[39m (16336): [36mTypeOrmModule dependencies initialized[39m
    [35mcontext[39m: "InstanceLoader"
[16:58:41.524] [32mINFO[39m (16336): [36mTypeOrmModule dependencies initialized[39m
    [35mcontext[39m: "InstanceLoader"
[16:58:41.524] [32mINFO[39m (16336): [36mTypeOrmModule dependencies initialized[39m
    [35mcontext[39m: "InstanceLoader"
[16:58:41.524] [32mINFO[39m (16336): [36mAppModule dependencies initialized[39m
    [35mcontext[39m: "InstanceLoader"
[16:58:41.524] [32mINFO[39m (16336): [36mPublicBookingModule dependencies initialized[39m
    [35mcontext[39m: "InstanceLoader"
[16:58:41.524] [32mINFO[39m (16336): [36mPublicModule dependencies initialized[39m
    [35mcontext[39m: "InstanceLoader"
[16:58:41.524] [32mINFO[39m (16336): [36mCloudinaryModule dependencies initialized[39m
    [35mcontext[39m: "InstanceLoader"
[16:58:41.524] [32mINFO[39m (16336): [36mStorageModule dependencies initialized[39m
    [35mcontext[39m: "InstanceLoader"
[16:58:41.524] [32mINFO[39m (16336): [36mHotelFinanceConfigModule dependencies initialized[39m
    [35mcontext[39m: "InstanceLoader"
[16:58:41.524] [32mINFO[39m (16336): [36mFinanceModule dependencies initialized[39m
    [35mcontext[39m: "InstanceLoader"
[16:58:41.524] [32mINFO[39m (16336): [36mAuthModule dependencies initialized[39m
    [35mcontext[39m: "InstanceLoader"
[16:58:41.524] [32mINFO[39m (16336): [36mHotelModule dependencies initialized[39m
    [35mcontext[39m: "InstanceLoader"
[16:58:41.524] [32mINFO[39m (16336): [36mWorkersModule dependencies initialized[39m
    [35mcontext[39m: "InstanceLoader"
[16:58:41.524] [32mINFO[39m (16336): [36mBookingsModule dependencies initialized[39m
    [35mcontext[39m: "InstanceLoader"
[16:58:41.524] [32mINFO[39m (16336): [36mPlatformModule dependencies initialized[39m
    [35mcontext[39m: "InstanceLoader"
[16:58:41.525] [33mWARN[39m (16336): [36mUnsupported route path: "/api/v1/*". In previous versions, the symbols ?, *, and + were used to denote optional or repeating path parameters. The latest version of "path-to-regexp" now requires the use of named parameters. For example, instead of using a route like /users/* to capture all routes starting with "/users", you should use /users/*path. For more details, refer to the migration guide. Attempting to auto-convert...[39m
    [35mcontext[39m: "LegacyRouteConverter"
[16:58:41.525] [33mWARN[39m (16336): [36mUnsupported route path: "/api/v1/*". In previous versions, the symbols ?, *, and + were used to denote optional or repeating path parameters. The latest version of "path-to-regexp" now requires the use of named parameters. For example, instead of using a route like /users/* to capture all routes starting with "/users", you should use /users/*path. For more details, refer to the migration guide. Attempting to auto-convert...[39m
    [35mcontext[39m: "LegacyRouteConverter"
[16:58:41.525] [33mWARN[39m (16336): [36mUnsupported route path: "/api/v1/api/*". In previous versions, the symbols ?, *, and + were used to denote optional or repeating path parameters. The latest version of "path-to-regexp" now requires the use of named parameters. For example, instead of using a route like /users/* to capture all routes starting with "/users", you should use /users/*path. For more details, refer to the migration guide. Attempting to auto-convert...[39m
    [35mcontext[39m: "LegacyRouteConverter"
[16:58:41.525] [33mWARN[39m (16336): [36mUnsupported route path: "/api/v1/api/*". In previous versions, the symbols ?, *, and + were used to denote optional or repeating path parameters. The latest version of "path-to-regexp" now requires the use of named parameters. For example, instead of using a route like /users/* to capture all routes starting with "/users", you should use /users/*path. For more details, refer to the migration guide. Attempting to auto-convert...[39m
    [35mcontext[39m: "LegacyRouteConverter"
[16:58:41.525] [32mINFO[39m (16336): [36mMetricsController {/api/v1/metrics}:[39m
    [35mcontext[39m: "RoutesResolver"
[16:58:41.525] [32mINFO[39m (16336): [36mMapped {/api/v1/metrics, GET} route[39m
    [35mcontext[39m: "RouterExplorer"
[16:58:41.525] [32mINFO[39m (16336): [36mStorageController {/api/v1/hotel/storage}:[39m
    [35mcontext[39m: "RoutesResolver"
[16:58:41.525] [32mINFO[39m (16336): [36mMapped {/api/v1/hotel/storage/presign, POST} route[39m
    [35mcontext[39m: "RouterExplorer"
[16:58:41.525] [32mINFO[39m (16336): [36mMapped {/api/v1/hotel/storage/usage, POST} route[39m
    [35mcontext[39m: "RouterExplorer"
[16:58:41.525] [32mINFO[39m (16336): [36mCloudinaryController {/api/v1/hotel/cloudinary}:[39m
    [35mcontext[39m: "RoutesResolver"
[16:58:41.525] [32mINFO[39m (16336): [36mMapped {/api/v1/hotel/cloudinary/upload, POST} route[39m
    [35mcontext[39m: "RouterExplorer"
[16:58:41.525] [32mINFO[39m (16336): [36mPublicController {/api/v1/public}:[39m
    [35mcontext[39m: "RoutesResolver"
[16:58:41.525] [32mINFO[39m (16336): [36mMapped {/api/v1/public/hotels/by-subdomain/:subdomain, GET} route[39m
    [35mcontext[39m: "RouterExplorer"
[16:58:41.525] [32mINFO[39m (16336): [36mMapped {/api/v1/public/hotels/by-id/:id, GET} route[39m
    [35mcontext[39m: "RouterExplorer"
[16:58:41.525] [32mINFO[39m (16336): [36mMapped {/api/v1/public/auth/register, POST} route[39m
    [35mcontext[39m: "RouterExplorer"
[16:58:41.525] [32mINFO[39m (16336): [36mMapped {/api/v1/public/auth/login, POST} route[39m
    [35mcontext[39m: "RouterExplorer"
[16:58:41.525] [32mINFO[39m (16336): [36mMapped {/api/v1/public/auth/me, GET} route[39m
    [35mcontext[39m: "RouterExplorer"
[16:58:41.525] [32mINFO[39m (16336): [36mMapped {/api/v1/public/auth/bookings, GET} route[39m
    [35mcontext[39m: "RouterExplorer"
[16:58:41.525] [32mINFO[39m (16336): [36mMapped {/api/v1/public/auth/me, PATCH} route[39m
    [35mcontext[39m: "RouterExplorer"
[16:58:41.525] [32mINFO[39m (16336): [36mPublicRoomsController {/api/v1/public}:[39m
    [35mcontext[39m: "RoutesResolver"
[16:58:41.525] [32mINFO[39m (16336): [36mMapped {/api/v1/public/rooms, GET} route[39m
    [35mcontext[39m: "RouterExplorer"
[16:58:41.525] [32mINFO[39m (16336): [36mMapped {/api/v1/public/rooms/availability, GET} route[39m
    [35mcontext[39m: "RouterExplorer"
[16:58:41.525] [32mINFO[39m (16336): [36mMapped {/api/v1/public/rooms/booked-dates, GET} route[39m
    [35mcontext[39m: "RouterExplorer"
[16:58:41.525] [32mINFO[39m (16336): [36mMapped {/api/v1/public/rooms/:id, GET} route[39m
    [35mcontext[39m: "RouterExplorer"
[16:58:41.525] [32mINFO[39m (16336): [36mMapped {/api/v1/public/room-types, GET} route[39m
    [35mcontext[39m: "RouterExplorer"
[16:58:41.525] [32mINFO[39m (16336): [36mPublicReviewsController {/api/v1/public/reviews}:[39m
    [35mcontext[39m: "RoutesResolver"
[16:58:41.525] [32mINFO[39m (16336): [36mMapped {/api/v1/public/reviews/:roomId, GET} route[39m
    [35mcontext[39m: "RouterExplorer"
[16:58:41.525] [32mINFO[39m (16336): [36mMapped {/api/v1/public/reviews, POST} route[39m
    [35mcontext[39m: "RouterExplorer"
[16:58:41.525] [32mINFO[39m (16336): [36mRoomsController {/api/v1/hotel/rooms}:[39m
    [35mcontext[39m: "RoutesResolver"
[16:58:41.525] [32mINFO[39m (16336): [36mMapped {/api/v1/hotel/rooms, GET} route[39m
    [35mcontext[39m: "RouterExplorer"
[16:58:41.525] [32mINFO[39m (16336): [36mMapped {/api/v1/hotel/rooms/availability, GET} route[39m
    [35mcontext[39m: "RouterExplorer"
[16:58:41.525] [32mINFO[39m (16336): [36mMapped {/api/v1/hotel/rooms/summary, GET} route[39m
    [35mcontext[39m: "RouterExplorer"
[16:58:41.525] [32mINFO[39m (16336): [36mMapped {/api/v1/hotel/rooms/booked-dates, GET} route[39m
    [35mcontext[39m: "RouterExplorer"
[16:58:41.525] [32mINFO[39m (16336): [36mMapped {/api/v1/hotel/rooms/:id, GET} route[39m
    [35mcontext[39m: "RouterExplorer"
[16:58:41.525] [32mINFO[39m (16336): [36mMapped {/api/v1/hotel/rooms, POST} route[39m
    [35mcontext[39m: "RouterExplorer"
[16:58:41.525] [32mINFO[39m (16336): [36mMapped {/api/v1/hotel/rooms/:id, PATCH} route[39m
    [35mcontext[39m: "RouterExplorer"
[16:58:41.525] [32mINFO[39m (16336): [36mMapped {/api/v1/hotel/rooms/:id/status, PATCH} route[39m
    [35mcontext[39m: "RouterExplorer"
[16:58:41.525] [32mINFO[39m (16336): [36mMapped {/api/v1/hotel/rooms/:id, DELETE} route[39m
    [35mcontext[39m: "RouterExplorer"
[16:58:41.525] [32mINFO[39m (16336): [36mRoomTypesController {/api/v1/hotel/room-types}:[39m
    [35mcontext[39m: "RoutesResolver"
[16:58:41.526] [32mINFO[39m (16336): [36mMapped {/api/v1/hotel/room-types, GET} route[39m
    [35mcontext[39m: "RouterExplorer"
[16:58:41.526] [32mINFO[39m (16336): [36mMapped {/api/v1/hotel/room-types/:id, GET} route[39m
    [35mcontext[39m: "RouterExplorer"
[16:58:41.526] [32mINFO[39m (16336): [36mMapped {/api/v1/hotel/room-types, POST} route[39m
    [35mcontext[39m: "RouterExplorer"
[16:58:41.526] [32mINFO[39m (16336): [36mMapped {/api/v1/hotel/room-types/:id, PATCH} route[39m
    [35mcontext[39m: "RouterExplorer"
[16:58:41.526] [32mINFO[39m (16336): [36mMapped {/api/v1/hotel/room-types/:id, DELETE} route[39m
    [35mcontext[39m: "RouterExplorer"
[16:58:41.526] [32mINFO[39m (16336): [36mGuestsController {/api/v1/hotel/guests}:[39m
    [35mcontext[39m: "RoutesResolver"
[16:58:41.526] [32mINFO[39m (16336): [36mMapped {/api/v1/hotel/guests, GET} route[39m
    [35mcontext[39m: "RouterExplorer"
[16:58:41.526] [32mINFO[39m (16336): [36mMapped {/api/v1/hotel/guests/:id, GET} route[39m
    [35mcontext[39m: "RouterExplorer"
[16:58:41.526] [32mINFO[39m (16336): [36mMapped {/api/v1/hotel/guests, POST} route[39m
    [35mcontext[39m: "RouterExplorer"
[16:58:41.526] [32mINFO[39m (16336): [36mMapped {/api/v1/hotel/guests/:id, PATCH} route[39m
    [35mcontext[39m: "RouterExplorer"
[16:58:41.526] [32mINFO[39m (16336): [36mMapped {/api/v1/hotel/guests/:id, DELETE} route[39m
    [35mcontext[39m: "RouterExplorer"
[16:58:41.526] [32mINFO[39m (16336): [36mHousekeepingController {/api/v1/hotel/housekeeping}:[39m
    [35mcontext[39m: "RoutesResolver"
[16:58:41.526] [32mINFO[39m (16336): [36mMapped {/api/v1/hotel/housekeeping, GET} route[39m
    [35mcontext[39m: "RouterExplorer"
[16:58:41.526] [32mINFO[39m (16336): [36mMapped {/api/v1/hotel/housekeeping/:id, GET} route[39m
    [35mcontext[39m: "RouterExplorer"
[16:58:41.526] [32mINFO[39m (16336): [36mMapped {/api/v1/hotel/housekeeping, POST} route[39m
    [35mcontext[39m: "RouterExplorer"
[16:58:41.526] [32mINFO[39m (16336): [36mMapped {/api/v1/hotel/housekeeping/:id, PATCH} route[39m
    [35mcontext[39m: "RouterExplorer"
[16:58:41.526] [32mINFO[39m (16336): [36mMapped {/api/v1/hotel/housekeeping/:id/assign, POST} route[39m
    [35mcontext[39m: "RouterExplorer"
[16:58:41.526] [32mINFO[39m (16336): [36mMapped {/api/v1/hotel/housekeeping/:id/complete, POST} route[39m
    [35mcontext[39m: "RouterExplorer"
[16:58:41.526] [32mINFO[39m (16336): [36mMapped {/api/v1/hotel/housekeeping/:id, DELETE} route[39m
    [35mcontext[39m: "RouterExplorer"
[16:58:41.526] [32mINFO[39m (16336): [36mMaintenanceController {/api/v1/hotel/maintenance}:[39m
    [35mcontext[39m: "RoutesResolver"
[16:58:41.526] [32mINFO[39m (16336): [36mMapped {/api/v1/hotel/maintenance/stats, GET} route[39m
    [35mcontext[39m: "RouterExplorer"
[16:58:41.526] [32mINFO[39m (16336): [36mMapped {/api/v1/hotel/maintenance, GET} route[39m
    [35mcontext[39m: "RouterExplorer"
[16:58:41.526] [32mINFO[39m (16336): [36mMapped {/api/v1/hotel/maintenance/:id, GET} route[39m
    [35mcontext[39m: "RouterExplorer"
[16:58:41.526] [32mINFO[39m (16336): [36mMapped {/api/v1/hotel/maintenance, POST} route[39m
    [35mcontext[39m: "RouterExplorer"
[16:58:41.526] [32mINFO[39m (16336): [36mMapped {/api/v1/hotel/maintenance/:id, PATCH} route[39m
    [35mcontext[39m: "RouterExplorer"
[16:58:41.526] [32mINFO[39m (16336): [36mMapped {/api/v1/hotel/maintenance/:id/assign, POST} route[39m
    [35mcontext[39m: "RouterExplorer"
[16:58:41.526] [32mINFO[39m (16336): [36mMapped {/api/v1/hotel/maintenance/:id/resolve, POST} route[39m
    [35mcontext[39m: "RouterExplorer"
[16:58:41.526] [32mINFO[39m (16336): [36mMapped {/api/v1/hotel/maintenance/:id, DELETE} route[39m
    [35mcontext[39m: "RouterExplorer"
[16:58:41.526] [32mINFO[39m (16336): [36mStaffController {/api/v1/hotel/staff}:[39m
    [35mcontext[39m: "RoutesResolver"
[16:58:41.526] [32mINFO[39m (16336): [36mMapped {/api/v1/hotel/staff, GET} route[39m
    [35mcontext[39m: "RouterExplorer"
[16:58:41.526] [32mINFO[39m (16336): [36mMapped {/api/v1/hotel/staff/:id, GET} route[39m
    [35mcontext[39m: "RouterExplorer"
[16:58:41.526] [32mINFO[39m (16336): [36mMapped {/api/v1/hotel/staff, POST} route[39m
    [35mcontext[39m: "RouterExplorer"
[16:58:41.526] [32mINFO[39m (16336): [36mMapped {/api/v1/hotel/staff/:id, PATCH} route[39m
    [35mcontext[39m: "RouterExplorer"
[16:58:41.526] [32mINFO[39m (16336): [36mMapped {/api/v1/hotel/staff/:id, DELETE} route[39m
    [35mcontext[39m: "RouterExplorer"
[16:58:41.526] [32mINFO[39m (16336): [36mShiftsController {/api/v1/hotel/shifts}:[39m
    [35mcontext[39m: "RoutesResolver"
[16:58:41.526] [32mINFO[39m (16336): [36mMapped {/api/v1/hotel/shifts, GET} route[39m
    [35mcontext[39m: "RouterExplorer"
[16:58:41.526] [32mINFO[39m (16336): [36mMapped {/api/v1/hotel/shifts/:id, GET} route[39m
    [35mcontext[39m: "RouterExplorer"
[16:58:41.526] [32mINFO[39m (16336): [36mMapped {/api/v1/hotel/shifts, POST} route[39m
    [35mcontext[39m: "RouterExplorer"
[16:58:41.526] [32mINFO[39m (16336): [36mMapped {/api/v1/hotel/shifts/:id, PATCH} route[39m
    [35mcontext[39m: "RouterExplorer"
[16:58:41.526] [32mINFO[39m (16336): [36mMapped {/api/v1/hotel/shifts/:id/check-in, POST} route[39m
    [35mcontext[39m: "RouterExplorer"
[16:58:41.526] [32mINFO[39m (16336): [36mMapped {/api/v1/hotel/shifts/:id/check-out, POST} route[39m
    [35mcontext[39m: "RouterExplorer"
[16:58:41.526] [32mINFO[39m (16336): [36mMapped {/api/v1/hotel/shifts/:id/cancel, POST} route[39m
    [35mcontext[39m: "RouterExplorer"
[16:58:41.526] [32mINFO[39m (16336): [36mInvoicesController {/api/v1/hotel/invoices}:[39m
    [35mcontext[39m: "RoutesResolver"
[16:58:41.526] [32mINFO[39m (16336): [36mMapped {/api/v1/hotel/invoices, GET} route[39m
    [35mcontext[39m: "RouterExplorer"
[16:58:41.526] [32mINFO[39m (16336): [36mMapped {/api/v1/hotel/invoices/:id, GET} route[39m
    [35mcontext[39m: "RouterExplorer"
[16:58:41.526] [32mINFO[39m (16336): [36mMapped {/api/v1/hotel/invoices/:id/issue, POST} route[39m
    [35mcontext[39m: "RouterExplorer"
[16:58:41.526] [32mINFO[39m (16336): [36mMapped {/api/v1/hotel/invoices/:id/void, POST} route[39m
    [35mcontext[39m: "RouterExplorer"
[16:58:41.526] [32mINFO[39m (16336): [36mPaymentsController {/api/v1/hotel/payments}:[39m
    [35mcontext[39m: "RoutesResolver"
[16:58:41.526] [32mINFO[39m (16336): [36mMapped {/api/v1/hotel/payments, GET} route[39m
    [35mcontext[39m: "RouterExplorer"
[16:58:41.526] [32mINFO[39m (16336): [36mMapped {/api/v1/hotel/payments/:id, GET} route[39m
    [35mcontext[39m: "RouterExplorer"
[16:58:41.526] [32mINFO[39m (16336): [36mMapped {/api/v1/hotel/payments, POST} route[39m
    [35mcontext[39m: "RouterExplorer"
[16:58:41.526] [32mINFO[39m (16336): [36mMapped {/api/v1/hotel/payments/:id/refund, POST} route[39m
    [35mcontext[39m: "RouterExplorer"
[16:58:41.526] [32mINFO[39m (16336): [36mMapped {/api/v1/hotel/payments/:id/refunds, GET} route[39m
    [35mcontext[39m: "RouterExplorer"
[16:58:41.527] [32mINFO[39m (16336): [36mDashboardController {/api/v1/platform/dashboard}:[39m
    [35mcontext[39m: "RoutesResolver"
[16:58:41.527] [32mINFO[39m (16336): [36mMapped {/api/v1/platform/dashboard, GET} route[39m
    [35mcontext[39m: "RouterExplorer"
[16:58:41.527] [32mINFO[39m (16336): [36mHotelOwnerDashboardController {/api/v1/hotel/dashboard}:[39m
    [35mcontext[39m: "RoutesResolver"
[16:58:41.527] [32mINFO[39m (16336): [36mMapped {/api/v1/hotel/dashboard, GET} route[39m
    [35mcontext[39m: "RouterExplorer"
[16:58:41.527] [32mINFO[39m (16336): [36mHotelManagementController {/api/v1/hotel/owner/hotels}:[39m
    [35mcontext[39m: "RoutesResolver"
[16:58:41.527] [32mINFO[39m (16336): [36mMapped {/api/v1/hotel/owner/hotels, GET} route[39m
    [35mcontext[39m: "RouterExplorer"
[16:58:41.527] [32mINFO[39m (16336): [36mMapped {/api/v1/hotel/owner/hotels/:id, GET} route[39m
    [35mcontext[39m: "RouterExplorer"
[16:58:41.527] [32mINFO[39m (16336): [36mMapped {/api/v1/hotel/owner/hotels, POST} route[39m
    [35mcontext[39m: "RouterExplorer"
[16:58:41.527] [32mINFO[39m (16336): [36mMapped {/api/v1/hotel/owner/hotels/:id, PATCH} route[39m
    [35mcontext[39m: "RouterExplorer"
[16:58:41.527] [32mINFO[39m (16336): [36mMapped {/api/v1/hotel/owner/hotels/:id/activate, PATCH} route[39m
    [35mcontext[39m: "RouterExplorer"
[16:58:41.527] [32mINFO[39m (16336): [36mMapped {/api/v1/hotel/owner/hotels/:id/branding, POST} route[39m
    [35mcontext[39m: "RouterExplorer"
[16:58:41.527] [32mINFO[39m (16336): [36mHotelManagementExtendedController {/api/v1/hotel/owner/hotels}:[39m
    [35mcontext[39m: "RoutesResolver"
[16:58:41.527] [32mINFO[39m (16336): [36mMapped {/api/v1/hotel/owner/hotels/:id/info, PATCH} route[39m
    [35mcontext[39m: "RouterExplorer"
[16:58:41.527] [32mINFO[39m (16336): [36mMapped {/api/v1/hotel/owner/hotels/:id/settings, PATCH} route[39m
    [35mcontext[39m: "RouterExplorer"
[16:58:41.527] [32mINFO[39m (16336): [36mMapped {/api/v1/hotel/owner/hotels/:id/timezone-currency-taxes, PATCH} route[39m
    [35mcontext[39m: "RouterExplorer"
[16:58:41.527] [32mINFO[39m (16336): [36mMapped {/api/v1/hotel/owner/hotels/:id/subscription, PATCH} route[39m
    [35mcontext[39m: "RouterExplorer"
[16:58:41.527] [32mINFO[39m (16336): [36mMapped {/api/v1/hotel/owner/hotels/:id/performance, GET} route[39m
    [35mcontext[39m: "RouterExplorer"
[16:58:41.527] [32mINFO[39m (16336): [36mMapped {/api/v1/hotel/owner/hotels/:id/booking-policies, PATCH} route[39m
    [35mcontext[39m: "RouterExplorer"
[16:58:41.527] [32mINFO[39m (16336): [36mMapped {/api/v1/hotel/owner/hotels/:id/admins, POST} route[39m
    [35mcontext[39m: "RouterExplorer"
[16:58:41.527] [32mINFO[39m (16336): [36mMapped {/api/v1/hotel/owner/hotels/:id/modules, PATCH} route[39m
    [35mcontext[39m: "RouterExplorer"
[16:58:41.527] [32mINFO[39m (16336): [36mMapped {/api/v1/hotel/owner/hotels/:id/audit-logs, GET} route[39m
    [35mcontext[39m: "RouterExplorer"
[16:58:41.527] [32mINFO[39m (16336): [36mMapped {/api/v1/hotel/owner/hotels/:id/notifications, PATCH} route[39m
    [35mcontext[39m: "RouterExplorer"
[16:58:41.527] [32mINFO[39m (16336): [36mMapped {/api/v1/hotel/owner/hotels/:id/payment-methods, PATCH} route[39m
    [35mcontext[39m: "RouterExplorer"
[16:58:41.527] [32mINFO[39m (16336): [36mMapped {/api/v1/hotel/owner/hotels/:id/cancellation-policy, PATCH} route[39m
    [35mcontext[39m: "RouterExplorer"
[16:58:41.527] [32mINFO[39m (16336): [36mHotelOwnerStaffController {/api/v1/hotel/owner/staff}:[39m
    [35mcontext[39m: "RoutesResolver"
[16:58:41.527] [32mINFO[39m (16336): [36mMapped {/api/v1/hotel/owner/staff, GET} route[39m
    [35mcontext[39m: "RouterExplorer"
[16:58:41.527] [32mINFO[39m (16336): [36mMapped {/api/v1/hotel/owner/staff/roles, GET} route[39m
    [35mcontext[39m: "RouterExplorer"
[16:58:41.527] [32mINFO[39m (16336): [36mMapped {/api/v1/hotel/owner/staff/summary, GET} route[39m
    [35mcontext[39m: "RouterExplorer"
[16:58:41.527] [32mINFO[39m (16336): [36mMapped {/api/v1/hotel/owner/staff/invite, POST} route[39m
    [35mcontext[39m: "RouterExplorer"
[16:58:41.527] [32mINFO[39m (16336): [36mMapped {/api/v1/hotel/owner/staff/:id/role, PATCH} route[39m
    [35mcontext[39m: "RouterExplorer"
[16:58:41.527] [32mINFO[39m (16336): [36mMapped {/api/v1/hotel/owner/staff/:id/status, PATCH} route[39m
    [35mcontext[39m: "RouterExplorer"
[16:58:41.527] [32mINFO[39m (16336): [36mMapped {/api/v1/hotel/owner/staff/:id, DELETE} route[39m
    [35mcontext[39m: "RouterExplorer"
[16:58:41.527] [32mINFO[39m (16336): [36mHotelOwnerReportsController {/api/v1/hotel/reports}:[39m
    [35mcontext[39m: "RoutesResolver"
[16:58:41.527] [32mINFO[39m (16336): [36mMapped {/api/v1/hotel/reports, GET} route[39m
    [35mcontext[39m: "RouterExplorer"
[16:58:41.527] [32mINFO[39m (16336): [36mPricingController {/api/v1/hotel/pricing}:[39m
    [35mcontext[39m: "RoutesResolver"
[16:58:41.527] [32mINFO[39m (16336): [36mMapped {/api/v1/hotel/pricing/overrides, GET} route[39m
    [35mcontext[39m: "RouterExplorer"
[16:58:41.527] [32mINFO[39m (16336): [36mMapped {/api/v1/hotel/pricing/overrides, POST} route[39m
    [35mcontext[39m: "RouterExplorer"
[16:58:41.527] [32mINFO[39m (16336): [36mMapped {/api/v1/hotel/pricing/overrides/:id, PATCH} route[39m
    [35mcontext[39m: "RouterExplorer"
[16:58:41.527] [32mINFO[39m (16336): [36mMapped {/api/v1/hotel/pricing/overrides/:id, DELETE} route[39m
    [35mcontext[39m: "RouterExplorer"
[16:58:41.527] [32mINFO[39m (16336): [36mMapped {/api/v1/hotel/pricing/promotions, GET} route[39m
    [35mcontext[39m: "RouterExplorer"
[16:58:41.527] [32mINFO[39m (16336): [36mMapped {/api/v1/hotel/pricing/promotions, POST} route[39m
    [35mcontext[39m: "RouterExplorer"
[16:58:41.527] [32mINFO[39m (16336): [36mMapped {/api/v1/hotel/pricing/promotions/:id, PATCH} route[39m
    [35mcontext[39m: "RouterExplorer"
[16:58:41.527] [32mINFO[39m (16336): [36mMapped {/api/v1/hotel/pricing/promotions/:id, DELETE} route[39m
    [35mcontext[39m: "RouterExplorer"
[16:58:41.527] [32mINFO[39m (16336): [36mMapped {/api/v1/hotel/pricing/seasonal-rates, GET} route[39m
    [35mcontext[39m: "RouterExplorer"
[16:58:41.527] [32mINFO[39m (16336): [36mMapped {/api/v1/hotel/pricing/seasonal-rates, POST} route[39m
    [35mcontext[39m: "RouterExplorer"
[16:58:41.527] [32mINFO[39m (16336): [36mMapped {/api/v1/hotel/pricing/seasonal-rates/:id, PATCH} route[39m
    [35mcontext[39m: "RouterExplorer"
[16:58:41.527] [32mINFO[39m (16336): [36mMapped {/api/v1/hotel/pricing/seasonal-rates/:id, DELETE} route[39m
    [35mcontext[39m: "RouterExplorer"
[16:58:41.527] [32mINFO[39m (16336): [36mMapped {/api/v1/hotel/pricing/rate-plans, GET} route[39m
    [35mcontext[39m: "RouterExplorer"
[16:58:41.527] [32mINFO[39m (16336): [36mMapped {/api/v1/hotel/pricing/rate-plans, POST} route[39m
    [35mcontext[39m: "RouterExplorer"
[16:58:41.527] [32mINFO[39m (16336): [36mMapped {/api/v1/hotel/pricing/rate-plans/:id, PATCH} route[39m
    [35mcontext[39m: "RouterExplorer"
[16:58:41.527] [32mINFO[39m (16336): [36mMapped {/api/v1/hotel/pricing/rate-plans/:id, DELETE} route[39m
    [35mcontext[39m: "RouterExplorer"
[16:58:41.527] [32mINFO[39m (16336): [36mNotificationsController {/api/v1/notifications}:[39m
    [35mcontext[39m: "RoutesResolver"
[16:58:41.527] [32mINFO[39m (16336): [36mMapped {/api/v1/notifications, GET} route[39m
    [35mcontext[39m: "RouterExplorer"
[16:58:41.527] [32mINFO[39m (16336): [36mMapped {/api/v1/notifications/unread-count, GET} route[39m
    [35mcontext[39m: "RouterExplorer"
[16:58:41.527] [32mINFO[39m (16336): [36mMapped {/api/v1/notifications/:id/read, PATCH} route[39m
    [35mcontext[39m: "RouterExplorer"
[16:58:41.527] [32mINFO[39m (16336): [36mMapped {/api/v1/notifications/read-all, PATCH} route[39m
    [35mcontext[39m: "RouterExplorer"
[16:58:41.527] [32mINFO[39m (16336): [36mPublicBookingController {/api/v1/public/bookings}:[39m
    [35mcontext[39m: "RoutesResolver"
[16:58:41.527] [32mINFO[39m (16336): [36mMapped {/api/v1/public/bookings, POST} route[39m
    [35mcontext[39m: "RouterExplorer"
[16:58:41.527] [32mINFO[39m (16336): [36mMapped {/api/v1/public/bookings/:id/return/:hotelId, GET} route[39m
    [35mcontext[39m: "RouterExplorer"
[16:58:41.527] [32mINFO[39m (16336): [36mMapped {/api/v1/public/bookings/webhook, GET} route[39m
    [35mcontext[39m: "RouterExplorer"
[16:58:41.527] [32mINFO[39m (16336): [36mMapped {/api/v1/public/bookings/webhook, POST} route[39m
    [35mcontext[39m: "RouterExplorer"
[16:58:41.527] [32mINFO[39m (16336): [36mMapped {/api/v1/public/bookings/:id, GET} route[39m
    [35mcontext[39m: "RouterExplorer"
[16:58:41.527] [32mINFO[39m (16336): [36mAuthController {/api/v1/auth}:[39m
    [35mcontext[39m: "RoutesResolver"
[16:58:41.527] [32mINFO[39m (16336): [36mMapped {/api/v1/auth/login, POST} route[39m
    [35mcontext[39m: "RouterExplorer"
[16:58:41.527] [32mINFO[39m (16336): [36mMapped {/api/v1/auth/setup-2fa, POST} route[39m
    [35mcontext[39m: "RouterExplorer"
[16:58:41.527] [32mINFO[39m (16336): [36mMapped {/api/v1/auth/activate-2fa, POST} route[39m
    [35mcontext[39m: "RouterExplorer"
[16:58:41.527] [32mINFO[39m (16336): [36mMapped {/api/v1/auth/verify-2fa, POST} route[39m
    [35mcontext[39m: "RouterExplorer"
[16:58:41.527] [32mINFO[39m (16336): [36mMapped {/api/v1/auth/impersonate, POST} route[39m
    [35mcontext[39m: "RouterExplorer"
[16:58:41.527] [32mINFO[39m (16336): [36mMapped {/api/v1/auth/refresh, POST} route[39m
    [35mcontext[39m: "RouterExplorer"
[16:58:41.527] [32mINFO[39m (16336): [36mMapped {/api/v1/auth/logout, POST} route[39m
    [35mcontext[39m: "RouterExplorer"
[16:58:41.527] [32mINFO[39m (16336): [36mMapped {/api/v1/auth/change-password, POST} route[39m
    [35mcontext[39m: "RouterExplorer"
[16:58:41.527] [32mINFO[39m (16336): [36mMapped {/api/v1/auth/profile, PATCH} route[39m
    [35mcontext[39m: "RouterExplorer"
[16:58:41.527] [32mINFO[39m (16336): [36mBookingsController {/api/v1/hotel/bookings}:[39m
    [35mcontext[39m: "RoutesResolver"
[16:58:41.527] [32mINFO[39m (16336): [36mMapped {/api/v1/hotel/bookings, GET} route[39m
    [35mcontext[39m: "RouterExplorer"
[16:58:41.527] [32mINFO[39m (16336): [36mMapped {/api/v1/hotel/bookings/calculate-price, POST} route[39m
    [35mcontext[39m: "RouterExplorer"
[16:58:41.527] [32mINFO[39m (16336): [36mMapped {/api/v1/hotel/bookings/:id, GET} route[39m
    [35mcontext[39m: "RouterExplorer"
[16:58:41.527] [32mINFO[39m (16336): [36mMapped {/api/v1/hotel/bookings, POST} route[39m
    [35mcontext[39m: "RouterExplorer"
[16:58:41.527] [32mINFO[39m (16336): [36mMapped {/api/v1/hotel/bookings/:id/confirm, POST} route[39m
    [35mcontext[39m: "RouterExplorer"
[16:58:41.527] [32mINFO[39m (16336): [36mMapped {/api/v1/hotel/bookings/:id/cancel, POST} route[39m
    [35mcontext[39m: "RouterExplorer"
[16:58:41.528] [32mINFO[39m (16336): [36mMapped {/api/v1/hotel/bookings/:id/checkin, POST} route[39m
    [35mcontext[39m: "RouterExplorer"
[16:58:41.528] [32mINFO[39m (16336): [36mMapped {/api/v1/hotel/bookings/:id/checkout, POST} route[39m
    [35mcontext[39m: "RouterExplorer"
[16:58:41.528] [32mINFO[39m (16336): [36mMapped {/api/v1/hotel/bookings/:id, PATCH} route[39m
    [35mcontext[39m: "RouterExplorer"
[16:58:41.528] [32mINFO[39m (16336): [36mMapped {/api/v1/hotel/bookings/:id/status, PATCH} route[39m
    [35mcontext[39m: "RouterExplorer"
[16:58:41.528] [32mINFO[39m (16336): [36mPaymentsController {/api/v1/finance/payments}:[39m
    [35mcontext[39m: "RoutesResolver"
[16:58:41.528] [32mINFO[39m (16336): [36mMapped {/api/v1/finance/payments, GET} route[39m
    [35mcontext[39m: "RouterExplorer"
[16:58:41.528] [32mINFO[39m (16336): [36mMapped {/api/v1/finance/payments/:id, GET} route[39m
    [35mcontext[39m: "RouterExplorer"
[16:58:41.528] [32mINFO[39m (16336): [36mMapped {/api/v1/finance/payments, POST} route[39m
    [35mcontext[39m: "RouterExplorer"
[16:58:41.528] [32mINFO[39m (16336): [36mMapped {/api/v1/finance/payments/by-invoice/:invoiceId, GET} route[39m
    [35mcontext[39m: "RouterExplorer"
[16:58:41.528] [32mINFO[39m (16336): [36mMapped {/api/v1/finance/payments/by-booking/:bookingId, GET} route[39m
    [35mcontext[39m: "RouterExplorer"
[16:58:41.528] [32mINFO[39m (16336): [36mRefundsController {/api/v1/finance/refunds}:[39m
    [35mcontext[39m: "RoutesResolver"
[16:58:41.528] [32mINFO[39m (16336): [36mMapped {/api/v1/finance/refunds, GET} route[39m
    [35mcontext[39m: "RouterExplorer"
[16:58:41.528] [32mINFO[39m (16336): [36mMapped {/api/v1/finance/refunds/:id, GET} route[39m
    [35mcontext[39m: "RouterExplorer"
[16:58:41.528] [32mINFO[39m (16336): [36mMapped {/api/v1/finance/refunds, POST} route[39m
    [35mcontext[39m: "RouterExplorer"
[16:58:41.528] [32mINFO[39m (16336): [36mMapped {/api/v1/finance/refunds/by-payment/:paymentId, GET} route[39m
    [35mcontext[39m: "RouterExplorer"
[16:58:41.528] [32mINFO[39m (16336): [36mMapped {/api/v1/finance/refunds/by-booking/:bookingId, GET} route[39m
    [35mcontext[39m: "RouterExplorer"
[16:58:41.528] [32mINFO[39m (16336): [36mInvoicesController {/api/v1/finance/invoices}:[39m
    [35mcontext[39m: "RoutesResolver"
[16:58:41.528] [32mINFO[39m (16336): [36mMapped {/api/v1/finance/invoices, GET} route[39m
    [35mcontext[39m: "RouterExplorer"
[16:58:41.528] [32mINFO[39m (16336): [36mMapped {/api/v1/finance/invoices/:id, GET} route[39m
    [35mcontext[39m: "RouterExplorer"
[16:58:41.528] [32mINFO[39m (16336): [36mMapped {/api/v1/finance/invoices, POST} route[39m
    [35mcontext[39m: "RouterExplorer"
[16:58:41.528] [32mINFO[39m (16336): [36mMapped {/api/v1/finance/invoices/:id/issue, POST} route[39m
    [35mcontext[39m: "RouterExplorer"
[16:58:41.528] [32mINFO[39m (16336): [36mMapped {/api/v1/finance/invoices/:id/paid, POST} route[39m
    [35mcontext[39m: "RouterExplorer"
[16:58:41.528] [32mINFO[39m (16336): [36mMapped {/api/v1/finance/invoices/:id/overdue, POST} route[39m
    [35mcontext[39m: "RouterExplorer"
[16:58:41.528] [32mINFO[39m (16336): [36mMapped {/api/v1/finance/invoices/:id/void, POST} route[39m
    [35mcontext[39m: "RouterExplorer"
[16:58:41.528] [32mINFO[39m (16336): [36mLedgerController {/api/v1/finance/ledger}:[39m
    [35mcontext[39m: "RoutesResolver"
[16:58:41.528] [32mINFO[39m (16336): [36mMapped {/api/v1/finance/ledger, GET} route[39m
    [35mcontext[39m: "RouterExplorer"
[16:58:41.528] [32mINFO[39m (16336): [36mMapped {/api/v1/finance/ledger/trial-balance, GET} route[39m
    [35mcontext[39m: "RouterExplorer"
[16:58:41.528] [32mINFO[39m (16336): [36mMapped {/api/v1/finance/ledger/balance/:accountId, GET} route[39m
    [35mcontext[39m: "RouterExplorer"
[16:58:41.528] [32mINFO[39m (16336): [36mMapped {/api/v1/finance/ledger/:id, GET} route[39m
    [35mcontext[39m: "RouterExplorer"
[16:58:41.528] [32mINFO[39m (16336): [36mMapped {/api/v1/finance/ledger, POST} route[39m
    [35mcontext[39m: "RouterExplorer"
[16:58:41.528] [32mINFO[39m (16336): [36mTaxRulesController {/api/v1/finance/tax-rules}:[39m
    [35mcontext[39m: "RoutesResolver"
[16:58:41.528] [32mINFO[39m (16336): [36mMapped {/api/v1/finance/tax-rules, GET} route[39m
    [35mcontext[39m: "RouterExplorer"
[16:58:41.528] [32mINFO[39m (16336): [36mMapped {/api/v1/finance/tax-rules/:id, GET} route[39m
    [35mcontext[39m: "RouterExplorer"
[16:58:41.528] [32mINFO[39m (16336): [36mMapped {/api/v1/finance/tax-rules, POST} route[39m
    [35mcontext[39m: "RouterExplorer"
[16:58:41.528] [32mINFO[39m (16336): [36mMapped {/api/v1/finance/tax-rules/:id, PATCH} route[39m
    [35mcontext[39m: "RouterExplorer"
[16:58:41.528] [32mINFO[39m (16336): [36mMapped {/api/v1/finance/tax-rules/:id, DELETE} route[39m
    [35mcontext[39m: "RouterExplorer"
[16:58:41.528] [32mINFO[39m (16336): [36mPlatformHotelsController {/api/v1/platform/hotels}:[39m
    [35mcontext[39m: "RoutesResolver"
[16:58:41.528] [32mINFO[39m (16336): [36mMapped {/api/v1/platform/hotels, GET} route[39m
    [35mcontext[39m: "RouterExplorer"
[16:58:41.528] [32mINFO[39m (16336): [36mMapped {/api/v1/platform/hotels, POST} route[39m
    [35mcontext[39m: "RouterExplorer"
[16:58:41.528] [32mINFO[39m (16336): [36mMapped {/api/v1/platform/hotels/:id, GET} route[39m
    [35mcontext[39m: "RouterExplorer"
[16:58:41.528] [32mINFO[39m (16336): [36mMapped {/api/v1/platform/hotels/:id, PATCH} route[39m
    [35mcontext[39m: "RouterExplorer"
[16:58:41.528] [32mINFO[39m (16336): [36mMapped {/api/v1/platform/hotels/:id/branding, PATCH} route[39m
    [35mcontext[39m: "RouterExplorer"
[16:58:41.528] [32mINFO[39m (16336): [36mMapped {/api/v1/platform/hotels/:id/reprovision-schema, POST} route[39m
    [35mcontext[39m: "RouterExplorer"
[16:58:41.528] [32mINFO[39m (16336): [36mMapped {/api/v1/platform/hotels/:id, DELETE} route[39m
    [35mcontext[39m: "RouterExplorer"
[16:58:41.528] [32mINFO[39m (16336): [36mMapped {/api/v1/platform/hotels/:id/features, GET} route[39m
    [35mcontext[39m: "RouterExplorer"
[16:58:41.528] [32mINFO[39m (16336): [36mMapped {/api/v1/platform/hotels/:id/features/:featureId/toggle, POST} route[39m
    [35mcontext[39m: "RouterExplorer"
[16:58:41.528] [32mINFO[39m (16336): [36mMapped {/api/v1/platform/hotels/staff, GET} route[39m
    [35mcontext[39m: "RouterExplorer"
[16:58:41.528] [32mINFO[39m (16336): [36mMapped {/api/v1/platform/hotels/staff, POST} route[39m
    [35mcontext[39m: "RouterExplorer"
[16:58:41.528] [32mINFO[39m (16336): [36mPlatformAnalyticsController {/api/v1/platform/analytics}:[39m
    [35mcontext[39m: "RoutesResolver"
[16:58:41.528] [32mINFO[39m (16336): [36mMapped {/api/v1/platform/analytics/global, GET} route[39m
    [35mcontext[39m: "RouterExplorer"
[16:58:41.528] [32mINFO[39m (16336): [36mMapped {/api/v1/platform/analytics/kpis, GET} route[39m
    [35mcontext[39m: "RouterExplorer"
[16:58:41.528] [32mINFO[39m (16336): [36mMapped {/api/v1/platform/analytics/revenue-chart, GET} route[39m
    [35mcontext[39m: "RouterExplorer"
[16:58:41.528] [32mINFO[39m (16336): [36mMapped {/api/v1/platform/analytics/hotels-by-tier, GET} route[39m
    [35mcontext[39m: "RouterExplorer"
[16:58:41.528] [32mINFO[39m (16336): [36mMapped {/api/v1/platform/analytics/revenue-summary, GET} route[39m
    [35mcontext[39m: "RouterExplorer"
[16:58:41.528] [32mINFO[39m (16336): [36mMapped {/api/v1/platform/analytics/billing-report, GET} route[39m
    [35mcontext[39m: "RouterExplorer"
[16:58:41.528] [32mINFO[39m (16336): [36mMapped {/api/v1/platform/analytics/audit-logs, GET} route[39m
    [35mcontext[39m: "RouterExplorer"
[16:58:41.528] [32mINFO[39m (16336): [36mMapped {/api/v1/platform/analytics/mrr, GET} route[39m
    [35mcontext[39m: "RouterExplorer"
[16:58:41.528] [32mINFO[39m (16336): [36mMapped {/api/v1/platform/analytics/churn, GET} route[39m
    [35mcontext[39m: "RouterExplorer"
[16:58:41.528] [32mINFO[39m (16336): [36mMapped {/api/v1/platform/analytics/financial-report, GET} route[39m
    [35mcontext[39m: "RouterExplorer"
[16:58:41.528] [32mINFO[39m (16336): [36mMapped {/api/v1/platform/analytics/projections, GET} route[39m
    [35mcontext[39m: "RouterExplorer"
[16:58:41.528] [32mINFO[39m (16336): [36mPlatformSubscriptionsController {/api/v1/platform/subscriptions}:[39m
    [35mcontext[39m: "RoutesResolver"
[16:58:41.528] [32mINFO[39m (16336): [36mMapped {/api/v1/platform/subscriptions, GET} route[39m
    [35mcontext[39m: "RouterExplorer"
[16:58:41.528] [32mINFO[39m (16336): [36mMapped {/api/v1/platform/subscriptions/plans, GET} route[39m
    [35mcontext[39m: "RouterExplorer"
[16:58:41.528] [32mINFO[39m (16336): [36mMapped {/api/v1/platform/subscriptions/top, GET} route[39m
    [35mcontext[39m: "RouterExplorer"
[16:58:41.528] [32mINFO[39m (16336): [36mMapped {/api/v1/platform/subscriptions/:id, GET} route[39m
    [35mcontext[39m: "RouterExplorer"
[16:58:41.528] [32mINFO[39m (16336): [36mMapped {/api/v1/platform/subscriptions, POST} route[39m
    [35mcontext[39m: "RouterExplorer"
[16:58:41.528] [32mINFO[39m (16336): [36mMapped {/api/v1/platform/subscriptions/:id, PATCH} route[39m
    [35mcontext[39m: "RouterExplorer"
[16:58:41.528] [32mINFO[39m (16336): [36mMapped {/api/v1/platform/subscriptions/:id, DELETE} route[39m
    [35mcontext[39m: "RouterExplorer"
[16:58:41.528] [32mINFO[39m (16336): [36mMapped {/api/v1/platform/subscriptions/:id/cancel, POST} route[39m
    [35mcontext[39m: "RouterExplorer"
[16:58:41.528] [32mINFO[39m (16336): [36mPlatformFeatureFlagsController {/api/v1/platform/feature-flags}:[39m
    [35mcontext[39m: "RoutesResolver"
[16:58:41.528] [32mINFO[39m (16336): [36mMapped {/api/v1/platform/feature-flags, GET} route[39m
    [35mcontext[39m: "RouterExplorer"
[16:58:41.528] [32mINFO[39m (16336): [36mMapped {/api/v1/platform/feature-flags/rollout-summary, GET} route[39m
    [35mcontext[39m: "RouterExplorer"
[16:58:41.529] [32mINFO[39m (16336): [36mMapped {/api/v1/platform/feature-flags/:id, GET} route[39m
    [35mcontext[39m: "RouterExplorer"
[16:58:41.529] [32mINFO[39m (16336): [36mMapped {/api/v1/platform/feature-flags, POST} route[39m
    [35mcontext[39m: "RouterExplorer"
[16:58:41.529] [32mINFO[39m (16336): [36mMapped {/api/v1/platform/feature-flags/:id, PATCH} route[39m
    [35mcontext[39m: "RouterExplorer"
[16:58:41.529] [32mINFO[39m (16336): [36mMapped {/api/v1/platform/feature-flags/:id, DELETE} route[39m
    [35mcontext[39m: "RouterExplorer"
[16:58:41.529] [32mINFO[39m (16336): [36mMapped {/api/v1/platform/feature-flags/:id/toggle, POST} route[39m
    [35mcontext[39m: "RouterExplorer"
[16:58:41.529] [32mINFO[39m (16336): [36mMapped {/api/v1/platform/feature-flags/evaluate, POST} route[39m
    [35mcontext[39m: "RouterExplorer"
[16:58:41.529] [32mINFO[39m (16336): [36mMapped {/api/v1/platform/feature-flags/evaluate-variant, POST} route[39m
    [35mcontext[39m: "RouterExplorer"
[16:58:41.529] [32mINFO[39m (16336): [36mPlatformSettingsController {/api/v1/platform/settings}:[39m
    [35mcontext[39m: "RoutesResolver"
[16:58:41.529] [32mINFO[39m (16336): [36mMapped {/api/v1/platform/settings, GET} route[39m
    [35mcontext[39m: "RouterExplorer"
[16:58:41.529] [32mINFO[39m (16336): [36mMapped {/api/v1/platform/settings, POST} route[39m
    [35mcontext[39m: "RouterExplorer"
[16:58:41.529] [32mINFO[39m (16336): [36mMapped {/api/v1/platform/settings/:key, DELETE} route[39m
    [35mcontext[39m: "RouterExplorer"
[16:58:41.529] [32mINFO[39m (16336): [36mPlatformMonitoringController {/api/v1/platform/monitoring}:[39m
    [35mcontext[39m: "RoutesResolver"
[16:58:41.529] [32mINFO[39m (16336): [36mMapped {/api/v1/platform/monitoring/health, GET} route[39m
    [35mcontext[39m: "RouterExplorer"
[16:58:41.529] [32mINFO[39m (16336): [36mMapped {/api/v1/platform/monitoring/health/detailed, GET} route[39m
    [35mcontext[39m: "RouterExplorer"
[16:58:41.529] [32mINFO[39m (16336): [36mMapped {/api/v1/platform/monitoring/system, GET} route[39m
    [35mcontext[39m: "RouterExplorer"
[16:58:41.529] [32mINFO[39m (16336): [36mMapped {/api/v1/platform/monitoring/metrics, GET} route[39m
    [35mcontext[39m: "RouterExplorer"
[16:58:41.529] [32mINFO[39m (16336): [36mMapped {/api/v1/platform/monitoring/uptime, GET} route[39m
    [35mcontext[39m: "RouterExplorer"
[16:58:41.529] [32mINFO[39m (16336): [36mMapped {/api/v1/platform/monitoring/uptime/summary, GET} route[39m
    [35mcontext[39m: "RouterExplorer"
[16:58:41.529] [32mINFO[39m (16336): [36mMapped {/api/v1/platform/monitoring/uptime/record, POST} route[39m
    [35mcontext[39m: "RouterExplorer"
[16:58:41.529] [32mINFO[39m (16336): [36mMapped {/api/v1/platform/monitoring/maintenance-windows, GET} route[39m
    [35mcontext[39m: "RouterExplorer"
[16:58:41.529] [32mINFO[39m (16336): [36mMapped {/api/v1/platform/monitoring/maintenance-windows/active, GET} route[39m
    [35mcontext[39m: "RouterExplorer"
[16:58:41.529] [32mINFO[39m (16336): [36mMapped {/api/v1/platform/monitoring/maintenance-windows, POST} route[39m
    [35mcontext[39m: "RouterExplorer"
[16:58:41.529] [32mINFO[39m (16336): [36mMapped {/api/v1/platform/monitoring/maintenance-windows/:id/status, PATCH} route[39m
    [35mcontext[39m: "RouterExplorer"
[16:58:41.529] [32mINFO[39m (16336): [36mMapped {/api/v1/platform/monitoring/maintenance-windows/:id/cancel, POST} route[39m
    [35mcontext[39m: "RouterExplorer"
[16:58:41.529] [32mINFO[39m (16336): [36mMapped {/api/v1/platform/monitoring/maintenance-notice, GET} route[39m
    [35mcontext[39m: "RouterExplorer"
[16:58:41.529] [32mINFO[39m (16336): [36mMapped {/api/v1/platform/monitoring/maintenance-notice, PATCH} route[39m
    [35mcontext[39m: "RouterExplorer"
[16:58:41.529] [32mINFO[39m (16336): [36mMapped {/api/v1/platform/monitoring/maintenance-mode, PATCH} route[39m
    [35mcontext[39m: "RouterExplorer"
[16:58:41.529] [32mINFO[39m (16336): [36mPlatformComplianceController {/api/v1/platform/compliance}:[39m
    [35mcontext[39m: "RoutesResolver"
[16:58:41.529] [32mINFO[39m (16336): [36mMapped {/api/v1/platform/compliance/password-policy, GET} route[39m
    [35mcontext[39m: "RouterExplorer"
[16:58:41.529] [32mINFO[39m (16336): [36mMapped {/api/v1/platform/compliance/password-policy, PATCH} route[39m
    [35mcontext[39m: "RouterExplorer"
[16:58:41.529] [32mINFO[39m (16336): [36mMapped {/api/v1/platform/compliance/retention-policy, GET} route[39m
    [35mcontext[39m: "RouterExplorer"
[16:58:41.529] [32mINFO[39m (16336): [36mMapped {/api/v1/platform/compliance/retention-policy, PATCH} route[39m
    [35mcontext[39m: "RouterExplorer"
[16:58:41.529] [32mINFO[39m (16336): [36mMapped {/api/v1/platform/compliance/gdpr/export/:userId, GET} route[39m
    [35mcontext[39m: "RouterExplorer"
[16:58:41.529] [32mINFO[39m (16336): [36mMapped {/api/v1/platform/compliance/gdpr/anonymize/:userId, POST} route[39m
    [35mcontext[39m: "RouterExplorer"
[16:58:41.529] [32mINFO[39m (16336): [36mPlatformQuotaController {/api/v1/platform/quota}:[39m
    [35mcontext[39m: "RoutesResolver"
[16:58:41.529] [32mINFO[39m (16336): [36mMapped {/api/v1/platform/quota/snapshot/:hotelId, GET} route[39m
    [35mcontext[39m: "RouterExplorer"
[16:58:41.529] [32mINFO[39m (16336): [36mMapped {/api/v1/platform/quota/utilization/:hotelId, GET} route[39m
    [35mcontext[39m: "RouterExplorer"
[16:58:41.529] [32mINFO[39m (16336): [36mMapped {/api/v1/platform/quota/sync/:hotelId, POST} route[39m
    [35mcontext[39m: "RouterExplorer"
[16:58:41.529] [32mINFO[39m (16336): [36mMapped {/api/v1/platform/quota/overage/:hotelId, GET} route[39m
    [35mcontext[39m: "RouterExplorer"
[16:58:41.529] [32mINFO[39m (16336): [36mMapped {/api/v1/platform/quota/overage/bill/:hotelId, POST} route[39m
    [35mcontext[39m: "RouterExplorer"
[16:58:41.529] [32mINFO[39m (16336): [36mMapped {/api/v1/platform/quota/alerts, GET} route[39m
    [35mcontext[39m: "RouterExplorer"
[16:58:41.529] [32mINFO[39m (16336): [36mMapped {/api/v1/platform/quota/alerts/:id/dismiss, POST} route[39m
    [35mcontext[39m: "RouterExplorer"
[16:58:41.529] [32mINFO[39m (16336): [36mCrossTenantAccessController {/api/v1/platform/access}:[39m
    [35mcontext[39m: "RoutesResolver"
[16:58:41.529] [32mINFO[39m (16336): [36mMapped {/api/v1/platform/access/impersonate, POST} route[39m
    [35mcontext[39m: "RouterExplorer"
[16:58:41.529] [32mINFO[39m (16336): [36mMapped {/api/v1/platform/access/impersonate/:id/stop, POST} route[39m
    [35mcontext[39m: "RouterExplorer"
[16:58:41.529] [32mINFO[39m (16336): [36mMapped {/api/v1/platform/access/impersonate, GET} route[39m
    [35mcontext[39m: "RouterExplorer"
[16:58:41.529] [32mINFO[39m (16336): [36mMapped {/api/v1/platform/access/impersonate/history, GET} route[39m
    [35mcontext[39m: "RouterExplorer"
[16:58:41.529] [32mINFO[39m (16336): [36mMapped {/api/v1/platform/access/emergency, POST} route[39m
    [35mcontext[39m: "RouterExplorer"
[16:58:41.529] [32mINFO[39m (16336): [36mMapped {/api/v1/platform/access/emergency/:id/approve, PATCH} route[39m
    [35mcontext[39m: "RouterExplorer"
[16:58:41.529] [32mINFO[39m (16336): [36mMapped {/api/v1/platform/access/emergency/:id/activate, POST} route[39m
    [35mcontext[39m: "RouterExplorer"
[16:58:41.529] [32mINFO[39m (16336): [36mMapped {/api/v1/platform/access/emergency/:id/revoke, POST} route[39m
    [35mcontext[39m: "RouterExplorer"
[16:58:41.529] [32mINFO[39m (16336): [36mMapped {/api/v1/platform/access/emergency, GET} route[39m
    [35mcontext[39m: "RouterExplorer"
[16:58:41.529] [32mINFO[39m (16336): [36mMapped {/api/v1/platform/access/emergency/pending, GET} route[39m
    [35mcontext[39m: "RouterExplorer"
[16:58:41.529] [32mINFO[39m (16336): [36mMapped {/api/v1/platform/access/delegations, POST} route[39m
    [35mcontext[39m: "RouterExplorer"
[16:58:41.529] [32mINFO[39m (16336): [36mMapped {/api/v1/platform/access/delegations/:id/revoke, POST} route[39m
    [35mcontext[39m: "RouterExplorer"
[16:58:41.529] [32mINFO[39m (16336): [36mMapped {/api/v1/platform/access/delegations, GET} route[39m
    [35mcontext[39m: "RouterExplorer"
[16:58:41.529] [32mINFO[39m (16336): [36mMapped {/api/v1/platform/access/support, POST} route[39m
    [35mcontext[39m: "RouterExplorer"
[16:58:41.529] [32mINFO[39m (16336): [36mMapped {/api/v1/platform/access/support/:id/revoke, POST} route[39m
    [35mcontext[39m: "RouterExplorer"
[16:58:41.529] [32mINFO[39m (16336): [36mMapped {/api/v1/platform/access/support, GET} route[39m
    [35mcontext[39m: "RouterExplorer"
[16:58:41.529] [32mINFO[39m (16336): [36mPlatformConfigController {/api/v1/platform/config}:[39m
    [35mcontext[39m: "RoutesResolver"
[16:58:41.529] [32mINFO[39m (16336): [36mMapped {/api/v1/platform/config/smtp, GET} route[39m
    [35mcontext[39m: "RouterExplorer"
[16:58:41.529] [32mINFO[39m (16336): [36mMapped {/api/v1/platform/config/smtp, POST} route[39m
    [35mcontext[39m: "RouterExplorer"
[16:58:41.529] [32mINFO[39m (16336): [36mMapped {/api/v1/platform/config/smtp/test, POST} route[39m
    [35mcontext[39m: "RouterExplorer"
[16:58:41.529] [32mINFO[39m (16336): [36mMapped {/api/v1/platform/config/payment-gateway, GET} route[39m
    [35mcontext[39m: "RouterExplorer"
[16:58:41.529] [32mINFO[39m (16336): [36mMapped {/api/v1/platform/config/payment-gateway, POST} route[39m
    [35mcontext[39m: "RouterExplorer"
[16:58:41.529] [32mINFO[39m (16336): [36mMapped {/api/v1/platform/config/payment-gateway/test, POST} route[39m
    [35mcontext[39m: "RouterExplorer"
[16:58:41.529] [32mINFO[39m (16336): [36mPlatformTaxRulesController {/api/v1/platform/tax-rules}:[39m
    [35mcontext[39m: "RoutesResolver"
[16:58:41.529] [32mINFO[39m (16336): [36mMapped {/api/v1/platform/tax-rules, GET} route[39m
    [35mcontext[39m: "RouterExplorer"
[16:58:41.529] [32mINFO[39m (16336): [36mMapped {/api/v1/platform/tax-rules/:id, GET} route[39m
    [35mcontext[39m: "RouterExplorer"
[16:58:41.529] [32mINFO[39m (16336): [36mMapped {/api/v1/platform/tax-rules, POST} route[39m
    [35mcontext[39m: "RouterExplorer"
[16:58:41.529] [32mINFO[39m (16336): [36mMapped {/api/v1/platform/tax-rules/:id, PATCH} route[39m
    [35mcontext[39m: "RouterExplorer"
[16:58:41.529] [32mINFO[39m (16336): [36mMapped {/api/v1/platform/tax-rules/:id, DELETE} route[39m
    [35mcontext[39m: "RouterExplorer"
[16:58:41.530] [32mINFO[39m (16336): [36mMapped {/api/v1/platform/tax-rules/applicable/:country, GET} route[39m
    [35mcontext[39m: "RouterExplorer"
[16:58:41.530] [32mINFO[39m (16336): [36mPlatformLocalesController {/api/v1/platform/locales}:[39m
    [35mcontext[39m: "RoutesResolver"
[16:58:41.530] [32mINFO[39m (16336): [36mMapped {/api/v1/platform/locales, GET} route[39m
    [35mcontext[39m: "RouterExplorer"
[16:58:41.530] [32mINFO[39m (16336): [36mMapped {/api/v1/platform/locales/:hotelId, GET} route[39m
    [35mcontext[39m: "RouterExplorer"
[16:58:41.530] [32mINFO[39m (16336): [36mMapped {/api/v1/platform/locales/:hotelId, POST} route[39m
    [35mcontext[39m: "RouterExplorer"
[16:58:41.530] [32mINFO[39m (16336): [36mPlatformUsersManagementController {/api/v1/platform/users}:[39m
    [35mcontext[39m: "RoutesResolver"
[16:58:41.530] [32mINFO[39m (16336): [36mMapped {/api/v1/platform/users, GET} route[39m
    [35mcontext[39m: "RouterExplorer"
[16:58:41.530] [32mINFO[39m (16336): [36mMapped {/api/v1/platform/users/:id, GET} route[39m
    [35mcontext[39m: "RouterExplorer"
[16:58:41.530] [32mINFO[39m (16336): [36mMapped {/api/v1/platform/users, POST} route[39m
    [35mcontext[39m: "RouterExplorer"
[16:58:41.530] [32mINFO[39m (16336): [36mMapped {/api/v1/platform/users/:id, PATCH} route[39m
    [35mcontext[39m: "RouterExplorer"
[16:58:41.530] [32mINFO[39m (16336): [36mMapped {/api/v1/platform/users/:id, DELETE} route[39m
    [35mcontext[39m: "RouterExplorer"
[16:58:41.530] [32mINFO[39m (16336): [36mMapped {/api/v1/platform/users/:id/deactivate, POST} route[39m
    [35mcontext[39m: "RouterExplorer"
[16:58:41.530] [32mINFO[39m (16336): [36mMapped {/api/v1/platform/users/:id/activate, POST} route[39m
    [35mcontext[39m: "RouterExplorer"
[16:58:41.530] [32mINFO[39m (16336): [36mMapped {/api/v1/platform/users/:id/suspend, POST} route[39m
    [35mcontext[39m: "RouterExplorer"
[16:58:41.530] [32mINFO[39m (16336): [36mMapped {/api/v1/platform/users/:id/reset-lockout, POST} route[39m
    [35mcontext[39m: "RouterExplorer"
[16:58:41.530] [32mINFO[39m (16336): [36mMapped {/api/v1/platform/users/:id/change-password, POST} route[39m
    [35mcontext[39m: "RouterExplorer"
[16:58:41.530] [32mINFO[39m (16336): [36mMapped {/api/v1/platform/users/role/:roleName, GET} route[39m
    [35mcontext[39m: "RouterExplorer"
[16:58:41.530] [32mINFO[39m (16336): [36mMapped {/api/v1/platform/users/lockout/config, GET} route[39m
    [35mcontext[39m: "RouterExplorer"
[16:58:41.530] [32mINFO[39m (16336): [36mMapped {/api/v1/platform/users/lockout/config, POST} route[39m
    [35mcontext[39m: "RouterExplorer"
[16:58:41.530] [32mINFO[39m (16336): [36mPlatformConsentController {/api/v1/platform/privacy}:[39m
    [35mcontext[39m: "RoutesResolver"
[16:58:41.530] [32mINFO[39m (16336): [36mMapped {/api/v1/platform/privacy/consents/:userId, GET} route[39m
    [35mcontext[39m: "RouterExplorer"
[16:58:41.530] [32mINFO[39m (16336): [36mMapped {/api/v1/platform/privacy/consents/:userId/summary, GET} route[39m
    [35mcontext[39m: "RouterExplorer"
[16:58:41.530] [32mINFO[39m (16336): [36mMapped {/api/v1/platform/privacy/consents, POST} route[39m
    [35mcontext[39m: "RouterExplorer"
[16:58:41.530] [32mINFO[39m (16336): [36mMapped {/api/v1/platform/privacy/consents/:userId/revoke/:type, POST} route[39m
    [35mcontext[39m: "RouterExplorer"
[16:58:41.530] [32mINFO[39m (16336): [36mMapped {/api/v1/platform/privacy/consents/:userId/check/:type, GET} route[39m
    [35mcontext[39m: "RouterExplorer"
[16:58:41.530] [32mINFO[39m (16336): [36mMapped {/api/v1/platform/privacy/data-retention, GET} route[39m
    [35mcontext[39m: "RouterExplorer"
[16:58:41.530] [32mINFO[39m (16336): [36mMapped {/api/v1/platform/privacy/data-retention, POST} route[39m
    [35mcontext[39m: "RouterExplorer"
[16:58:41.530] [32mINFO[39m (16336): [36mMapped {/api/v1/platform/privacy/cleanup-expired-consents, POST} route[39m
    [35mcontext[39m: "RouterExplorer"
[16:58:41.530] [32mINFO[39m (16336): [36mPlatformAnalyticsExportController {/api/v1/platform/analytics}:[39m
    [35mcontext[39m: "RoutesResolver"
[16:58:41.530] [32mINFO[39m (16336): [36mMapped {/api/v1/platform/analytics/export/:snapshotType, GET} route[39m
    [35mcontext[39m: "RouterExplorer"
[16:58:41.530] [32mINFO[39m (16336): [36mMapped {/api/v1/platform/analytics/reports, GET} route[39m
    [35mcontext[39m: "RouterExplorer"
[16:58:41.530] [32mINFO[39m (16336): [36mMapped {/api/v1/platform/analytics/reports/:id, GET} route[39m
    [35mcontext[39m: "RouterExplorer"
[16:58:41.530] [32mINFO[39m (16336): [36mMapped {/api/v1/platform/analytics/reports, POST} route[39m
    [35mcontext[39m: "RouterExplorer"
[16:58:41.530] [32mINFO[39m (16336): [36mMapped {/api/v1/platform/analytics/reports/:id, POST} route[39m
    [35mcontext[39m: "RouterExplorer"
[16:58:41.530] [32mINFO[39m (16336): [36mMapped {/api/v1/platform/analytics/reports/:id/run, POST} route[39m
    [35mcontext[39m: "RouterExplorer"
[16:58:41.530] [32mINFO[39m (16336): [36mMapped {/api/v1/platform/analytics/reports/:id/export, POST} route[39m
    [35mcontext[39m: "RouterExplorer"
[16:58:41.530] [32mINFO[39m (16336): [36mMapped {/api/v1/platform/analytics/reports/:id/delete, POST} route[39m
    [35mcontext[39m: "RouterExplorer"
[16:58:41.530] [32mINFO[39m (16336): [36mPlatformRolesController {/api/v1/platform}:[39m
    [35mcontext[39m: "RoutesResolver"
[16:58:41.530] [32mINFO[39m (16336): [36mMapped {/api/v1/platform/roles, GET} route[39m
    [35mcontext[39m: "RouterExplorer"
[16:58:41.530] [32mINFO[39m (16336): [36mMapped {/api/v1/platform/roles/summary, GET} route[39m
    [35mcontext[39m: "RouterExplorer"
[16:58:41.530] [32mINFO[39m (16336): [36mMapped {/api/v1/platform/permissions, GET} route[39m
    [35mcontext[39m: "RouterExplorer"
[16:58:41.530] [32mINFO[39m (16336): [36mHotelFinanceConfigController {/api/v1/hotel/finance-config}:[39m
    [35mcontext[39m: "RoutesResolver"
[16:58:41.530] [32mINFO[39m (16336): [36mMapped {/api/v1/hotel/finance-config, GET} route[39m
    [35mcontext[39m: "RouterExplorer"
[16:58:41.530] [32mINFO[39m (16336): [36mMapped {/api/v1/hotel/finance-config, PATCH} route[39m
    [35mcontext[39m: "RouterExplorer"
[16:58:41.530] [32mINFO[39m (16336): [36mMapped {/api/v1/hotel/finance-config/taxes, POST} route[39m
    [35mcontext[39m: "RouterExplorer"
[16:58:41.530] [32mINFO[39m (16336): [36mMapped {/api/v1/hotel/finance-config/taxes/:id, PATCH} route[39m
    [35mcontext[39m: "RouterExplorer"
[16:58:41.530] [32mINFO[39m (16336): [36mMapped {/api/v1/hotel/finance-config/taxes/:id, DELETE} route[39m
    [35mcontext[39m: "RouterExplorer"
[16:58:41.530] [32mINFO[39m (16336): [36mNo read replicas configured, using primary for all queries[39m
    [35mcontext[39m: "ReplicaDataSourceService"
[16:58:41.530] [32mINFO[39m (16336): [36mNo shard configuration found, running in single-database mode[39m
    [35mcontext[39m: "ShardingService"
[16:58:41.530] [32mINFO[39m (16336): [36mNest application successfully started[39m
    [35mcontext[39m: "NestApplication"
[90m[4mquery:[24m[39m [94mSET[0m [37msearch_path[0m [94mTO[0m [37m"global"[0m[37m,[0m [37mglobal[0m[37m,[0m [37mpublic[0m
[90m[4mquery:[24m[39m [94mSELECT[0m [95mCOUNT[0m[37m([0m[32m1[0m[37m)[0m [94mAS[0m [37m"cnt"[0m [94mFROM[0m [37m"notifications"[0m [37m"Notification"[0m [94mWHERE[0m [37m([0m [37m([0m[37m([0m[37m"Notification"[0m[37m.[0m[37m"userId"[0m [37m=[0m [37m$[0m[32m1[0m[37m)[0m[37m)[0m [37m)[0m [94mAND[0m [37m([0m [37m"Notification"[0m[37m.[0m[37m"deletedAt"[0m [94mIS NULL[0m [37m)[0m [90m-- PARAMETERS: ["573ff1e8-0c00-4855-a90b-24a6b8cd0c64"][0m
[16:59:06.598] [32mINFO[39m (16336): [36mrequest completed[39m
    [35mreq[39m: {
      "id": 1,
      "method": "GET",
      "url": "/api/v1/notifications/unread-count",
      "query": {},
      "params": {
        "path": [
          "notifications",
          "unread-count"
        ]
      },
      "headers": {
        "host": "localhost:5000",
        "connection": "keep-alive",
        "sec-ch-ua-platform": "\"Windows\"",
        "authorization": "[Redacted]",
        "user-agent": "Mozilla/5.0 (Windows NT 10.0; Win64; x64) AppleWebKit/537.36 (KHTML, like Gecko) Code/1.122.1 Chrome/142.0.7444.265 Electron/39.8.8 Safari/537.36",
        "sec-ch-ua": "\"Not_A Brand\";v=\"99\", \"Chromium\";v=\"142\"",
        "sec-ch-ua-mobile": "?0",
        "accept": "*/*",
        "origin": "http://localhost:3000",
        "sec-fetch-site": "same-site",
        "sec-fetch-mode": "cors",
        "sec-fetch-dest": "empty",
        "referer": "http://localhost:3000/",
        "accept-encoding": "gzip, deflate, br, zstd",
        "accept-language": "en-US",
        "if-none-match": "W/\"23-WgR9+nUlfRzXMzFiBE7oaznpWzo\""
      },
      "remoteAddress": "::1",
      "remotePort": 62597
    }
    [35mres[39m: {
      "statusCode": 304,
      "headers": {
        "x-powered-by": "Express",
        "access-control-allow-origin": "http://localhost:3000",
        "vary": "Origin",
        "access-control-allow-credentials": "true",
        "x-request-id": "6354f588-7b9f-4c48-81a8-fefd7add4d48",
        "x-content-type-options": "nosniff",
        "x-frame-options": "DENY",
        "x-xss-protection": "1; mode=block",
        "strict-transport-security": "max-age=31536000; includeSubDomains",
        "referrer-policy": "strict-origin-when-cross-origin",
        "permissions-policy": "camera=(), microphone=(), geolocation=()",
        "etag": "W/\"23-WgR9+nUlfRzXMzFiBE7oaznpWzo\""
      }
    }
    [35mresponseTime[39m: 152
[90m[4mquery:[24m[39m [94mSET[0m [37msearch_path[0m [94mTO[0m [37m"global"[0m[37m,[0m [37mglobal[0m[37m,[0m [37mpublic[0m
[90m[4mquery:[24m[39m [94mSELECT[0m [95mCOUNT[0m[37m([0m[32m1[0m[37m)[0m [94mAS[0m [37m"cnt"[0m [94mFROM[0m [37m"notifications"[0m [37m"Notification"[0m [94mWHERE[0m [37m([0m [37m([0m[37m([0m[37m"Notification"[0m[37m.[0m[37m"userId"[0m [37m=[0m [37m$[0m[32m1[0m[37m)[0m[37m)[0m [37m)[0m [94mAND[0m [37m([0m [37m"Notification"[0m[37m.[0m[37m"deletedAt"[0m [94mIS NULL[0m [37m)[0m [90m-- PARAMETERS: ["573ff1e8-0c00-4855-a90b-24a6b8cd0c64"][0m
[16:59:36.528] [32mINFO[39m (16336): [36mrequest completed[39m
    [35mreq[39m: {
      "id": 2,
      "method": "GET",
      "url": "/api/v1/notifications/unread-count",
      "query": {},
      "params": {
        "path": [
          "notifications",
          "unread-count"
        ]
      },
      "headers": {
        "host": "localhost:5000",
        "connection": "keep-alive",
        "sec-ch-ua-platform": "\"Windows\"",
        "authorization": "[Redacted]",
        "user-agent": "Mozilla/5.0 (Windows NT 10.0; Win64; x64) AppleWebKit/537.36 (KHTML, like Gecko) Code/1.122.1 Chrome/142.0.7444.265 Electron/39.8.8 Safari/537.36",
        "sec-ch-ua": "\"Not_A Brand\";v=\"99\", \"Chromium\";v=\"142\"",
        "sec-ch-ua-mobile": "?0",
        "accept": "*/*",
        "origin": "http://localhost:3000",
        "sec-fetch-site": "same-site",
        "sec-fetch-mode": "cors",
        "sec-fetch-dest": "empty",
        "referer": "http://localhost:3000/",
        "accept-encoding": "gzip, deflate, br, zstd",
        "accept-language": "en-US",
        "if-none-match": "W/\"23-WgR9+nUlfRzXMzFiBE7oaznpWzo\""
      },
      "remoteAddress": "::1",
      "remotePort": 62647
    }
    [35mres[39m: {
      "statusCode": 304,
      "headers": {
        "x-powered-by": "Express",
        "access-control-allow-origin": "http://localhost:3000",
        "vary": "Origin",
        "access-control-allow-credentials": "true",
        "x-request-id": "ee72d5f2-5463-4956-a309-731383137cd6",
        "x-content-type-options": "nosniff",
        "x-frame-options": "DENY",
        "x-xss-protection": "1; mode=block",
        "strict-transport-security": "max-age=31536000; includeSubDomains",
        "referrer-policy": "strict-origin-when-cross-origin",
        "permissions-policy": "camera=(), microphone=(), geolocation=()",
        "etag": "W/\"23-WgR9+nUlfRzXMzFiBE7oaznpWzo\""
      }
    }
    [35mresponseTime[39m: 106
[90m[4mquery:[24m[39m [94mSET[0m [37msearch_path[0m [94mTO[0m [37m"global"[0m[37m,[0m [37mglobal[0m[37m,[0m [37mpublic[0m
[90m[4mquery:[24m[39m [94mSELECT[0m [95mCOUNT[0m[37m([0m[32m1[0m[37m)[0m [94mAS[0m [37m"cnt"[0m [94mFROM[0m [37m"notifications"[0m [37m"Notification"[0m [94mWHERE[0m [37m([0m [37m([0m[37m([0m[37m"Notification"[0m[37m.[0m[37m"userId"[0m [37m=[0m [37m$[0m[32m1[0m[37m)[0m[37m)[0m [37m)[0m [94mAND[0m [37m([0m [37m"Notification"[0m[37m.[0m[37m"deletedAt"[0m [94mIS NULL[0m [37m)[0m [90m-- PARAMETERS: ["573ff1e8-0c00-4855-a90b-24a6b8cd0c64"][0m
[17:00:06.527] [32mINFO[39m (16336): [36mrequest completed[39m
    [35mreq[39m: {
      "id": 3,
      "method": "GET",
      "url": "/api/v1/notifications/unread-count",
      "query": {},
      "params": {
        "path": [
          "notifications",
          "unread-count"
        ]
      },
      "headers": {
        "host": "localhost:5000",
        "connection": "keep-alive",
        "sec-ch-ua-platform": "\"Windows\"",
        "authorization": "[Redacted]",
        "user-agent": "Mozilla/5.0 (Windows NT 10.0; Win64; x64) AppleWebKit/537.36 (KHTML, like Gecko) Code/1.122.1 Chrome/142.0.7444.265 Electron/39.8.8 Safari/537.36",
        "sec-ch-ua": "\"Not_A Brand\";v=\"99\", \"Chromium\";v=\"142\"",
        "sec-ch-ua-mobile": "?0",
        "accept": "*/*",
        "origin": "http://localhost:3000",
        "sec-fetch-site": "same-site",
        "sec-fetch-mode": "cors",
        "sec-fetch-dest": "empty",
        "referer": "http://localhost:3000/",
        "accept-encoding": "gzip, deflate, br, zstd",
        "accept-language": "en-US",
        "if-none-match": "W/\"23-WgR9+nUlfRzXMzFiBE7oaznpWzo\""
      },
      "remoteAddress": "::1",
      "remotePort": 62681
    }
    [35mres[39m: {
      "statusCode": 304,
      "headers": {
        "x-powered-by": "Express",
        "access-control-allow-origin": "http://localhost:3000",
        "vary": "Origin",
        "access-control-allow-credentials": "true",
        "x-request-id": "d508279f-c767-4109-b9c9-3594bcde9790",
        "x-content-type-options": "nosniff",
        "x-frame-options": "DENY",
        "x-xss-protection": "1; mode=block",
        "strict-transport-security": "max-age=31536000; includeSubDomains",
        "referrer-policy": "strict-origin-when-cross-origin",
        "permissions-policy": "camera=(), microphone=(), geolocation=()",
        "etag": "W/\"23-WgR9+nUlfRzXMzFiBE7oaznpWzo\""
      }
    }
    [35mresponseTime[39m: 110
[90m[4mquery:[24m[39m [94mSET[0m [37msearch_path[0m [94mTO[0m [37m"global"[0m[37m,[0m [37mglobal[0m[37m,[0m [37mpublic[0m
[90m[4mquery:[24m[39m [94mSELECT[0m [95mCOUNT[0m[37m([0m[32m1[0m[37m)[0m [94mAS[0m [37m"cnt"[0m [94mFROM[0m [37m"notifications"[0m [37m"Notification"[0m [94mWHERE[0m [37m([0m [37m([0m[37m([0m[37m"Notification"[0m[37m.[0m[37m"userId"[0m [37m=[0m [37m$[0m[32m1[0m[37m)[0m[37m)[0m [37m)[0m [94mAND[0m [37m([0m [37m"Notification"[0m[37m.[0m[37m"deletedAt"[0m [94mIS NULL[0m [37m)[0m [90m-- PARAMETERS: ["573ff1e8-0c00-4855-a90b-24a6b8cd0c64"][0m
[17:00:36.589] [32mINFO[39m (16336): [36mrequest completed[39m
    [35mreq[39m: {
      "id": 4,
      "method": "GET",
      "url": "/api/v1/notifications/unread-count",
      "query": {},
      "params": {
        "path": [
          "notifications",
          "unread-count"
        ]
      },
      "headers": {
        "host": "localhost:5000",
        "connection": "keep-alive",
        "sec-ch-ua-platform": "\"Windows\"",
        "authorization": "[Redacted]",
        "user-agent": "Mozilla/5.0 (Windows NT 10.0; Win64; x64) AppleWebKit/537.36 (KHTML, like Gecko) Code/1.122.1 Chrome/142.0.7444.265 Electron/39.8.8 Safari/537.36",
        "sec-ch-ua": "\"Not_A Brand\";v=\"99\", \"Chromium\";v=\"142\"",
        "sec-ch-ua-mobile": "?0",
        "accept": "*/*",
        "origin": "http://localhost:3000",
        "sec-fetch-site": "same-site",
        "sec-fetch-mode": "cors",
        "sec-fetch-dest": "empty",
        "referer": "http://localhost:3000/",
        "accept-encoding": "gzip, deflate, br, zstd",
        "accept-language": "en-US",
        "if-none-match": "W/\"23-WgR9+nUlfRzXMzFiBE7oaznpWzo\""
      },
      "remoteAddress": "::1",
      "remotePort": 62720
    }
    [35mres[39m: {
      "statusCode": 304,
      "headers": {
        "x-powered-by": "Express",
        "access-control-allow-origin": "http://localhost:3000",
        "vary": "Origin",
        "access-control-allow-credentials": "true",
        "x-request-id": "0cbe755c-4e5b-42c8-b85e-d094633b36ab",
        "x-content-type-options": "nosniff",
        "x-frame-options": "DENY",
        "x-xss-protection": "1; mode=block",
        "strict-transport-security": "max-age=31536000; includeSubDomains",
        "referrer-policy": "strict-origin-when-cross-origin",
        "permissions-policy": "camera=(), microphone=(), geolocation=()",
        "etag": "W/\"23-WgR9+nUlfRzXMzFiBE7oaznpWzo\""
      }
    }
    [35mresponseTime[39m: 173
[90m[4mquery:[24m[39m [94mSET[0m [37msearch_path[0m [94mTO[0m [37m"global"[0m[37m,[0m [37mglobal[0m[37m,[0m [37mpublic[0m
[90m[4mquery:[24m[39m [94mSELECT[0m [95mCOUNT[0m[37m([0m[32m1[0m[37m)[0m [94mAS[0m [37m"cnt"[0m [94mFROM[0m [37m"notifications"[0m [37m"Notification"[0m [94mWHERE[0m [37m([0m [37m([0m[37m([0m[37m"Notification"[0m[37m.[0m[37m"userId"[0m [37m=[0m [37m$[0m[32m1[0m[37m)[0m[37m)[0m [37m)[0m [94mAND[0m [37m([0m [37m"Notification"[0m[37m.[0m[37m"deletedAt"[0m [94mIS NULL[0m [37m)[0m [90m-- PARAMETERS: ["573ff1e8-0c00-4855-a90b-24a6b8cd0c64"][0m
[17:01:06.647] [32mINFO[39m (16336): [36mrequest completed[39m
    [35mreq[39m: {
      "id": 5,
      "method": "GET",
      "url": "/api/v1/notifications/unread-count",
      "query": {},
      "params": {
        "path": [
          "notifications",
          "unread-count"
        ]
      },
      "headers": {
        "host": "localhost:5000",
        "connection": "keep-alive",
        "sec-ch-ua-platform": "\"Windows\"",
        "authorization": "[Redacted]",
        "user-agent": "Mozilla/5.0 (Windows NT 10.0; Win64; x64) AppleWebKit/537.36 (KHTML, like Gecko) Code/1.122.1 Chrome/142.0.7444.265 Electron/39.8.8 Safari/537.36",
        "sec-ch-ua": "\"Not_A Brand\";v=\"99\", \"Chromium\";v=\"142\"",
        "sec-ch-ua-mobile": "?0",
        "accept": "*/*",
        "origin": "http://localhost:3000",
        "sec-fetch-site": "same-site",
        "sec-fetch-mode": "cors",
        "sec-fetch-dest": "empty",
        "referer": "http://localhost:3000/",
        "accept-encoding": "gzip, deflate, br, zstd",
        "accept-language": "en-US",
        "if-none-match": "W/\"23-WgR9+nUlfRzXMzFiBE7oaznpWzo\""
      },
      "remoteAddress": "::1",
      "remotePort": 62766
    }
    [35mres[39m: {
      "statusCode": 304,
      "headers": {
        "x-powered-by": "Express",
        "access-control-allow-origin": "http://localhost:3000",
        "vary": "Origin",
        "access-control-allow-credentials": "true",
        "x-request-id": "d352ec23-c661-46b4-aa3e-583d53281b58",
        "x-content-type-options": "nosniff",
        "x-frame-options": "DENY",
        "x-xss-protection": "1; mode=block",
        "strict-transport-security": "max-age=31536000; includeSubDomains",
        "referrer-policy": "strict-origin-when-cross-origin",
        "permissions-policy": "camera=(), microphone=(), geolocation=()",
        "etag": "W/\"23-WgR9+nUlfRzXMzFiBE7oaznpWzo\""
      }
    }
    [35mresponseTime[39m: 201
[90m[4mquery:[24m[39m [94mSET[0m [37msearch_path[0m [94mTO[0m [37m"global"[0m[37m,[0m [37mglobal[0m[37m,[0m [37mpublic[0m
[90m[4mquery:[24m[39m [94mSELECT[0m [95mCOUNT[0m[37m([0m[32m1[0m[37m)[0m [94mAS[0m [37m"cnt"[0m [94mFROM[0m [37m"notifications"[0m [37m"Notification"[0m [94mWHERE[0m [37m([0m [37m([0m[37m([0m[37m"Notification"[0m[37m.[0m[37m"userId"[0m [37m=[0m [37m$[0m[32m1[0m[37m)[0m[37m)[0m [37m)[0m [94mAND[0m [37m([0m [37m"Notification"[0m[37m.[0m[37m"deletedAt"[0m [94mIS NULL[0m [37m)[0m [90m-- PARAMETERS: ["573ff1e8-0c00-4855-a90b-24a6b8cd0c64"][0m
[17:01:36.561] [32mINFO[39m (16336): [36mrequest completed[39m
    [35mreq[39m: {
      "id": 6,
      "method": "GET",
      "url": "/api/v1/notifications/unread-count",
      "query": {},
      "params": {
        "path": [
          "notifications",
          "unread-count"
        ]
      },
      "headers": {
        "host": "localhost:5000",
        "connection": "keep-alive",
        "sec-ch-ua-platform": "\"Windows\"",
        "authorization": "[Redacted]",
        "user-agent": "Mozilla/5.0 (Windows NT 10.0; Win64; x64) AppleWebKit/537.36 (KHTML, like Gecko) Code/1.122.1 Chrome/142.0.7444.265 Electron/39.8.8 Safari/537.36",
        "sec-ch-ua": "\"Not_A Brand\";v=\"99\", \"Chromium\";v=\"142\"",
        "sec-ch-ua-mobile": "?0",
        "accept": "*/*",
        "origin": "http://localhost:3000",
        "sec-fetch-site": "same-site",
        "sec-fetch-mode": "cors",
        "sec-fetch-dest": "empty",
        "referer": "http://localhost:3000/",
        "accept-encoding": "gzip, deflate, br, zstd",
        "accept-language": "en-US",
        "if-none-match": "W/\"23-WgR9+nUlfRzXMzFiBE7oaznpWzo\""
      },
      "remoteAddress": "::1",
      "remotePort": 62804
    }
    [35mres[39m: {
      "statusCode": 304,
      "headers": {
        "x-powered-by": "Express",
        "access-control-allow-origin": "http://localhost:3000",
        "vary": "Origin",
        "access-control-allow-credentials": "true",
        "x-request-id": "137525af-c4cd-4efe-9821-e515c12be711",
        "x-content-type-options": "nosniff",
        "x-frame-options": "DENY",
        "x-xss-protection": "1; mode=block",
        "strict-transport-security": "max-age=31536000; includeSubDomains",
        "referrer-policy": "strict-origin-when-cross-origin",
        "permissions-policy": "camera=(), microphone=(), geolocation=()",
        "etag": "W/\"23-WgR9+nUlfRzXMzFiBE7oaznpWzo\""
      }
    }
    [35mresponseTime[39m: 140
[90m[4mquery:[24m[39m [94mSET[0m [37msearch_path[0m [94mTO[0m [37m"global"[0m[37m,[0m [37mglobal[0m[37m,[0m [37mpublic[0m
[90m[4mquery:[24m[39m [94mSELECT[0m [95mCOUNT[0m[37m([0m[32m1[0m[37m)[0m [94mAS[0m [37m"cnt"[0m [94mFROM[0m [37m"notifications"[0m [37m"Notification"[0m [94mWHERE[0m [37m([0m [37m([0m[37m([0m[37m"Notification"[0m[37m.[0m[37m"userId"[0m [37m=[0m [37m$[0m[32m1[0m[37m)[0m[37m)[0m [37m)[0m [94mAND[0m [37m([0m [37m"Notification"[0m[37m.[0m[37m"deletedAt"[0m [94mIS NULL[0m [37m)[0m [90m-- PARAMETERS: ["573ff1e8-0c00-4855-a90b-24a6b8cd0c64"][0m
[17:02:06.580] [32mINFO[39m (16336): [36mrequest completed[39m
    [35mreq[39m: {
      "id": 7,
      "method": "GET",
      "url": "/api/v1/notifications/unread-count",
      "query": {},
      "params": {
        "path": [
          "notifications",
          "unread-count"
        ]
      },
      "headers": {
        "host": "localhost:5000",
        "connection": "keep-alive",
        "sec-ch-ua-platform": "\"Windows\"",
        "authorization": "[Redacted]",
        "user-agent": "Mozilla/5.0 (Windows NT 10.0; Win64; x64) AppleWebKit/537.36 (KHTML, like Gecko) Code/1.122.1 Chrome/142.0.7444.265 Electron/39.8.8 Safari/537.36",
        "sec-ch-ua": "\"Not_A Brand\";v=\"99\", \"Chromium\";v=\"142\"",
        "sec-ch-ua-mobile": "?0",
        "accept": "*/*",
        "origin": "http://localhost:3000",
        "sec-fetch-site": "same-site",
        "sec-fetch-mode": "cors",
        "sec-fetch-dest": "empty",
        "referer": "http://localhost:3000/",
        "accept-encoding": "gzip, deflate, br, zstd",
        "accept-language": "en-US",
        "if-none-match": "W/\"23-WgR9+nUlfRzXMzFiBE7oaznpWzo\""
      },
      "remoteAddress": "::1",
      "remotePort": 62843
    }
    [35mres[39m: {
      "statusCode": 304,
      "headers": {
        "x-powered-by": "Express",
        "access-control-allow-origin": "http://localhost:3000",
        "vary": "Origin",
        "access-control-allow-credentials": "true",
        "x-request-id": "4da3b702-4614-4015-a6a0-c55ff3b76b09",
        "x-content-type-options": "nosniff",
        "x-frame-options": "DENY",
        "x-xss-protection": "1; mode=block",
        "strict-transport-security": "max-age=31536000; includeSubDomains",
        "referrer-policy": "strict-origin-when-cross-origin",
        "permissions-policy": "camera=(), microphone=(), geolocation=()",
        "etag": "W/\"23-WgR9+nUlfRzXMzFiBE7oaznpWzo\""
      }
    }
    [35mresponseTime[39m: 152
[90m[4mquery:[24m[39m [94mSET[0m [37msearch_path[0m [94mTO[0m [37m"global"[0m[37m,[0m [37mglobal[0m[37m,[0m [37mpublic[0m
[90m[4mquery:[24m[39m [94mSELECT[0m [95mCOUNT[0m[37m([0m[32m1[0m[37m)[0m [94mAS[0m [37m"cnt"[0m [94mFROM[0m [37m"notifications"[0m [37m"Notification"[0m [94mWHERE[0m [37m([0m [37m([0m[37m([0m[37m"Notification"[0m[37m.[0m[37m"userId"[0m [37m=[0m [37m$[0m[32m1[0m[37m)[0m[37m)[0m [37m)[0m [94mAND[0m [37m([0m [37m"Notification"[0m[37m.[0m[37m"deletedAt"[0m [94mIS NULL[0m [37m)[0m [90m-- PARAMETERS: ["573ff1e8-0c00-4855-a90b-24a6b8cd0c64"][0m
[17:02:36.532] [32mINFO[39m (16336): [36mrequest completed[39m
    [35mreq[39m: {
      "id": 8,
      "method": "GET",
      "url": "/api/v1/notifications/unread-count",
      "query": {},
      "params": {
        "path": [
          "notifications",
          "unread-count"
        ]
      },
      "headers": {
        "host": "localhost:5000",
        "connection": "keep-alive",
        "sec-ch-ua-platform": "\"Windows\"",
        "authorization": "[Redacted]",
        "user-agent": "Mozilla/5.0 (Windows NT 10.0; Win64; x64) AppleWebKit/537.36 (KHTML, like Gecko) Code/1.122.1 Chrome/142.0.7444.265 Electron/39.8.8 Safari/537.36",
        "sec-ch-ua": "\"Not_A Brand\";v=\"99\", \"Chromium\";v=\"142\"",
        "sec-ch-ua-mobile": "?0",
        "accept": "*/*",
        "origin": "http://localhost:3000",
        "sec-fetch-site": "same-site",
        "sec-fetch-mode": "cors",
        "sec-fetch-dest": "empty",
        "referer": "http://localhost:3000/",
        "accept-encoding": "gzip, deflate, br, zstd",
        "accept-language": "en-US",
        "if-none-match": "W/\"23-WgR9+nUlfRzXMzFiBE7oaznpWzo\""
      },
      "remoteAddress": "::1",
      "remotePort": 62905
    }
    [35mres[39m: {
      "statusCode": 304,
      "headers": {
        "x-powered-by": "Express",
        "access-control-allow-origin": "http://localhost:3000",
        "vary": "Origin",
        "access-control-allow-credentials": "true",
        "x-request-id": "eeeb9b71-78a4-4080-8744-f8ed2a0cce23",
        "x-content-type-options": "nosniff",
        "x-frame-options": "DENY",
        "x-xss-protection": "1; mode=block",
        "strict-transport-security": "max-age=31536000; includeSubDomains",
        "referrer-policy": "strict-origin-when-cross-origin",
        "permissions-policy": "camera=(), microphone=(), geolocation=()",
        "etag": "W/\"23-WgR9+nUlfRzXMzFiBE7oaznpWzo\""
      }
    }
    [35mresponseTime[39m: 109
[90m[4mquery:[24m[39m [94mSET[0m [37msearch_path[0m [94mTO[0m [37m"global"[0m[37m,[0m [37mglobal[0m[37m,[0m [37mpublic[0m
[90m[4mquery:[24m[39m [94mSELECT[0m [95mCOUNT[0m[37m([0m[32m1[0m[37m)[0m [94mAS[0m [37m"cnt"[0m [94mFROM[0m [37m"notifications"[0m [37m"Notification"[0m [94mWHERE[0m [37m([0m [37m([0m[37m([0m[37m"Notification"[0m[37m.[0m[37m"userId"[0m [37m=[0m [37m$[0m[32m1[0m[37m)[0m[37m)[0m [37m)[0m [94mAND[0m [37m([0m [37m"Notification"[0m[37m.[0m[37m"deletedAt"[0m [94mIS NULL[0m [37m)[0m [90m-- PARAMETERS: ["573ff1e8-0c00-4855-a90b-24a6b8cd0c64"][0m
[17:03:06.574] [32mINFO[39m (16336): [36mrequest completed[39m
    [35mreq[39m: {
      "id": 9,
      "method": "GET",
      "url": "/api/v1/notifications/unread-count",
      "query": {},
      "params": {
        "path": [
          "notifications",
          "unread-count"
        ]
      },
      "headers": {
        "host": "localhost:5000",
        "connection": "keep-alive",
        "sec-ch-ua-platform": "\"Windows\"",
        "authorization": "[Redacted]",
        "user-agent": "Mozilla/5.0 (Windows NT 10.0; Win64; x64) AppleWebKit/537.36 (KHTML, like Gecko) Code/1.122.1 Chrome/142.0.7444.265 Electron/39.8.8 Safari/537.36",
        "sec-ch-ua": "\"Not_A Brand\";v=\"99\", \"Chromium\";v=\"142\"",
        "sec-ch-ua-mobile": "?0",
        "accept": "*/*",
        "origin": "http://localhost:3000",
        "sec-fetch-site": "same-site",
        "sec-fetch-mode": "cors",
        "sec-fetch-dest": "empty",
        "referer": "http://localhost:3000/",
        "accept-encoding": "gzip, deflate, br, zstd",
        "accept-language": "en-US",
        "if-none-match": "W/\"23-WgR9+nUlfRzXMzFiBE7oaznpWzo\""
      },
      "remoteAddress": "::1",
      "remotePort": 62943
    }
    [35mres[39m: {
      "statusCode": 304,
      "headers": {
        "x-powered-by": "Express",
        "access-control-allow-origin": "http://localhost:3000",
        "vary": "Origin",
        "access-control-allow-credentials": "true",
        "x-request-id": "373168f8-56dc-43b8-8fe4-1d9fb99a2e57",
        "x-content-type-options": "nosniff",
        "x-frame-options": "DENY",
        "x-xss-protection": "1; mode=block",
        "strict-transport-security": "max-age=31536000; includeSubDomains",
        "referrer-policy": "strict-origin-when-cross-origin",
        "permissions-policy": "camera=(), microphone=(), geolocation=()",
        "etag": "W/\"23-WgR9+nUlfRzXMzFiBE7oaznpWzo\""
      }
    }
    [35mresponseTime[39m: 130
[90m[4mquery:[24m[39m [94mSET[0m [37msearch_path[0m [94mTO[0m [37m"global"[0m[37m,[0m [37mglobal[0m[37m,[0m [37mpublic[0m
[90m[4mquery:[24m[39m [94mSET[0m [37msearch_path[0m [94mTO[0m [37m"global"[0m[37m,[0m [37mglobal[0m[37m,[0m [37mpublic[0m
[90m[4mquery:[24m[39m [94mSELECT[0m [37m"AnalyticsSnapshot"[0m[37m.[0m[37m"id"[0m [94mAS[0m [37m"AnalyticsSnapshot_id"[0m[37m,[0m [37m"AnalyticsSnapshot"[0m[37m.[0m[37m"createdAt"[0m [94mAS[0m [37m"AnalyticsSnapshot_createdAt"[0m[37m,[0m [37m"AnalyticsSnapshot"[0m[37m.[0m[37m"updatedAt"[0m [94mAS[0m [37m"AnalyticsSnapshot_updatedAt"[0m[37m,[0m [37m"AnalyticsSnapshot"[0m[37m.[0m[37m"deletedAt"[0m [94mAS[0m [37m"AnalyticsSnapshot_deletedAt"[0m[37m,[0m [37m"AnalyticsSnapshot"[0m[37m.[0m[37m"snapshotType"[0m [94mAS[0m [37m"AnalyticsSnapshot_snapshotType"[0m[37m,[0m [37m"AnalyticsSnapshot"[0m[37m.[0m[37m"periodStart"[0m [94mAS[0m [37m"AnalyticsSnapshot_periodStart"[0m[37m,[0m [37m"AnalyticsSnapshot"[0m[37m.[0m[37m"periodEnd"[0m [94mAS[0m [37m"AnalyticsSnapshot_periodEnd"[0m[37m,[0m [37m"AnalyticsSnapshot"[0m[37m.[0m[37m"data"[0m [94mAS[0m [37m"AnalyticsSnapshot_data"[0m[37m,[0m [37m"AnalyticsSnapshot"[0m[37m.[0m[37m"hotelId"[0m [94mAS[0m [37m"AnalyticsSnapshot_hotelId"[0m[37m,[0m [37m"AnalyticsSnapshot"[0m[37m.[0m[37m"notes"[0m [94mAS[0m [37m"AnalyticsSnapshot_notes"[0m [94mFROM[0m [37m"analytics_snapshots"[0m [37m"AnalyticsSnapshot"[0m [94mWHERE[0m [37m([0m [37m([0m[37m([0m[37m"AnalyticsSnapshot"[0m[37m.[0m[37m"snapshotType"[0m [37m=[0m [37m$[0m[32m1[0m[37m)[0m[37m)[0m [37m)[0m [94mAND[0m [37m([0m [37m"AnalyticsSnapshot"[0m[37m.[0m[37m"deletedAt"[0m [94mIS NULL[0m [37m)[0m [94mORDER BY[0m [37m"AnalyticsSnapshot"[0m[37m.[0m[37m"periodStart"[0m [94mDESC[0m [94mLIMIT[0m [32m1[0m [90m-- PARAMETERS: ["platform_kpi"][0m
[90m[4mquery:[24m[39m [94mSET[0m [37msearch_path[0m [94mTO[0m [37m"global"[0m[37m,[0m [37mglobal[0m[37m,[0m [37mpublic[0m
[90m[4mquery:[24m[39m [94mSELECT[0m [95mCOUNT[0m[37m([0m[32m1[0m[37m)[0m [94mAS[0m [37m"cnt"[0m [94mFROM[0m [37m"global"[0m[37m.[0m[37m"subscriptions"[0m [37m"Subscription"[0m [94mWHERE[0m [37m([0m[37m([0m[37m"Subscription"[0m[37m.[0m[37m"plan"[0m [37m=[0m [37m$[0m[32m1[0m[37m)[0m [94mAND[0m [37m([0m[37m"Subscription"[0m[37m.[0m[37m"status"[0m [37m=[0m [37m$[0m[32m2[0m[37m)[0m[37m)[0m [90m-- PARAMETERS: ["BASIC","ACTIVE"][0m
[90m[4mquery:[24m[39m [94mSELECT[0m [95mCOUNT[0m[37m([0m[32m1[0m[37m)[0m [94mAS[0m [37m"cnt"[0m [94mFROM[0m [37m"global"[0m[37m.[0m[37m"hotels"[0m [37m"Hotel"[0m [94mWHERE[0m [37m"Hotel"[0m[37m.[0m[37m"deletedAt"[0m [94mIS NULL[0m
[90m[4mquery:[24m[39m [94mSET[0m [37msearch_path[0m [94mTO[0m [37m"global"[0m[37m,[0m [37mglobal[0m[37m,[0m [37mpublic[0m
[90m[4mquery:[24m[39m [94mSELECT[0m [37m"AnalyticsSnapshot"[0m[37m.[0m[37m"id"[0m [94mAS[0m [37m"AnalyticsSnapshot_id"[0m[37m,[0m [37m"AnalyticsSnapshot"[0m[37m.[0m[37m"createdAt"[0m [94mAS[0m [37m"AnalyticsSnapshot_createdAt"[0m[37m,[0m [37m"AnalyticsSnapshot"[0m[37m.[0m[37m"updatedAt"[0m [94mAS[0m [37m"AnalyticsSnapshot_updatedAt"[0m[37m,[0m [37m"AnalyticsSnapshot"[0m[37m.[0m[37m"deletedAt"[0m [94mAS[0m [37m"AnalyticsSnapshot_deletedAt"[0m[37m,[0m [37m"AnalyticsSnapshot"[0m[37m.[0m[37m"snapshotType"[0m [94mAS[0m [37m"AnalyticsSnapshot_snapshotType"[0m[37m,[0m [37m"AnalyticsSnapshot"[0m[37m.[0m[37m"periodStart"[0m [94mAS[0m [37m"AnalyticsSnapshot_periodStart"[0m[37m,[0m [37m"AnalyticsSnapshot"[0m[37m.[0m[37m"periodEnd"[0m [94mAS[0m [37m"AnalyticsSnapshot_periodEnd"[0m[37m,[0m [37m"AnalyticsSnapshot"[0m[37m.[0m[37m"data"[0m [94mAS[0m [37m"AnalyticsSnapshot_data"[0m[37m,[0m [37m"AnalyticsSnapshot"[0m[37m.[0m[37m"hotelId"[0m [94mAS[0m [37m"AnalyticsSnapshot_hotelId"[0m[37m,[0m [37m"AnalyticsSnapshot"[0m[37m.[0m[37m"notes"[0m [94mAS[0m [37m"AnalyticsSnapshot_notes"[0m [94mFROM[0m [37m"analytics_snapshots"[0m [37m"AnalyticsSnapshot"[0m [94mWHERE[0m [37m([0m [37m([0m[37m([0m[37m"AnalyticsSnapshot"[0m[37m.[0m[37m"snapshotType"[0m [37m=[0m [37m$[0m[32m1[0m[37m)[0m[37m)[0m [37m)[0m [94mAND[0m [37m([0m [37m"AnalyticsSnapshot"[0m[37m.[0m[37m"deletedAt"[0m [94mIS NULL[0m [37m)[0m [94mORDER BY[0m [37m"AnalyticsSnapshot"[0m[37m.[0m[37m"periodStart"[0m [94mDESC[0m [94mLIMIT[0m [32m1[0m [90m-- PARAMETERS: ["platform_revenue"][0m
[90m[4mquery:[24m[39m [94mSET[0m [37msearch_path[0m [94mTO[0m [37m"global"[0m[37m,[0m [37mglobal[0m[37m,[0m [37mpublic[0m
[90m[4mquery:[24m[39m [94mSELECT[0m [95mCOUNT[0m[37m([0m[32m1[0m[37m)[0m [94mAS[0m [37m"cnt"[0m [94mFROM[0m [37m"global"[0m[37m.[0m[37m"subscriptions"[0m [37m"Subscription"[0m [94mWHERE[0m [37m([0m[37m([0m[37m"Subscription"[0m[37m.[0m[37m"plan"[0m [37m=[0m [37m$[0m[32m1[0m[37m)[0m [94mAND[0m [37m([0m[37m"Subscription"[0m[37m.[0m[37m"status"[0m [37m=[0m [37m$[0m[32m2[0m[37m)[0m[37m)[0m [90m-- PARAMETERS: ["ENTERPRISE","ACTIVE"][0m
[90m[4mquery:[24m[39m [94mSET[0m [37msearch_path[0m [94mTO[0m [37m"global"[0m[37m,[0m [37mglobal[0m[37m,[0m [37mpublic[0m
[90m[4mquery:[24m[39m [94mSELECT[0m [95mCOUNT[0m[37m([0m[32m1[0m[37m)[0m [94mAS[0m [37m"cnt"[0m [94mFROM[0m [37m"global"[0m[37m.[0m[37m"subscriptions"[0m [37m"Subscription"[0m [94mWHERE[0m [37m([0m[37m([0m[37m"Subscription"[0m[37m.[0m[37m"plan"[0m [37m=[0m [37m$[0m[32m1[0m[37m)[0m [94mAND[0m [37m([0m[37m"Subscription"[0m[37m.[0m[37m"status"[0m [37m=[0m [37m$[0m[32m2[0m[37m)[0m[37m)[0m [90m-- PARAMETERS: ["PROFESSIONAL","ACTIVE"][0m
[17:03:24.763] [32mINFO[39m (16336): [36mrequest completed[39m
    [35mreq[39m: {
      "id": 11,
      "method": "GET",
      "url": "/api/v1/platform/analytics/revenue-chart",
      "query": {},
      "params": {
        "path": [
          "platform",
          "analytics",
          "revenue-chart"
        ]
      },
      "headers": {
        "host": "localhost:5000",
        "connection": "keep-alive",
        "sec-ch-ua-platform": "\"Windows\"",
        "authorization": "[Redacted]",
        "user-agent": "Mozilla/5.0 (Windows NT 10.0; Win64; x64) AppleWebKit/537.36 (KHTML, like Gecko) Code/1.122.1 Chrome/142.0.7444.265 Electron/39.8.8 Safari/537.36",
        "sec-ch-ua": "\"Not_A Brand\";v=\"99\", \"Chromium\";v=\"142\"",
        "sec-ch-ua-mobile": "?0",
        "accept": "*/*",
        "origin": "http://localhost:3000",
        "sec-fetch-site": "same-site",
        "sec-fetch-mode": "cors",
        "sec-fetch-dest": "empty",
        "referer": "http://localhost:3000/",
        "accept-encoding": "gzip, deflate, br, zstd",
        "accept-language": "en-US",
        "if-none-match": "W/\"2-l9Fw4VUO7kr8CvBlt4zaMCqXZ0w\""
      },
      "remoteAddress": "::1",
      "remotePort": 62963
    }
    [35mres[39m: {
      "statusCode": 304,
      "headers": {
        "x-powered-by": "Express",
        "access-control-allow-origin": "http://localhost:3000",
        "vary": "Origin",
        "access-control-allow-credentials": "true",
        "x-request-id": "70df261c-26d9-407c-a983-d05a26ee0d08",
        "x-content-type-options": "nosniff",
        "x-frame-options": "DENY",
        "x-xss-protection": "1; mode=block",
        "strict-transport-security": "max-age=31536000; includeSubDomains",
        "referrer-policy": "strict-origin-when-cross-origin",
        "permissions-policy": "camera=(), microphone=(), geolocation=()",
        "etag": "W/\"2-l9Fw4VUO7kr8CvBlt4zaMCqXZ0w\""
      }
    }
    [35mresponseTime[39m: 224
[17:03:24.800] [32mINFO[39m (16336): [36mrequest completed[39m
    [35mreq[39m: {
      "id": 12,
      "method": "GET",
      "url": "/api/v1/platform/analytics/hotels-by-tier",
      "query": {},
      "params": {
        "path": [
          "platform",
          "analytics",
          "hotels-by-tier"
        ]
      },
      "headers": {
        "host": "localhost:5000",
        "connection": "keep-alive",
        "sec-ch-ua-platform": "\"Windows\"",
        "authorization": "[Redacted]",
        "user-agent": "Mozilla/5.0 (Windows NT 10.0; Win64; x64) AppleWebKit/537.36 (KHTML, like Gecko) Code/1.122.1 Chrome/142.0.7444.265 Electron/39.8.8 Safari/537.36",
        "sec-ch-ua": "\"Not_A Brand\";v=\"99\", \"Chromium\";v=\"142\"",
        "sec-ch-ua-mobile": "?0",
        "accept": "*/*",
        "origin": "http://localhost:3000",
        "sec-fetch-site": "same-site",
        "sec-fetch-mode": "cors",
        "sec-fetch-dest": "empty",
        "referer": "http://localhost:3000/",
        "accept-encoding": "gzip, deflate, br, zstd",
        "accept-language": "en-US",
        "if-none-match": "W/\"8b-Jbawk9wqTnL+Fup54CliW4x3Tf4\""
      },
      "remoteAddress": "::1",
      "remotePort": 62965
    }
    [35mres[39m: {
      "statusCode": 200,
      "headers": {
        "x-powered-by": "Express",
        "access-control-allow-origin": "http://localhost:3000",
        "vary": "Origin",
        "access-control-allow-credentials": "true",
        "x-request-id": "ff072b2c-5e9d-4f87-ad6c-8af0eb7bc02f",
        "x-content-type-options": "nosniff",
        "x-frame-options": "DENY",
        "x-xss-protection": "1; mode=block",
        "strict-transport-security": "max-age=31536000; includeSubDomains",
        "referrer-policy": "strict-origin-when-cross-origin",
        "permissions-policy": "camera=(), microphone=(), geolocation=()",
        "content-type": "application/json; charset=utf-8",
        "content-length": "139",
        "etag": "W/\"8b-ZJF2TqWqDfLDpMeJrnyJH8Hjb68\""
      }
    }
    [35mresponseTime[39m: 250
[90m[4mquery:[24m[39m [94mSET[0m [37msearch_path[0m [94mTO[0m [37m"global"[0m[37m,[0m [37mglobal[0m[37m,[0m [37mpublic[0m
[90m[4mquery:[24m[39m [94mSELECT[0m [37m"AuditLog"[0m[37m.[0m[37m"id"[0m [94mAS[0m [37m"AuditLog_id"[0m[37m,[0m [37m"AuditLog"[0m[37m.[0m[37m"createdAt"[0m [94mAS[0m [37m"AuditLog_createdAt"[0m[37m,[0m [37m"AuditLog"[0m[37m.[0m[37m"updatedAt"[0m [94mAS[0m [37m"AuditLog_updatedAt"[0m[37m,[0m [37m"AuditLog"[0m[37m.[0m[37m"deletedAt"[0m [94mAS[0m [37m"AuditLog_deletedAt"[0m[37m,[0m [37m"AuditLog"[0m[37m.[0m[37m"userId"[0m [94mAS[0m [37m"AuditLog_userId"[0m[37m,[0m [37m"AuditLog"[0m[37m.[0m[37m"hotelId"[0m [94mAS[0m [37m"AuditLog_hotelId"[0m[37m,[0m [37m"AuditLog"[0m[37m.[0m[37m"action"[0m [94mAS[0m [37m"AuditLog_action"[0m[37m,[0m [37m"AuditLog"[0m[37m.[0m[37m"resourceType"[0m [94mAS[0m [37m"AuditLog_resourceType"[0m[37m,[0m [37m"AuditLog"[0m[37m.[0m[37m"resourceId"[0m [94mAS[0m [37m"AuditLog_resourceId"[0m[37m,[0m [37m"AuditLog"[0m[37m.[0m[37m"oldValues"[0m [94mAS[0m [37m"AuditLog_oldValues"[0m[37m,[0m [37m"AuditLog"[0m[37m.[0m[37m"newValues"[0m [94mAS[0m [37m"AuditLog_newValues"[0m[37m,[0m [37m"AuditLog"[0m[37m.[0m[37m"description"[0m [94mAS[0m [37m"AuditLog_description"[0m[37m,[0m [37m"AuditLog"[0m[37m.[0m[37m"metadata"[0m [94mAS[0m [37m"AuditLog_metadata"[0m[37m,[0m [37m"AuditLog"[0m[37m.[0m[37m"performedBy"[0m [94mAS[0m [37m"AuditLog_performedBy"[0m [94mFROM[0m [37m"global"[0m[37m.[0m[37m"audit_logs"[0m [37m"AuditLog"[0m [94mWHERE[0m [37m"AuditLog"[0m[37m.[0m[37m"deletedAt"[0m [94mIS NULL[0m [94mORDER BY[0m [37m"AuditLog"[0m[37m.[0m[37m"createdAt"[0m [94mDESC[0m [94mLIMIT[0m [32m20[0m
[90m[4mquery:[24m[39m [94mSET[0m [37msearch_path[0m [94mTO[0m [37m"global"[0m[37m,[0m [37mglobal[0m[37m,[0m [37mpublic[0m
[90m[4mquery:[24m[39m [94mSELECT[0m [95mCOUNT[0m[37m([0m[32m1[0m[37m)[0m [94mAS[0m [37m"cnt"[0m [94mFROM[0m [37m"global"[0m[37m.[0m[37m"subscriptions"[0m [37m"Subscription"[0m [94mWHERE[0m [37m([0m[37m([0m[37m"Subscription"[0m[37m.[0m[37m"status"[0m [37m=[0m [37m$[0m[32m1[0m[37m)[0m[37m)[0m [90m-- PARAMETERS: ["ACTIVE"][0m
[17:03:24.836] [32mINFO[39m (16336): [36mrequest completed[39m
    [35mreq[39m: {
      "id": 13,
      "method": "GET",
      "url": "/api/v1/platform/analytics/audit-logs",
      "query": {},
      "params": {
        "path": [
          "platform",
          "analytics",
          "audit-logs"
        ]
      },
      "headers": {
        "host": "localhost:5000",
        "connection": "keep-alive",
        "sec-ch-ua-platform": "\"Windows\"",
        "authorization": "[Redacted]",
        "user-agent": "Mozilla/5.0 (Windows NT 10.0; Win64; x64) AppleWebKit/537.36 (KHTML, like Gecko) Code/1.122.1 Chrome/142.0.7444.265 Electron/39.8.8 Safari/537.36",
        "sec-ch-ua": "\"Not_A Brand\";v=\"99\", \"Chromium\";v=\"142\"",
        "sec-ch-ua-mobile": "?0",
        "accept": "*/*",
        "origin": "http://localhost:3000",
        "sec-fetch-site": "same-site",
        "sec-fetch-mode": "cors",
        "sec-fetch-dest": "empty",
        "referer": "http://localhost:3000/",
        "accept-encoding": "gzip, deflate, br, zstd",
        "accept-language": "en-US",
        "if-none-match": "W/\"3ef-OuybYegKcgxolSuWnFuHDvXgoDA\""
      },
      "remoteAddress": "::1",
      "remotePort": 62966
    }
    [35mres[39m: {
      "statusCode": 200,
      "headers": {
        "x-powered-by": "Express",
        "access-control-allow-origin": "http://localhost:3000",
        "vary": "Origin",
        "access-control-allow-credentials": "true",
        "x-request-id": "0d9de9a0-a186-4c5f-945a-9ea0781f33bc",
        "x-content-type-options": "nosniff",
        "x-frame-options": "DENY",
        "x-xss-protection": "1; mode=block",
        "strict-transport-security": "max-age=31536000; includeSubDomains",
        "referrer-policy": "strict-origin-when-cross-origin",
        "permissions-policy": "camera=(), microphone=(), geolocation=()",
        "content-type": "application/json; charset=utf-8",
        "content-length": "2",
        "etag": "W/\"2-l9Fw4VUO7kr8CvBlt4zaMCqXZ0w\""
      }
    }
    [35mresponseTime[39m: 276
[90m[4mquery:[24m[39m [94mSET[0m [37msearch_path[0m [94mTO[0m [37m"global"[0m[37m,[0m [37mglobal[0m[37m,[0m [37mpublic[0m
[90m[4mquery:[24m[39m [94mSELECT[0m [95mCOUNT[0m[37m([0m[32m1[0m[37m)[0m [94mAS[0m [37m"cnt"[0m [94mFROM[0m [37m"global"[0m[37m.[0m[37m"users"[0m [37m"User"[0m [94mWHERE[0m [37m([0m [37m([0m[37m([0m[37m"User"[0m[37m.[0m[37m"isActive"[0m [37m=[0m [37m$[0m[32m1[0m[37m)[0m[37m)[0m [37m)[0m [94mAND[0m [37m([0m [37m"User"[0m[37m.[0m[37m"deletedAt"[0m [94mIS NULL[0m [37m)[0m [90m-- PARAMETERS: [true][0m
[90m[4mquery:[24m[39m [94mSET[0m [37msearch_path[0m [94mTO[0m [37m"global"[0m[37m,[0m [37mglobal[0m[37m,[0m [37mpublic[0m
[90m[4mquery:[24m[39m [94mSELECT[0m [95mSUM[0m[37m([0m[37m"sub"[0m[37m.[0m[37m"price"[0m[37m)[0m [94mAS[0m [37m"mrr"[0m [94mFROM[0m [37m"global"[0m[37m.[0m[37m"subscriptions"[0m [37m"sub"[0m [94mWHERE[0m [37m"sub"[0m[37m.[0m[37m"status"[0m [37m=[0m [37m$[0m[32m1[0m [90m-- PARAMETERS: ["ACTIVE"][0m
[90m[4mquery:[24m[39m [94mSET[0m [37msearch_path[0m [94mTO[0m [37m"global"[0m[37m,[0m [37mglobal[0m[37m,[0m [37mpublic[0m
[90m[4mquery:[24m[39m [94mSELECT[0m [37m"Hotel"[0m[37m.[0m[37m"id"[0m [94mAS[0m [37m"Hotel_id"[0m[37m,[0m [37m"Hotel"[0m[37m.[0m[37m"createdAt"[0m [94mAS[0m [37m"Hotel_createdAt"[0m[37m,[0m [37m"Hotel"[0m[37m.[0m[37m"updatedAt"[0m [94mAS[0m [37m"Hotel_updatedAt"[0m[37m,[0m [37m"Hotel"[0m[37m.[0m[37m"deletedAt"[0m [94mAS[0m [37m"Hotel_deletedAt"[0m[37m,[0m [37m"Hotel"[0m[37m.[0m[37m"name"[0m [94mAS[0m [37m"Hotel_name"[0m[37m,[0m [37m"Hotel"[0m[37m.[0m[37m"slug"[0m [94mAS[0m [37m"Hotel_slug"[0m[37m,[0m [37m"Hotel"[0m[37m.[0m[37m"type"[0m [94mAS[0m [37m"Hotel_type"[0m[37m,[0m [37m"Hotel"[0m[37m.[0m[37m"description"[0m [94mAS[0m [37m"Hotel_description"[0m[37m,[0m [37m"Hotel"[0m[37m.[0m[37m"schemaName"[0m [94mAS[0m [37m"Hotel_schemaName"[0m[37m,[0m [37m"Hotel"[0m[37m.[0m[37m"status"[0m [94mAS[0m [37m"Hotel_status"[0m[37m,[0m [37m"Hotel"[0m[37m.[0m[37m"subdomain"[0m [94mAS[0m [37m"Hotel_subdomain"[0m[37m,[0m [37m"Hotel"[0m[37m.[0m[37m"location"[0m [94mAS[0m [37m"Hotel_location"[0m[37m,[0m [37m"Hotel"[0m[37m.[0m[37m"region"[0m [94mAS[0m [37m"Hotel_region"[0m[37m,[0m [37m"Hotel"[0m[37m.[0m[37m"timezone"[0m [94mAS[0m [37m"Hotel_timezone"[0m[37m,[0m [37m"Hotel"[0m[37m.[0m[37m"currency"[0m [94mAS[0m [37m"Hotel_currency"[0m[37m,[0m [37m"Hotel"[0m[37m.[0m[37m"ownerName"[0m [94mAS[0m [37m"Hotel_ownerName"[0m[37m,[0m [37m"Hotel"[0m[37m.[0m[37m"ownerEmail"[0m [94mAS[0m [37m"Hotel_ownerEmail"[0m[37m,[0m [37m"Hotel"[0m[37m.[0m[37m"branding"[0m [94mAS[0m [37m"Hotel_branding"[0m[37m,[0m [37m"Hotel"[0m[37m.[0m[37m"settings"[0m [94mAS[0m [37m"Hotel_settings"[0m[37m,[0m [37m"Hotel"[0m[37m.[0m[37m"subscription"[0m [94mAS[0m [37m"Hotel_subscription"[0m[37m,[0m [37m"Hotel"[0m[37m.[0m[37m"paymentMethods"[0m [94mAS[0m [37m"Hotel_paymentMethods"[0m[37m,[0m [37m"Hotel"[0m[37m.[0m[37m"cancellationPolicy"[0m [94mAS[0m [37m"Hotel_cancellationPolicy"[0m[37m,[0m [37m"Hotel"[0m[37m.[0m[37m"storageUsedMb"[0m [94mAS[0m [37m"Hotel_storageUsedMb"[0m[37m,[0m [37m"Hotel"[0m[37m.[0m[37m"rooms"[0m [94mAS[0m [37m"Hotel_rooms"[0m[37m,[0m [37m"Hotel"[0m[37m.[0m[37m"maintenanceMode"[0m [94mAS[0m [37m"Hotel_maintenanceMode"[0m [94mFROM[0m [37m"global"[0m[37m.[0m[37m"hotels"[0m [37m"Hotel"[0m [94mWHERE[0m [37m([0m [37m([0m[37m([0m[37m"Hotel"[0m[37m.[0m[37m"status"[0m [37m=[0m [37m$[0m[32m1[0m[37m)[0m[37m)[0m [37m)[0m [94mAND[0m [37m([0m [37m"Hotel"[0m[37m.[0m[37m"deletedAt"[0m [94mIS NULL[0m [37m)[0m [90m-- PARAMETERS: ["ACTIVE"][0m
[90m[4mquery:[24m[39m [94mSET[0m [37msearch_path[0m [94mTO[0m [37m"global"[0m[37m,[0m [37mglobal[0m[37m,[0m [37mpublic[0m
[90m[4mquery:[24m[39m [94mSELECT[0m [95mCOUNT[0m[37m([0m[37m*[0m[37m)[0m [94mas[0m [37mcount[0m [94mFROM[0m [37m"hotel_5078f5ae_e812_4491_8889_853725577b00"[0m[37m.[0m[37m"bookings"[0m
[17:03:24.991] [32mINFO[39m (16336): [36mrequest completed[39m
    [35mreq[39m: {
      "id": 10,
      "method": "GET",
      "url": "/api/v1/platform/analytics/kpis",
      "query": {},
      "params": {
        "path": [
          "platform",
          "analytics",
          "kpis"
        ]
      },
      "headers": {
        "host": "localhost:5000",
        "connection": "keep-alive",
        "sec-ch-ua-platform": "\"Windows\"",
        "authorization": "[Redacted]",
        "user-agent": "Mozilla/5.0 (Windows NT 10.0; Win64; x64) AppleWebKit/537.36 (KHTML, like Gecko) Code/1.122.1 Chrome/142.0.7444.265 Electron/39.8.8 Safari/537.36",
        "sec-ch-ua": "\"Not_A Brand\";v=\"99\", \"Chromium\";v=\"142\"",
        "sec-ch-ua-mobile": "?0",
        "accept": "*/*",
        "origin": "http://localhost:3000",
        "sec-fetch-site": "same-site",
        "sec-fetch-mode": "cors",
        "sec-fetch-dest": "empty",
        "referer": "http://localhost:3000/",
        "accept-encoding": "gzip, deflate, br, zstd",
        "accept-language": "en-US",
        "if-none-match": "W/\"86-rsPP4GyJ4qff+d5ZYCK2Jfm13LM\""
      },
      "remoteAddress": "::1",
      "remotePort": 62964
    }
    [35mres[39m: {
      "statusCode": 200,
      "headers": {
        "x-powered-by": "Express",
        "access-control-allow-origin": "http://localhost:3000",
        "vary": "Origin",
        "access-control-allow-credentials": "true",
        "x-request-id": "e351a1c1-07d0-4e68-a73f-535b464696d9",
        "x-content-type-options": "nosniff",
        "x-frame-options": "DENY",
        "x-xss-protection": "1; mode=block",
        "strict-transport-security": "max-age=31536000; includeSubDomains",
        "referrer-policy": "strict-origin-when-cross-origin",
        "permissions-policy": "camera=(), microphone=(), geolocation=()",
        "content-type": "application/json; charset=utf-8",
        "content-length": "133",
        "etag": "W/\"85-FGggefkDlwxo6lxB83MiqIQ7iG0\""
      }
    }
    [35mresponseTime[39m: 471
[90m[4mquery:[24m[39m [94mSET[0m [37msearch_path[0m [94mTO[0m [37m"global"[0m[37m,[0m [37mglobal[0m[37m,[0m [37mpublic[0m
[90m[4mquery:[24m[39m [94mSELECT[0m [95mCOUNT[0m[37m([0m[32m1[0m[37m)[0m [94mAS[0m [37m"cnt"[0m [94mFROM[0m [37m"notifications"[0m [37m"Notification"[0m [94mWHERE[0m [37m([0m [37m([0m[37m([0m[37m"Notification"[0m[37m.[0m[37m"userId"[0m [37m=[0m [37m$[0m[32m1[0m[37m)[0m[37m)[0m [37m)[0m [94mAND[0m [37m([0m [37m"Notification"[0m[37m.[0m[37m"deletedAt"[0m [94mIS NULL[0m [37m)[0m [90m-- PARAMETERS: ["573ff1e8-0c00-4855-a90b-24a6b8cd0c64"][0m
[17:03:36.646] [32mINFO[39m (16336): [36mrequest completed[39m
    [35mreq[39m: {
      "id": 14,
      "method": "GET",
      "url": "/api/v1/notifications/unread-count",
      "query": {},
      "params": {
        "path": [
          "notifications",
          "unread-count"
        ]
      },
      "headers": {
        "host": "localhost:5000",
        "connection": "keep-alive",
        "sec-ch-ua-platform": "\"Windows\"",
        "authorization": "[Redacted]",
        "user-agent": "Mozilla/5.0 (Windows NT 10.0; Win64; x64) AppleWebKit/537.36 (KHTML, like Gecko) Code/1.122.1 Chrome/142.0.7444.265 Electron/39.8.8 Safari/537.36",
        "sec-ch-ua": "\"Not_A Brand\";v=\"99\", \"Chromium\";v=\"142\"",
        "sec-ch-ua-mobile": "?0",
        "accept": "*/*",
        "origin": "http://localhost:3000",
        "sec-fetch-site": "same-site",
        "sec-fetch-mode": "cors",
        "sec-fetch-dest": "empty",
        "referer": "http://localhost:3000/",
        "accept-encoding": "gzip, deflate, br, zstd",
        "accept-language": "en-US",
        "if-none-match": "W/\"23-WgR9+nUlfRzXMzFiBE7oaznpWzo\""
      },
      "remoteAddress": "::1",
      "remotePort": 62988
    }
    [35mres[39m: {
      "statusCode": 304,
      "headers": {
        "x-powered-by": "Express",
        "access-control-allow-origin": "http://localhost:3000",
        "vary": "Origin",
        "access-control-allow-credentials": "true",
        "x-request-id": "4b97d9f2-936f-448b-97e1-62851ee4b3a7",
        "x-content-type-options": "nosniff",
        "x-frame-options": "DENY",
        "x-xss-protection": "1; mode=block",
        "strict-transport-security": "max-age=31536000; includeSubDomains",
        "referrer-policy": "strict-origin-when-cross-origin",
        "permissions-policy": "camera=(), microphone=(), geolocation=()",
        "etag": "W/\"23-WgR9+nUlfRzXMzFiBE7oaznpWzo\""
      }
    }
    [35mresponseTime[39m: 220
[90m[4mquery:[24m[39m [94mSET[0m [37msearch_path[0m [94mTO[0m [37m"global"[0m[37m,[0m [37mglobal[0m[37m,[0m [37mpublic[0m
[90m[4mquery:[24m[39m [94mSELECT[0m [95mCOUNT[0m[37m([0m[32m1[0m[37m)[0m [94mAS[0m [37m"cnt"[0m [94mFROM[0m [37m"notifications"[0m [37m"Notification"[0m [94mWHERE[0m [37m([0m [37m([0m[37m([0m[37m"Notification"[0m[37m.[0m[37m"userId"[0m [37m=[0m [37m$[0m[32m1[0m[37m)[0m[37m)[0m [37m)[0m [94mAND[0m [37m([0m [37m"Notification"[0m[37m.[0m[37m"deletedAt"[0m [94mIS NULL[0m [37m)[0m [90m-- PARAMETERS: ["573ff1e8-0c00-4855-a90b-24a6b8cd0c64"][0m
[17:04:06.551] [32mINFO[39m (16336): [36mrequest completed[39m
    [35mreq[39m: {
      "id": 15,
      "method": "GET",
      "url": "/api/v1/notifications/unread-count",
      "query": {},
      "params": {
        "path": [
          "notifications",
          "unread-count"
        ]
      },
      "headers": {
        "host": "localhost:5000",
        "connection": "keep-alive",
        "sec-ch-ua-platform": "\"Windows\"",
        "authorization": "[Redacted]",
        "user-agent": "Mozilla/5.0 (Windows NT 10.0; Win64; x64) AppleWebKit/537.36 (KHTML, like Gecko) Code/1.122.1 Chrome/142.0.7444.265 Electron/39.8.8 Safari/537.36",
        "sec-ch-ua": "\"Not_A Brand\";v=\"99\", \"Chromium\";v=\"142\"",
        "sec-ch-ua-mobile": "?0",
        "accept": "*/*",
        "origin": "http://localhost:3000",
        "sec-fetch-site": "same-site",
        "sec-fetch-mode": "cors",
        "sec-fetch-dest": "empty",
        "referer": "http://localhost:3000/",
        "accept-encoding": "gzip, deflate, br, zstd",
        "accept-language": "en-US",
        "if-none-match": "W/\"23-WgR9+nUlfRzXMzFiBE7oaznpWzo\""
      },
      "remoteAddress": "::1",
      "remotePort": 63024
    }
    [35mres[39m: {
      "statusCode": 304,
      "headers": {
        "x-powered-by": "Express",
        "access-control-allow-origin": "http://localhost:3000",
        "vary": "Origin",
        "access-control-allow-credentials": "true",
        "x-request-id": "ddb62f2b-dc70-4db0-88d9-f7420578113a",
        "x-content-type-options": "nosniff",
        "x-frame-options": "DENY",
        "x-xss-protection": "1; mode=block",
        "strict-transport-security": "max-age=31536000; includeSubDomains",
        "referrer-policy": "strict-origin-when-cross-origin",
        "permissions-policy": "camera=(), microphone=(), geolocation=()",
        "etag": "W/\"23-WgR9+nUlfRzXMzFiBE7oaznpWzo\""
      }
    }
    [35mresponseTime[39m: 121
[90m[4mquery:[24m[39m [94mSET[0m [37msearch_path[0m [94mTO[0m [37m"global"[0m[37m,[0m [37mglobal[0m[37m,[0m [37mpublic[0m
[90m[4mquery:[24m[39m [94mSELECT[0m [95mCOUNT[0m[37m([0m[32m1[0m[37m)[0m [94mAS[0m [37m"cnt"[0m [94mFROM[0m [37m"notifications"[0m [37m"Notification"[0m [94mWHERE[0m [37m([0m [37m([0m[37m([0m[37m"Notification"[0m[37m.[0m[37m"userId"[0m [37m=[0m [37m$[0m[32m1[0m[37m)[0m[37m)[0m [37m)[0m [94mAND[0m [37m([0m [37m"Notification"[0m[37m.[0m[37m"deletedAt"[0m [94mIS NULL[0m [37m)[0m [90m-- PARAMETERS: ["573ff1e8-0c00-4855-a90b-24a6b8cd0c64"][0m
[17:04:36.497] [32mINFO[39m (16336): [36mrequest completed[39m
    [35mreq[39m: {
      "id": 16,
      "method": "GET",
      "url": "/api/v1/notifications/unread-count",
      "query": {},
      "params": {
        "path": [
          "notifications",
          "unread-count"
        ]
      },
      "headers": {
        "host": "localhost:5000",
        "connection": "keep-alive",
        "sec-ch-ua-platform": "\"Windows\"",
        "authorization": "[Redacted]",
        "user-agent": "Mozilla/5.0 (Windows NT 10.0; Win64; x64) AppleWebKit/537.36 (KHTML, like Gecko) Code/1.122.1 Chrome/142.0.7444.265 Electron/39.8.8 Safari/537.36",
        "sec-ch-ua": "\"Not_A Brand\";v=\"99\", \"Chromium\";v=\"142\"",
        "sec-ch-ua-mobile": "?0",
        "accept": "*/*",
        "origin": "http://localhost:3000",
        "sec-fetch-site": "same-site",
        "sec-fetch-mode": "cors",
        "sec-fetch-dest": "empty",
        "referer": "http://localhost:3000/",
        "accept-encoding": "gzip, deflate, br, zstd",
        "accept-language": "en-US",
        "if-none-match": "W/\"23-WgR9+nUlfRzXMzFiBE7oaznpWzo\""
      },
      "remoteAddress": "::1",
      "remotePort": 63057
    }
    [35mres[39m: {
      "statusCode": 304,
      "headers": {
        "x-powered-by": "Express",
        "access-control-allow-origin": "http://localhost:3000",
        "vary": "Origin",
        "access-control-allow-credentials": "true",
        "x-request-id": "f404b483-dcf9-4407-a136-6f43fde9983f",
        "x-content-type-options": "nosniff",
        "x-frame-options": "DENY",
        "x-xss-protection": "1; mode=block",
        "strict-transport-security": "max-age=31536000; includeSubDomains",
        "referrer-policy": "strict-origin-when-cross-origin",
        "permissions-policy": "camera=(), microphone=(), geolocation=()",
        "etag": "W/\"23-WgR9+nUlfRzXMzFiBE7oaznpWzo\""
      }
    }
    [35mresponseTime[39m: 86
[90m[4mquery:[24m[39m [94mSET[0m [37msearch_path[0m [94mTO[0m [37m"global"[0m[37m,[0m [37mglobal[0m[37m,[0m [37mpublic[0m
[90m[4mquery:[24m[39m [94mSELECT[0m [95mCOUNT[0m[37m([0m[32m1[0m[37m)[0m [94mAS[0m [37m"cnt"[0m [94mFROM[0m [37m"notifications"[0m [37m"Notification"[0m [94mWHERE[0m [37m([0m [37m([0m[37m([0m[37m"Notification"[0m[37m.[0m[37m"userId"[0m [37m=[0m [37m$[0m[32m1[0m[37m)[0m[37m)[0m [37m)[0m [94mAND[0m [37m([0m [37m"Notification"[0m[37m.[0m[37m"deletedAt"[0m [94mIS NULL[0m [37m)[0m [90m-- PARAMETERS: ["573ff1e8-0c00-4855-a90b-24a6b8cd0c64"][0m
[17:05:06.575] [32mINFO[39m (16336): [36mrequest completed[39m
    [35mreq[39m: {
      "id": 17,
      "method": "GET",
      "url": "/api/v1/notifications/unread-count",
      "query": {},
      "params": {
        "path": [
          "notifications",
          "unread-count"
        ]
      },
      "headers": {
        "host": "localhost:5000",
        "connection": "keep-alive",
        "sec-ch-ua-platform": "\"Windows\"",
        "authorization": "[Redacted]",
        "user-agent": "Mozilla/5.0 (Windows NT 10.0; Win64; x64) AppleWebKit/537.36 (KHTML, like Gecko) Code/1.122.1 Chrome/142.0.7444.265 Electron/39.8.8 Safari/537.36",
        "sec-ch-ua": "\"Not_A Brand\";v=\"99\", \"Chromium\";v=\"142\"",
        "sec-ch-ua-mobile": "?0",
        "accept": "*/*",
        "origin": "http://localhost:3000",
        "sec-fetch-site": "same-site",
        "sec-fetch-mode": "cors",
        "sec-fetch-dest": "empty",
        "referer": "http://localhost:3000/",
        "accept-encoding": "gzip, deflate, br, zstd",
        "accept-language": "en-US",
        "if-none-match": "W/\"23-WgR9+nUlfRzXMzFiBE7oaznpWzo\""
      },
      "remoteAddress": "::1",
      "remotePort": 63098
    }
    [35mres[39m: {
      "statusCode": 304,
      "headers": {
        "x-powered-by": "Express",
        "access-control-allow-origin": "http://localhost:3000",
        "vary": "Origin",
        "access-control-allow-credentials": "true",
        "x-request-id": "3bab8915-94cd-41cc-b07b-3752b3471a06",
        "x-content-type-options": "nosniff",
        "x-frame-options": "DENY",
        "x-xss-protection": "1; mode=block",
        "strict-transport-security": "max-age=31536000; includeSubDomains",
        "referrer-policy": "strict-origin-when-cross-origin",
        "permissions-policy": "camera=(), microphone=(), geolocation=()",
        "etag": "W/\"23-WgR9+nUlfRzXMzFiBE7oaznpWzo\""
      }
    }
    [35mresponseTime[39m: 147
[90m[4mquery:[24m[39m [94mSET[0m [37msearch_path[0m [94mTO[0m [37m"global"[0m[37m,[0m [37mglobal[0m[37m,[0m [37mpublic[0m
[90m[4mquery:[24m[39m [94mSELECT[0m [95mCOUNT[0m[37m([0m[32m1[0m[37m)[0m [94mAS[0m [37m"cnt"[0m [94mFROM[0m [37m"notifications"[0m [37m"Notification"[0m [94mWHERE[0m [37m([0m [37m([0m[37m([0m[37m"Notification"[0m[37m.[0m[37m"userId"[0m [37m=[0m [37m$[0m[32m1[0m[37m)[0m[37m)[0m [37m)[0m [94mAND[0m [37m([0m [37m"Notification"[0m[37m.[0m[37m"deletedAt"[0m [94mIS NULL[0m [37m)[0m [90m-- PARAMETERS: ["573ff1e8-0c00-4855-a90b-24a6b8cd0c64"][0m
[17:05:36.550] [32mINFO[39m (16336): [36mrequest completed[39m
    [35mreq[39m: {
      "id": 18,
      "method": "GET",
      "url": "/api/v1/notifications/unread-count",
      "query": {},
      "params": {
        "path": [
          "notifications",
          "unread-count"
        ]
      },
      "headers": {
        "host": "localhost:5000",
        "connection": "keep-alive",
        "sec-ch-ua-platform": "\"Windows\"",
        "authorization": "[Redacted]",
        "user-agent": "Mozilla/5.0 (Windows NT 10.0; Win64; x64) AppleWebKit/537.36 (KHTML, like Gecko) Code/1.122.1 Chrome/142.0.7444.265 Electron/39.8.8 Safari/537.36",
        "sec-ch-ua": "\"Not_A Brand\";v=\"99\", \"Chromium\";v=\"142\"",
        "sec-ch-ua-mobile": "?0",
        "accept": "*/*",
        "origin": "http://localhost:3000",
        "sec-fetch-site": "same-site",
        "sec-fetch-mode": "cors",
        "sec-fetch-dest": "empty",
        "referer": "http://localhost:3000/",
        "accept-encoding": "gzip, deflate, br, zstd",
        "accept-language": "en-US",
        "if-none-match": "W/\"23-WgR9+nUlfRzXMzFiBE7oaznpWzo\""
      },
      "remoteAddress": "::1",
      "remotePort": 63133
    }
    [35mres[39m: {
      "statusCode": 304,
      "headers": {
        "x-powered-by": "Express",
        "access-control-allow-origin": "http://localhost:3000",
        "vary": "Origin",
        "access-control-allow-credentials": "true",
        "x-request-id": "ee78bb65-3615-40b9-b70f-349ed2b56237",
        "x-content-type-options": "nosniff",
        "x-frame-options": "DENY",
        "x-xss-protection": "1; mode=block",
        "strict-transport-security": "max-age=31536000; includeSubDomains",
        "referrer-policy": "strict-origin-when-cross-origin",
        "permissions-policy": "camera=(), microphone=(), geolocation=()",
        "etag": "W/\"23-WgR9+nUlfRzXMzFiBE7oaznpWzo\""
      }
    }
    [35mresponseTime[39m: 118
[90m[4mquery:[24m[39m [94mSET[0m [37msearch_path[0m [94mTO[0m [37m"global"[0m[37m,[0m [37mglobal[0m[37m,[0m [37mpublic[0m
[90m[4mquery:[24m[39m [94mSELECT[0m [95mCOUNT[0m[37m([0m[32m1[0m[37m)[0m [94mAS[0m [37m"cnt"[0m [94mFROM[0m [37m"notifications"[0m [37m"Notification"[0m [94mWHERE[0m [37m([0m [37m([0m[37m([0m[37m"Notification"[0m[37m.[0m[37m"userId"[0m [37m=[0m [37m$[0m[32m1[0m[37m)[0m[37m)[0m [37m)[0m [94mAND[0m [37m([0m [37m"Notification"[0m[37m.[0m[37m"deletedAt"[0m [94mIS NULL[0m [37m)[0m [90m-- PARAMETERS: ["573ff1e8-0c00-4855-a90b-24a6b8cd0c64"][0m
[17:06:06.620] [32mINFO[39m (16336): [36mrequest completed[39m
    [35mreq[39m: {
      "id": 19,
      "method": "GET",
      "url": "/api/v1/notifications/unread-count",
      "query": {},
      "params": {
        "path": [
          "notifications",
          "unread-count"
        ]
      },
      "headers": {
        "host": "localhost:5000",
        "connection": "keep-alive",
        "sec-ch-ua-platform": "\"Windows\"",
        "authorization": "[Redacted]",
        "user-agent": "Mozilla/5.0 (Windows NT 10.0; Win64; x64) AppleWebKit/537.36 (KHTML, like Gecko) Code/1.122.1 Chrome/142.0.7444.265 Electron/39.8.8 Safari/537.36",
        "sec-ch-ua": "\"Not_A Brand\";v=\"99\", \"Chromium\";v=\"142\"",
        "sec-ch-ua-mobile": "?0",
        "accept": "*/*",
        "origin": "http://localhost:3000",
        "sec-fetch-site": "same-site",
        "sec-fetch-mode": "cors",
        "sec-fetch-dest": "empty",
        "referer": "http://localhost:3000/",
        "accept-encoding": "gzip, deflate, br, zstd",
        "accept-language": "en-US",
        "if-none-match": "W/\"23-WgR9+nUlfRzXMzFiBE7oaznpWzo\""
      },
      "remoteAddress": "::1",
      "remotePort": 63173
    }
    [35mres[39m: {
      "statusCode": 304,
      "headers": {
        "x-powered-by": "Express",
        "access-control-allow-origin": "http://localhost:3000",
        "vary": "Origin",
        "access-control-allow-credentials": "true",
        "x-request-id": "2343ec3d-6f54-4ab9-9a2c-fea8fef64b1f",
        "x-content-type-options": "nosniff",
        "x-frame-options": "DENY",
        "x-xss-protection": "1; mode=block",
        "strict-transport-security": "max-age=31536000; includeSubDomains",
        "referrer-policy": "strict-origin-when-cross-origin",
        "permissions-policy": "camera=(), microphone=(), geolocation=()",
        "etag": "W/\"23-WgR9+nUlfRzXMzFiBE7oaznpWzo\""
      }
    }
    [35mresponseTime[39m: 190
[90m[4mquery:[24m[39m [94mSET[0m [37msearch_path[0m [94mTO[0m [37m"global"[0m[37m,[0m [37mglobal[0m[37m,[0m [37mpublic[0m
[90m[4mquery:[24m[39m [94mSELECT[0m [95mCOUNT[0m[37m([0m[32m1[0m[37m)[0m [94mAS[0m [37m"cnt"[0m [94mFROM[0m [37m"notifications"[0m [37m"Notification"[0m [94mWHERE[0m [37m([0m [37m([0m[37m([0m[37m"Notification"[0m[37m.[0m[37m"userId"[0m [37m=[0m [37m$[0m[32m1[0m[37m)[0m[37m)[0m [37m)[0m [94mAND[0m [37m([0m [37m"Notification"[0m[37m.[0m[37m"deletedAt"[0m [94mIS NULL[0m [37m)[0m [90m-- PARAMETERS: ["573ff1e8-0c00-4855-a90b-24a6b8cd0c64"][0m
[17:06:36.517] [32mINFO[39m (16336): [36mrequest completed[39m
    [35mreq[39m: {
      "id": 20,
      "method": "GET",
      "url": "/api/v1/notifications/unread-count",
      "query": {},
      "params": {
        "path": [
          "notifications",
          "unread-count"
        ]
      },
      "headers": {
        "host": "localhost:5000",
        "connection": "keep-alive",
        "sec-ch-ua-platform": "\"Windows\"",
        "authorization": "[Redacted]",
        "user-agent": "Mozilla/5.0 (Windows NT 10.0; Win64; x64) AppleWebKit/537.36 (KHTML, like Gecko) Code/1.122.1 Chrome/142.0.7444.265 Electron/39.8.8 Safari/537.36",
        "sec-ch-ua": "\"Not_A Brand\";v=\"99\", \"Chromium\";v=\"142\"",
        "sec-ch-ua-mobile": "?0",
        "accept": "*/*",
        "origin": "http://localhost:3000",
        "sec-fetch-site": "same-site",
        "sec-fetch-mode": "cors",
        "sec-fetch-dest": "empty",
        "referer": "http://localhost:3000/",
        "accept-encoding": "gzip, deflate, br, zstd",
        "accept-language": "en-US",
        "if-none-match": "W/\"23-WgR9+nUlfRzXMzFiBE7oaznpWzo\""
      },
      "remoteAddress": "::1",
      "remotePort": 63207
    }
    [35mres[39m: {
      "statusCode": 304,
      "headers": {
        "x-powered-by": "Express",
        "access-control-allow-origin": "http://localhost:3000",
        "vary": "Origin",
        "access-control-allow-credentials": "true",
        "x-request-id": "21fac38c-06bb-4d37-84f4-f53297a92a43",
        "x-content-type-options": "nosniff",
        "x-frame-options": "DENY",
        "x-xss-protection": "1; mode=block",
        "strict-transport-security": "max-age=31536000; includeSubDomains",
        "referrer-policy": "strict-origin-when-cross-origin",
        "permissions-policy": "camera=(), microphone=(), geolocation=()",
        "etag": "W/\"23-WgR9+nUlfRzXMzFiBE7oaznpWzo\""
      }
    }
    [35mresponseTime[39m: 103
[90m[4mquery:[24m[39m [94mSET[0m [37msearch_path[0m [94mTO[0m [37m"global"[0m[37m,[0m [37mglobal[0m[37m,[0m [37mpublic[0m
[90m[4mquery:[24m[39m [94mSELECT[0m [95mCOUNT[0m[37m([0m[32m1[0m[37m)[0m [94mAS[0m [37m"cnt"[0m [94mFROM[0m [37m"notifications"[0m [37m"Notification"[0m [94mWHERE[0m [37m([0m [37m([0m[37m([0m[37m"Notification"[0m[37m.[0m[37m"userId"[0m [37m=[0m [37m$[0m[32m1[0m[37m)[0m[37m)[0m [37m)[0m [94mAND[0m [37m([0m [37m"Notification"[0m[37m.[0m[37m"deletedAt"[0m [94mIS NULL[0m [37m)[0m [90m-- PARAMETERS: ["573ff1e8-0c00-4855-a90b-24a6b8cd0c64"][0m
[17:07:06.545] [32mINFO[39m (16336): [36mrequest completed[39m
    [35mreq[39m: {
      "id": 21,
      "method": "GET",
      "url": "/api/v1/notifications/unread-count",
      "query": {},
      "params": {
        "path": [
          "notifications",
          "unread-count"
        ]
      },
      "headers": {
        "host": "localhost:5000",
        "connection": "keep-alive",
        "sec-ch-ua-platform": "\"Windows\"",
        "authorization": "[Redacted]",
        "user-agent": "Mozilla/5.0 (Windows NT 10.0; Win64; x64) AppleWebKit/537.36 (KHTML, like Gecko) Code/1.122.1 Chrome/142.0.7444.265 Electron/39.8.8 Safari/537.36",
        "sec-ch-ua": "\"Not_A Brand\";v=\"99\", \"Chromium\";v=\"142\"",
        "sec-ch-ua-mobile": "?0",
        "accept": "*/*",
        "origin": "http://localhost:3000",
        "sec-fetch-site": "same-site",
        "sec-fetch-mode": "cors",
        "sec-fetch-dest": "empty",
        "referer": "http://localhost:3000/",
        "accept-encoding": "gzip, deflate, br, zstd",
        "accept-language": "en-US",
        "if-none-match": "W/\"23-WgR9+nUlfRzXMzFiBE7oaznpWzo\""
      },
      "remoteAddress": "::1",
      "remotePort": 63241
    }
    [35mres[39m: {
      "statusCode": 304,
      "headers": {
        "x-powered-by": "Express",
        "access-control-allow-origin": "http://localhost:3000",
        "vary": "Origin",
        "access-control-allow-credentials": "true",
        "x-request-id": "fdeff764-bd9a-4006-a1ac-b7e5473d10df",
        "x-content-type-options": "nosniff",
        "x-frame-options": "DENY",
        "x-xss-protection": "1; mode=block",
        "strict-transport-security": "max-age=31536000; includeSubDomains",
        "referrer-policy": "strict-origin-when-cross-origin",
        "permissions-policy": "camera=(), microphone=(), geolocation=()",
        "etag": "W/\"23-WgR9+nUlfRzXMzFiBE7oaznpWzo\""
      }
    }
    [35mresponseTime[39m: 117
[90m[4mquery:[24m[39m [94mSET[0m [37msearch_path[0m [94mTO[0m [37m"global"[0m[37m,[0m [37mglobal[0m[37m,[0m [37mpublic[0m
[90m[4mquery:[24m[39m [94mSELECT[0m [95mCOUNT[0m[37m([0m[32m1[0m[37m)[0m [94mAS[0m [37m"cnt"[0m [94mFROM[0m [37m"notifications"[0m [37m"Notification"[0m [94mWHERE[0m [37m([0m [37m([0m[37m([0m[37m"Notification"[0m[37m.[0m[37m"userId"[0m [37m=[0m [37m$[0m[32m1[0m[37m)[0m[37m)[0m [37m)[0m [94mAND[0m [37m([0m [37m"Notification"[0m[37m.[0m[37m"deletedAt"[0m [94mIS NULL[0m [37m)[0m [90m-- PARAMETERS: ["573ff1e8-0c00-4855-a90b-24a6b8cd0c64"][0m
[17:07:36.562] [32mINFO[39m (16336): [36mrequest completed[39m
    [35mreq[39m: {
      "id": 22,
      "method": "GET",
      "url": "/api/v1/notifications/unread-count",
      "query": {},
      "params": {
        "path": [
          "notifications",
          "unread-count"
        ]
      },
      "headers": {
        "host": "localhost:5000",
        "connection": "keep-alive",
        "sec-ch-ua-platform": "\"Windows\"",
        "authorization": "[Redacted]",
        "user-agent": "Mozilla/5.0 (Windows NT 10.0; Win64; x64) AppleWebKit/537.36 (KHTML, like Gecko) Code/1.122.1 Chrome/142.0.7444.265 Electron/39.8.8 Safari/537.36",
        "sec-ch-ua": "\"Not_A Brand\";v=\"99\", \"Chromium\";v=\"142\"",
        "sec-ch-ua-mobile": "?0",
        "accept": "*/*",
        "origin": "http://localhost:3000",
        "sec-fetch-site": "same-site",
        "sec-fetch-mode": "cors",
        "sec-fetch-dest": "empty",
        "referer": "http://localhost:3000/",
        "accept-encoding": "gzip, deflate, br, zstd",
        "accept-language": "en-US",
        "if-none-match": "W/\"23-WgR9+nUlfRzXMzFiBE7oaznpWzo\""
      },
      "remoteAddress": "::1",
      "remotePort": 63309
    }
    [35mres[39m: {
      "statusCode": 304,
      "headers": {
        "x-powered-by": "Express",
        "access-control-allow-origin": "http://localhost:3000",
        "vary": "Origin",
        "access-control-allow-credentials": "true",
        "x-request-id": "ca7ca6f8-dccc-4f56-91f6-bc84595fb855",
        "x-content-type-options": "nosniff",
        "x-frame-options": "DENY",
        "x-xss-protection": "1; mode=block",
        "strict-transport-security": "max-age=31536000; includeSubDomains",
        "referrer-policy": "strict-origin-when-cross-origin",
        "permissions-policy": "camera=(), microphone=(), geolocation=()",
        "etag": "W/\"23-WgR9+nUlfRzXMzFiBE7oaznpWzo\""
      }
    }
    [35mresponseTime[39m: 138
[90m[4mquery:[24m[39m [94mSET[0m [37msearch_path[0m [94mTO[0m [37m"global"[0m[37m,[0m [37mglobal[0m[37m,[0m [37mpublic[0m
[90m[4mquery:[24m[39m [94mSELECT[0m [95mCOUNT[0m[37m([0m[32m1[0m[37m)[0m [94mAS[0m [37m"cnt"[0m [94mFROM[0m [37m"notifications"[0m [37m"Notification"[0m [94mWHERE[0m [37m([0m [37m([0m[37m([0m[37m"Notification"[0m[37m.[0m[37m"userId"[0m [37m=[0m [37m$[0m[32m1[0m[37m)[0m[37m)[0m [37m)[0m [94mAND[0m [37m([0m [37m"Notification"[0m[37m.[0m[37m"deletedAt"[0m [94mIS NULL[0m [37m)[0m [90m-- PARAMETERS: ["573ff1e8-0c00-4855-a90b-24a6b8cd0c64"][0m
[17:08:06.561] [32mINFO[39m (16336): [36mrequest completed[39m
    [35mreq[39m: {
      "id": 23,
      "method": "GET",
      "url": "/api/v1/notifications/unread-count",
      "query": {},
      "params": {
        "path": [
          "notifications",
          "unread-count"
        ]
      },
      "headers": {
        "host": "localhost:5000",
        "connection": "keep-alive",
        "sec-ch-ua-platform": "\"Windows\"",
        "authorization": "[Redacted]",
        "user-agent": "Mozilla/5.0 (Windows NT 10.0; Win64; x64) AppleWebKit/537.36 (KHTML, like Gecko) Code/1.122.1 Chrome/142.0.7444.265 Electron/39.8.8 Safari/537.36",
        "sec-ch-ua": "\"Not_A Brand\";v=\"99\", \"Chromium\";v=\"142\"",
        "sec-ch-ua-mobile": "?0",
        "accept": "*/*",
        "origin": "http://localhost:3000",
        "sec-fetch-site": "same-site",
        "sec-fetch-mode": "cors",
        "sec-fetch-dest": "empty",
        "referer": "http://localhost:3000/",
        "accept-encoding": "gzip, deflate, br, zstd",
        "accept-language": "en-US",
        "if-none-match": "W/\"23-WgR9+nUlfRzXMzFiBE7oaznpWzo\""
      },
      "remoteAddress": "::1",
      "remotePort": 63391
    }
    [35mres[39m: {
      "statusCode": 304,
      "headers": {
        "x-powered-by": "Express",
        "access-control-allow-origin": "http://localhost:3000",
        "vary": "Origin",
        "access-control-allow-credentials": "true",
        "x-request-id": "bf60ff55-b783-40fd-bfd8-3d732f9d0c9a",
        "x-content-type-options": "nosniff",
        "x-frame-options": "DENY",
        "x-xss-protection": "1; mode=block",
        "strict-transport-security": "max-age=31536000; includeSubDomains",
        "referrer-policy": "strict-origin-when-cross-origin",
        "permissions-policy": "camera=(), microphone=(), geolocation=()",
        "etag": "W/\"23-WgR9+nUlfRzXMzFiBE7oaznpWzo\""
      }
    }
    [35mresponseTime[39m: 149
[90m[4mquery:[24m[39m [94mSET[0m [37msearch_path[0m [94mTO[0m [37m"global"[0m[37m,[0m [37mglobal[0m[37m,[0m [37mpublic[0m
[90m[4mquery:[24m[39m [94mSELECT[0m [95mCOUNT[0m[37m([0m[32m1[0m[37m)[0m [94mAS[0m [37m"cnt"[0m [94mFROM[0m [37m"notifications"[0m [37m"Notification"[0m [94mWHERE[0m [37m([0m [37m([0m[37m([0m[37m"Notification"[0m[37m.[0m[37m"userId"[0m [37m=[0m [37m$[0m[32m1[0m[37m)[0m[37m)[0m [37m)[0m [94mAND[0m [37m([0m [37m"Notification"[0m[37m.[0m[37m"deletedAt"[0m [94mIS NULL[0m [37m)[0m [90m-- PARAMETERS: ["573ff1e8-0c00-4855-a90b-24a6b8cd0c64"][0m
[17:08:36.564] [32mINFO[39m (16336): [36mrequest completed[39m
    [35mreq[39m: {
      "id": 24,
      "method": "GET",
      "url": "/api/v1/notifications/unread-count",
      "query": {},
      "params": {
        "path": [
          "notifications",
          "unread-count"
        ]
      },
      "headers": {
        "host": "localhost:5000",
        "connection": "keep-alive",
        "sec-ch-ua-platform": "\"Windows\"",
        "authorization": "[Redacted]",
        "user-agent": "Mozilla/5.0 (Windows NT 10.0; Win64; x64) AppleWebKit/537.36 (KHTML, like Gecko) Code/1.122.1 Chrome/142.0.7444.265 Electron/39.8.8 Safari/537.36",
        "sec-ch-ua": "\"Not_A Brand\";v=\"99\", \"Chromium\";v=\"142\"",
        "sec-ch-ua-mobile": "?0",
        "accept": "*/*",
        "origin": "http://localhost:3000",
        "sec-fetch-site": "same-site",
        "sec-fetch-mode": "cors",
        "sec-fetch-dest": "empty",
        "referer": "http://localhost:3000/",
        "accept-encoding": "gzip, deflate, br, zstd",
        "accept-language": "en-US",
        "if-none-match": "W/\"23-WgR9+nUlfRzXMzFiBE7oaznpWzo\""
      },
      "remoteAddress": "::1",
      "remotePort": 63425
    }
    [35mres[39m: {
      "statusCode": 304,
      "headers": {
        "x-powered-by": "Express",
        "access-control-allow-origin": "http://localhost:3000",
        "vary": "Origin",
        "access-control-allow-credentials": "true",
        "x-request-id": "43bbf829-4c82-432c-aac6-e6dc408903be",
        "x-content-type-options": "nosniff",
        "x-frame-options": "DENY",
        "x-xss-protection": "1; mode=block",
        "strict-transport-security": "max-age=31536000; includeSubDomains",
        "referrer-policy": "strict-origin-when-cross-origin",
        "permissions-policy": "camera=(), microphone=(), geolocation=()",
        "etag": "W/\"23-WgR9+nUlfRzXMzFiBE7oaznpWzo\""
      }
    }
    [35mresponseTime[39m: 135
[90m[4mquery:[24m[39m [94mSET[0m [37msearch_path[0m [94mTO[0m [37m"global"[0m[37m,[0m [37mglobal[0m[37m,[0m [37mpublic[0m
[90m[4mquery:[24m[39m [94mSELECT[0m [95mCOUNT[0m[37m([0m[32m1[0m[37m)[0m [94mAS[0m [37m"cnt"[0m [94mFROM[0m [37m"notifications"[0m [37m"Notification"[0m [94mWHERE[0m [37m([0m [37m([0m[37m([0m[37m"Notification"[0m[37m.[0m[37m"userId"[0m [37m=[0m [37m$[0m[32m1[0m[37m)[0m[37m)[0m [37m)[0m [94mAND[0m [37m([0m [37m"Notification"[0m[37m.[0m[37m"deletedAt"[0m [94mIS NULL[0m [37m)[0m [90m-- PARAMETERS: ["573ff1e8-0c00-4855-a90b-24a6b8cd0c64"][0m
[17:09:06.543] [32mINFO[39m (16336): [36mrequest completed[39m
    [35mreq[39m: {
      "id": 25,
      "method": "GET",
      "url": "/api/v1/notifications/unread-count",
      "query": {},
      "params": {
        "path": [
          "notifications",
          "unread-count"
        ]
      },
      "headers": {
        "host": "localhost:5000",
        "connection": "keep-alive",
        "sec-ch-ua-platform": "\"Windows\"",
        "authorization": "[Redacted]",
        "user-agent": "Mozilla/5.0 (Windows NT 10.0; Win64; x64) AppleWebKit/537.36 (KHTML, like Gecko) Code/1.122.1 Chrome/142.0.7444.265 Electron/39.8.8 Safari/537.36",
        "sec-ch-ua": "\"Not_A Brand\";v=\"99\", \"Chromium\";v=\"142\"",
        "sec-ch-ua-mobile": "?0",
        "accept": "*/*",
        "origin": "http://localhost:3000",
        "sec-fetch-site": "same-site",
        "sec-fetch-mode": "cors",
        "sec-fetch-dest": "empty",
        "referer": "http://localhost:3000/",
        "accept-encoding": "gzip, deflate, br, zstd",
        "accept-language": "en-US",
        "if-none-match": "W/\"23-WgR9+nUlfRzXMzFiBE7oaznpWzo\""
      },
      "remoteAddress": "::1",
      "remotePort": 63463
    }
    [35mres[39m: {
      "statusCode": 304,
      "headers": {
        "x-powered-by": "Express",
        "access-control-allow-origin": "http://localhost:3000",
        "vary": "Origin",
        "access-control-allow-credentials": "true",
        "x-request-id": "6a276256-6935-45bd-ab58-f32c5f8fe121",
        "x-content-type-options": "nosniff",
        "x-frame-options": "DENY",
        "x-xss-protection": "1; mode=block",
        "strict-transport-security": "max-age=31536000; includeSubDomains",
        "referrer-policy": "strict-origin-when-cross-origin",
        "permissions-policy": "camera=(), microphone=(), geolocation=()",
        "etag": "W/\"23-WgR9+nUlfRzXMzFiBE7oaznpWzo\""
      }
    }
    [35mresponseTime[39m: 123
[90m[4mquery:[24m[39m [94mSET[0m [37msearch_path[0m [94mTO[0m [37m"global"[0m[37m,[0m [37mglobal[0m[37m,[0m [37mpublic[0m
[90m[4mquery:[24m[39m [94mSELECT[0m [95mCOUNT[0m[37m([0m[32m1[0m[37m)[0m [94mAS[0m [37m"cnt"[0m [94mFROM[0m [37m"notifications"[0m [37m"Notification"[0m [94mWHERE[0m [37m([0m [37m([0m[37m([0m[37m"Notification"[0m[37m.[0m[37m"userId"[0m [37m=[0m [37m$[0m[32m1[0m[37m)[0m[37m)[0m [37m)[0m [94mAND[0m [37m([0m [37m"Notification"[0m[37m.[0m[37m"deletedAt"[0m [94mIS NULL[0m [37m)[0m [90m-- PARAMETERS: ["573ff1e8-0c00-4855-a90b-24a6b8cd0c64"][0m
[17:09:36.502] [32mINFO[39m (16336): [36mrequest completed[39m
    [35mreq[39m: {
      "id": 26,
      "method": "GET",
      "url": "/api/v1/notifications/unread-count",
      "query": {},
      "params": {
        "path": [
          "notifications",
          "unread-count"
        ]
      },
      "headers": {
        "host": "localhost:5000",
        "connection": "keep-alive",
        "sec-ch-ua-platform": "\"Windows\"",
        "authorization": "[Redacted]",
        "user-agent": "Mozilla/5.0 (Windows NT 10.0; Win64; x64) AppleWebKit/537.36 (KHTML, like Gecko) Code/1.122.1 Chrome/142.0.7444.265 Electron/39.8.8 Safari/537.36",
        "sec-ch-ua": "\"Not_A Brand\";v=\"99\", \"Chromium\";v=\"142\"",
        "sec-ch-ua-mobile": "?0",
        "accept": "*/*",
        "origin": "http://localhost:3000",
        "sec-fetch-site": "same-site",
        "sec-fetch-mode": "cors",
        "sec-fetch-dest": "empty",
        "referer": "http://localhost:3000/",
        "accept-encoding": "gzip, deflate, br, zstd",
        "accept-language": "en-US",
        "if-none-match": "W/\"23-WgR9+nUlfRzXMzFiBE7oaznpWzo\""
      },
      "remoteAddress": "::1",
      "remotePort": 63515
    }
    [35mres[39m: {
      "statusCode": 304,
      "headers": {
        "x-powered-by": "Express",
        "access-control-allow-origin": "http://localhost:3000",
        "vary": "Origin",
        "access-control-allow-credentials": "true",
        "x-request-id": "cfa4ad11-594b-4d96-b3bc-8875b0635362",
        "x-content-type-options": "nosniff",
        "x-frame-options": "DENY",
        "x-xss-protection": "1; mode=block",
        "strict-transport-security": "max-age=31536000; includeSubDomains",
        "referrer-policy": "strict-origin-when-cross-origin",
        "permissions-policy": "camera=(), microphone=(), geolocation=()",
        "etag": "W/\"23-WgR9+nUlfRzXMzFiBE7oaznpWzo\""
      }
    }
    [35mresponseTime[39m: 79
[90m[4mquery:[24m[39m [94mSET[0m [37msearch_path[0m [94mTO[0m [37m"global"[0m[37m,[0m [37mglobal[0m[37m,[0m [37mpublic[0m
[90m[4mquery:[24m[39m [94mSELECT[0m [95mCOUNT[0m[37m([0m[32m1[0m[37m)[0m [94mAS[0m [37m"cnt"[0m [94mFROM[0m [37m"notifications"[0m [37m"Notification"[0m [94mWHERE[0m [37m([0m [37m([0m[37m([0m[37m"Notification"[0m[37m.[0m[37m"userId"[0m [37m=[0m [37m$[0m[32m1[0m[37m)[0m[37m)[0m [37m)[0m [94mAND[0m [37m([0m [37m"Notification"[0m[37m.[0m[37m"deletedAt"[0m [94mIS NULL[0m [37m)[0m [90m-- PARAMETERS: ["573ff1e8-0c00-4855-a90b-24a6b8cd0c64"][0m
[17:10:06.534] [32mINFO[39m (16336): [36mrequest completed[39m
    [35mreq[39m: {
      "id": 27,
      "method": "GET",
      "url": "/api/v1/notifications/unread-count",
      "query": {},
      "params": {
        "path": [
          "notifications",
          "unread-count"
        ]
      },
      "headers": {
        "host": "localhost:5000",
        "connection": "keep-alive",
        "sec-ch-ua-platform": "\"Windows\"",
        "authorization": "[Redacted]",
        "user-agent": "Mozilla/5.0 (Windows NT 10.0; Win64; x64) AppleWebKit/537.36 (KHTML, like Gecko) Code/1.122.1 Chrome/142.0.7444.265 Electron/39.8.8 Safari/537.36",
        "sec-ch-ua": "\"Not_A Brand\";v=\"99\", \"Chromium\";v=\"142\"",
        "sec-ch-ua-mobile": "?0",
        "accept": "*/*",
        "origin": "http://localhost:3000",
        "sec-fetch-site": "same-site",
        "sec-fetch-mode": "cors",
        "sec-fetch-dest": "empty",
        "referer": "http://localhost:3000/",
        "accept-encoding": "gzip, deflate, br, zstd",
        "accept-language": "en-US",
        "if-none-match": "W/\"23-WgR9+nUlfRzXMzFiBE7oaznpWzo\""
      },
      "remoteAddress": "::1",
      "remotePort": 63557
    }
    [35mres[39m: {
      "statusCode": 304,
      "headers": {
        "x-powered-by": "Express",
        "access-control-allow-origin": "http://localhost:3000",
        "vary": "Origin",
        "access-control-allow-credentials": "true",
        "x-request-id": "ed9163c6-8a70-4b12-a123-d149ce024d95",
        "x-content-type-options": "nosniff",
        "x-frame-options": "DENY",
        "x-xss-protection": "1; mode=block",
        "strict-transport-security": "max-age=31536000; includeSubDomains",
        "referrer-policy": "strict-origin-when-cross-origin",
        "permissions-policy": "camera=(), microphone=(), geolocation=()",
        "etag": "W/\"23-WgR9+nUlfRzXMzFiBE7oaznpWzo\""
      }
    }
    [35mresponseTime[39m: 105
[90m[4mquery:[24m[39m [94mSET[0m [37msearch_path[0m [94mTO[0m [37m"global"[0m[37m,[0m [37mglobal[0m[37m,[0m [37mpublic[0m
[90m[4mquery:[24m[39m [94mSELECT[0m [95mCOUNT[0m[37m([0m[32m1[0m[37m)[0m [94mAS[0m [37m"cnt"[0m [94mFROM[0m [37m"notifications"[0m [37m"Notification"[0m [94mWHERE[0m [37m([0m [37m([0m[37m([0m[37m"Notification"[0m[37m.[0m[37m"userId"[0m [37m=[0m [37m$[0m[32m1[0m[37m)[0m[37m)[0m [37m)[0m [94mAND[0m [37m([0m [37m"Notification"[0m[37m.[0m[37m"deletedAt"[0m [94mIS NULL[0m [37m)[0m [90m-- PARAMETERS: ["573ff1e8-0c00-4855-a90b-24a6b8cd0c64"][0m
[17:10:36.523] [32mINFO[39m (16336): [36mrequest completed[39m
    [35mreq[39m: {
      "id": 28,
      "method": "GET",
      "url": "/api/v1/notifications/unread-count",
      "query": {},
      "params": {
        "path": [
          "notifications",
          "unread-count"
        ]
      },
      "headers": {
        "host": "localhost:5000",
        "connection": "keep-alive",
        "sec-ch-ua-platform": "\"Windows\"",
        "authorization": "[Redacted]",
        "user-agent": "Mozilla/5.0 (Windows NT 10.0; Win64; x64) AppleWebKit/537.36 (KHTML, like Gecko) Code/1.122.1 Chrome/142.0.7444.265 Electron/39.8.8 Safari/537.36",
        "sec-ch-ua": "\"Not_A Brand\";v=\"99\", \"Chromium\";v=\"142\"",
        "sec-ch-ua-mobile": "?0",
        "accept": "*/*",
        "origin": "http://localhost:3000",
        "sec-fetch-site": "same-site",
        "sec-fetch-mode": "cors",
        "sec-fetch-dest": "empty",
        "referer": "http://localhost:3000/",
        "accept-encoding": "gzip, deflate, br, zstd",
        "accept-language": "en-US",
        "if-none-match": "W/\"23-WgR9+nUlfRzXMzFiBE7oaznpWzo\""
      },
      "remoteAddress": "::1",
      "remotePort": 63610
    }
    [35mres[39m: {
      "statusCode": 304,
      "headers": {
        "x-powered-by": "Express",
        "access-control-allow-origin": "http://localhost:3000",
        "vary": "Origin",
        "access-control-allow-credentials": "true",
        "x-request-id": "7c29a137-2156-460f-a298-986a238223f7",
        "x-content-type-options": "nosniff",
        "x-frame-options": "DENY",
        "x-xss-protection": "1; mode=block",
        "strict-transport-security": "max-age=31536000; includeSubDomains",
        "referrer-policy": "strict-origin-when-cross-origin",
        "permissions-policy": "camera=(), microphone=(), geolocation=()",
        "etag": "W/\"23-WgR9+nUlfRzXMzFiBE7oaznpWzo\""
      }
    }
    [35mresponseTime[39m: 93
[17:11:06.430] [32mINFO[39m (16336): [36mrequest completed[39m
    [35mreq[39m: {
      "id": 29,
      "method": "GET",
      "url": "/api/v1/notifications/unread-count",
      "query": {},
      "params": {
        "path": [
          "notifications",
          "unread-count"
        ]
      },
      "headers": {
        "host": "localhost:5000",
        "connection": "keep-alive",
        "sec-ch-ua-platform": "\"Windows\"",
        "authorization": "[Redacted]",
        "user-agent": "Mozilla/5.0 (Windows NT 10.0; Win64; x64) AppleWebKit/537.36 (KHTML, like Gecko) Code/1.122.1 Chrome/142.0.7444.265 Electron/39.8.8 Safari/537.36",
        "sec-ch-ua": "\"Not_A Brand\";v=\"99\", \"Chromium\";v=\"142\"",
        "sec-ch-ua-mobile": "?0",
        "accept": "*/*",
        "origin": "http://localhost:3000",
        "sec-fetch-site": "same-site",
        "sec-fetch-mode": "cors",
        "sec-fetch-dest": "empty",
        "referer": "http://localhost:3000/",
        "accept-encoding": "gzip, deflate, br, zstd",
        "accept-language": "en-US",
        "if-none-match": "W/\"23-WgR9+nUlfRzXMzFiBE7oaznpWzo\""
      },
      "remoteAddress": "::1",
      "remotePort": 63657
    }
    [35mres[39m: {
      "statusCode": 401,
      "headers": {
        "x-powered-by": "Express",
        "access-control-allow-origin": "http://localhost:3000",
        "vary": "Origin",
        "access-control-allow-credentials": "true",
        "x-request-id": "79c849db-a8de-4a14-966c-f0157928e396",
        "x-content-type-options": "nosniff",
        "x-frame-options": "DENY",
        "x-xss-protection": "1; mode=block",
        "strict-transport-security": "max-age=31536000; includeSubDomains",
        "referrer-policy": "strict-origin-when-cross-origin",
        "permissions-policy": "camera=(), microphone=(), geolocation=()",
        "content-type": "application/json; charset=utf-8",
        "content-length": "43",
        "etag": "W/\"2b-dGnJzt6gv1nJjX6DJ9RztDWptng\""
      }
    }
    [35mresponseTime[39m: 9
[17:11:36.453] [32mINFO[39m (16336): [36mrequest completed[39m
    [35mreq[39m: {
      "id": 30,
      "method": "GET",
      "url": "/api/v1/notifications/unread-count",
      "query": {},
      "params": {
        "path": [
          "notifications",
          "unread-count"
        ]
      },
      "headers": {
        "host": "localhost:5000",
        "connection": "keep-alive",
        "sec-ch-ua-platform": "\"Windows\"",
        "authorization": "[Redacted]",
        "user-agent": "Mozilla/5.0 (Windows NT 10.0; Win64; x64) AppleWebKit/537.36 (KHTML, like Gecko) Code/1.122.1 Chrome/142.0.7444.265 Electron/39.8.8 Safari/537.36",
        "sec-ch-ua": "\"Not_A Brand\";v=\"99\", \"Chromium\";v=\"142\"",
        "sec-ch-ua-mobile": "?0",
        "accept": "*/*",
        "origin": "http://localhost:3000",
        "sec-fetch-site": "same-site",
        "sec-fetch-mode": "cors",
        "sec-fetch-dest": "empty",
        "referer": "http://localhost:3000/",
        "accept-encoding": "gzip, deflate, br, zstd",
        "accept-language": "en-US",
        "if-none-match": "W/\"23-WgR9+nUlfRzXMzFiBE7oaznpWzo\""
      },
      "remoteAddress": "::1",
      "remotePort": 63714
    }
    [35mres[39m: {
      "statusCode": 401,
      "headers": {
        "x-powered-by": "Express",
        "access-control-allow-origin": "http://localhost:3000",
        "vary": "Origin",
        "access-control-allow-credentials": "true",
        "x-request-id": "03ddc9ab-96c7-44ca-8217-afbf854a875a",
        "x-content-type-options": "nosniff",
        "x-frame-options": "DENY",
        "x-xss-protection": "1; mode=block",
        "strict-transport-security": "max-age=31536000; includeSubDomains",
        "referrer-policy": "strict-origin-when-cross-origin",
        "permissions-policy": "camera=(), microphone=(), geolocation=()",
        "content-type": "application/json; charset=utf-8",
        "content-length": "43",
        "etag": "W/\"2b-dGnJzt6gv1nJjX6DJ9RztDWptng\""
      }
    }
    [35mresponseTime[39m: 4
[17:12:06.436] [32mINFO[39m (16336): [36mrequest completed[39m
    [35mreq[39m: {
      "id": 31,
      "method": "GET",
      "url": "/api/v1/notifications/unread-count",
      "query": {},
      "params": {
        "path": [
          "notifications",
          "unread-count"
        ]
      },
      "headers": {
        "host": "localhost:5000",
        "connection": "keep-alive",
        "sec-ch-ua-platform": "\"Windows\"",
        "authorization": "[Redacted]",
        "user-agent": "Mozilla/5.0 (Windows NT 10.0; Win64; x64) AppleWebKit/537.36 (KHTML, like Gecko) Code/1.122.1 Chrome/142.0.7444.265 Electron/39.8.8 Safari/537.36",
        "sec-ch-ua": "\"Not_A Brand\";v=\"99\", \"Chromium\";v=\"142\"",
        "sec-ch-ua-mobile": "?0",
        "accept": "*/*",
        "origin": "http://localhost:3000",
        "sec-fetch-site": "same-site",
        "sec-fetch-mode": "cors",
        "sec-fetch-dest": "empty",
        "referer": "http://localhost:3000/",
        "accept-encoding": "gzip, deflate, br, zstd",
        "accept-language": "en-US",
        "if-none-match": "W/\"23-WgR9+nUlfRzXMzFiBE7oaznpWzo\""
      },
      "remoteAddress": "::1",
      "remotePort": 63780
    }
    [35mres[39m: {
      "statusCode": 401,
      "headers": {
        "x-powered-by": "Express",
        "access-control-allow-origin": "http://localhost:3000",
        "vary": "Origin",
        "access-control-allow-credentials": "true",
        "x-request-id": "0ecaf10a-4504-41df-b4b8-5043841dff94",
        "x-content-type-options": "nosniff",
        "x-frame-options": "DENY",
        "x-xss-protection": "1; mode=block",
        "strict-transport-security": "max-age=31536000; includeSubDomains",
        "referrer-policy": "strict-origin-when-cross-origin",
        "permissions-policy": "camera=(), microphone=(), geolocation=()",
        "content-type": "application/json; charset=utf-8",
        "content-length": "43",
        "etag": "W/\"2b-dGnJzt6gv1nJjX6DJ9RztDWptng\""
      }
    }
    [35mresponseTime[39m: 5
[17:12:36.828] [32mINFO[39m (16336): [36mrequest completed[39m
    [35mreq[39m: {
      "id": 32,
      "method": "GET",
      "url": "/api/v1/notifications/unread-count",
      "query": {},
      "params": {
        "path": [
          "notifications",
          "unread-count"
        ]
      },
      "headers": {
        "host": "localhost:5000",
        "connection": "keep-alive",
        "sec-ch-ua-platform": "\"Windows\"",
        "authorization": "[Redacted]",
        "user-agent": "Mozilla/5.0 (Windows NT 10.0; Win64; x64) AppleWebKit/537.36 (KHTML, like Gecko) Code/1.122.1 Chrome/142.0.7444.265 Electron/39.8.8 Safari/537.36",
        "sec-ch-ua": "\"Not_A Brand\";v=\"99\", \"Chromium\";v=\"142\"",
        "sec-ch-ua-mobile": "?0",
        "accept": "*/*",
        "origin": "http://localhost:3000",
        "sec-fetch-site": "same-site",
        "sec-fetch-mode": "cors",
        "sec-fetch-dest": "empty",
        "referer": "http://localhost:3000/",
        "accept-encoding": "gzip, deflate, br, zstd",
        "accept-language": "en-US",
        "if-none-match": "W/\"23-WgR9+nUlfRzXMzFiBE7oaznpWzo\""
      },
      "remoteAddress": "::1",
      "remotePort": 63822
    }
    [35mres[39m: {
      "statusCode": 401,
      "headers": {
        "x-powered-by": "Express",
        "access-control-allow-origin": "http://localhost:3000",
        "vary": "Origin",
        "access-control-allow-credentials": "true",
        "x-request-id": "372f1001-835c-40c5-8761-b270afd4f53e",
        "x-content-type-options": "nosniff",
        "x-frame-options": "DENY",
        "x-xss-protection": "1; mode=block",
        "strict-transport-security": "max-age=31536000; includeSubDomains",
        "referrer-policy": "strict-origin-when-cross-origin",
        "permissions-policy": "camera=(), microphone=(), geolocation=()",
        "content-type": "application/json; charset=utf-8",
        "content-length": "43",
        "etag": "W/\"2b-dGnJzt6gv1nJjX6DJ9RztDWptng\""
      }
    }
    [35mresponseTime[39m: 3
[17:13:06.813] [32mINFO[39m (16336): [36mrequest completed[39m
    [35mreq[39m: {
      "id": 33,
      "method": "GET",
      "url": "/api/v1/notifications/unread-count",
      "query": {},
      "params": {
        "path": [
          "notifications",
          "unread-count"
        ]
      },
      "headers": {
        "host": "localhost:5000",
        "connection": "keep-alive",
        "sec-ch-ua-platform": "\"Windows\"",
        "authorization": "[Redacted]",
        "user-agent": "Mozilla/5.0 (Windows NT 10.0; Win64; x64) AppleWebKit/537.36 (KHTML, like Gecko) Code/1.122.1 Chrome/142.0.7444.265 Electron/39.8.8 Safari/537.36",
        "sec-ch-ua": "\"Not_A Brand\";v=\"99\", \"Chromium\";v=\"142\"",
        "sec-ch-ua-mobile": "?0",
        "accept": "*/*",
        "origin": "http://localhost:3000",
        "sec-fetch-site": "same-site",
        "sec-fetch-mode": "cors",
        "sec-fetch-dest": "empty",
        "referer": "http://localhost:3000/",
        "accept-encoding": "gzip, deflate, br, zstd",
        "accept-language": "en-US",
        "if-none-match": "W/\"23-WgR9+nUlfRzXMzFiBE7oaznpWzo\""
      },
      "remoteAddress": "::1",
      "remotePort": 63866
    }
    [35mres[39m: {
      "statusCode": 401,
      "headers": {
        "x-powered-by": "Express",
        "access-control-allow-origin": "http://localhost:3000",
        "vary": "Origin",
        "access-control-allow-credentials": "true",
        "x-request-id": "aefd88c9-c794-4c24-9035-3808e192ed30",
        "x-content-type-options": "nosniff",
        "x-frame-options": "DENY",
        "x-xss-protection": "1; mode=block",
        "strict-transport-security": "max-age=31536000; includeSubDomains",
        "referrer-policy": "strict-origin-when-cross-origin",
        "permissions-policy": "camera=(), microphone=(), geolocation=()",
        "content-type": "application/json; charset=utf-8",
        "content-length": "43",
        "etag": "W/\"2b-dGnJzt6gv1nJjX6DJ9RztDWptng\""
      }
    }
    [35mresponseTime[39m: 5
[17:13:54.849] [32mINFO[39m (16336): [36mrequest completed[39m
    [35mreq[39m: {
      "id": 34,
      "method": "GET",
      "url": "/api/v1/notifications/unread-count",
      "query": {},
      "params": {
        "path": [
          "notifications",
          "unread-count"
        ]
      },
      "headers": {
        "host": "localhost:5000",
        "connection": "keep-alive",
        "sec-ch-ua-platform": "\"Windows\"",
        "authorization": "[Redacted]",
        "user-agent": "Mozilla/5.0 (Windows NT 10.0; Win64; x64) AppleWebKit/537.36 (KHTML, like Gecko) Code/1.122.1 Chrome/142.0.7444.265 Electron/39.8.8 Safari/537.36",
        "sec-ch-ua": "\"Not_A Brand\";v=\"99\", \"Chromium\";v=\"142\"",
        "sec-ch-ua-mobile": "?0",
        "accept": "*/*",
        "origin": "http://localhost:3000",
        "sec-fetch-site": "same-site",
        "sec-fetch-mode": "cors",
        "sec-fetch-dest": "empty",
        "referer": "http://localhost:3000/",
        "accept-encoding": "gzip, deflate, br, zstd",
        "accept-language": "en-US",
        "if-none-match": "W/\"23-WgR9+nUlfRzXMzFiBE7oaznpWzo\""
      },
      "remoteAddress": "::1",
      "remotePort": 63931
    }
    [35mres[39m: {
      "statusCode": 401,
      "headers": {
        "x-powered-by": "Express",
        "access-control-allow-origin": "http://localhost:3000",
        "vary": "Origin",
        "access-control-allow-credentials": "true",
        "x-request-id": "5f6f8f41-1ecd-43aa-8ad2-5417d822791b",
        "x-content-type-options": "nosniff",
        "x-frame-options": "DENY",
        "x-xss-protection": "1; mode=block",
        "strict-transport-security": "max-age=31536000; includeSubDomains",
        "referrer-policy": "strict-origin-when-cross-origin",
        "permissions-policy": "camera=(), microphone=(), geolocation=()",
        "content-type": "application/json; charset=utf-8",
        "content-length": "43",
        "etag": "W/\"2b-dGnJzt6gv1nJjX6DJ9RztDWptng\""
      }
    }
    [35mresponseTime[39m: 4
[17:14:54.812] [32mINFO[39m (16336): [36mrequest completed[39m
    [35mreq[39m: {
      "id": 35,
      "method": "GET",
      "url": "/api/v1/notifications/unread-count",
      "query": {},
      "params": {
        "path": [
          "notifications",
          "unread-count"
        ]
      },
      "headers": {
        "host": "localhost:5000",
        "connection": "keep-alive",
        "sec-ch-ua-platform": "\"Windows\"",
        "authorization": "[Redacted]",
        "user-agent": "Mozilla/5.0 (Windows NT 10.0; Win64; x64) AppleWebKit/537.36 (KHTML, like Gecko) Code/1.122.1 Chrome/142.0.7444.265 Electron/39.8.8 Safari/537.36",
        "sec-ch-ua": "\"Not_A Brand\";v=\"99\", \"Chromium\";v=\"142\"",
        "sec-ch-ua-mobile": "?0",
        "accept": "*/*",
        "origin": "http://localhost:3000",
        "sec-fetch-site": "same-site",
        "sec-fetch-mode": "cors",
        "sec-fetch-dest": "empty",
        "referer": "http://localhost:3000/",
        "accept-encoding": "gzip, deflate, br, zstd",
        "accept-language": "en-US",
        "if-none-match": "W/\"23-WgR9+nUlfRzXMzFiBE7oaznpWzo\""
      },
      "remoteAddress": "::1",
      "remotePort": 63999
    }
    [35mres[39m: {
      "statusCode": 401,
      "headers": {
        "x-powered-by": "Express",
        "access-control-allow-origin": "http://localhost:3000",
        "vary": "Origin",
        "access-control-allow-credentials": "true",
        "x-request-id": "e503a8d2-4846-452e-919e-cf638f1b18ae",
        "x-content-type-options": "nosniff",
        "x-frame-options": "DENY",
        "x-xss-protection": "1; mode=block",
        "strict-transport-security": "max-age=31536000; includeSubDomains",
        "referrer-policy": "strict-origin-when-cross-origin",
        "permissions-policy": "camera=(), microphone=(), geolocation=()",
        "content-type": "application/json; charset=utf-8",
        "content-length": "43",
        "etag": "W/\"2b-dGnJzt6gv1nJjX6DJ9RztDWptng\""
      }
    }
    [35mresponseTime[39m: 4
[17:15:20.927] [32mINFO[39m (16336): [36mrequest completed[39m
    [35mreq[39m: {
      "id": 36,
      "method": "GET",
      "url": "/api/v1/platform/analytics/audit-logs",
      "query": {},
      "params": {
        "path": [
          "platform",
          "analytics",
          "audit-logs"
        ]
      },
      "headers": {
        "host": "localhost:5000",
        "connection": "keep-alive",
        "sec-ch-ua-platform": "\"Windows\"",
        "authorization": "[Redacted]",
        "user-agent": "Mozilla/5.0 (Windows NT 10.0; Win64; x64) AppleWebKit/537.36 (KHTML, like Gecko) Code/1.122.1 Chrome/142.0.7444.265 Electron/39.8.8 Safari/537.36",
        "sec-ch-ua": "\"Not_A Brand\";v=\"99\", \"Chromium\";v=\"142\"",
        "sec-ch-ua-mobile": "?0",
        "accept": "*/*",
        "origin": "http://localhost:3000",
        "sec-fetch-site": "same-site",
        "sec-fetch-mode": "cors",
        "sec-fetch-dest": "empty",
        "referer": "http://localhost:3000/",
        "accept-encoding": "gzip, deflate, br, zstd",
        "accept-language": "en-US",
        "if-none-match": "W/\"2-l9Fw4VUO7kr8CvBlt4zaMCqXZ0w\""
      },
      "remoteAddress": "::1",
      "remotePort": 64043
    }
    [35mres[39m: {
      "statusCode": 401,
      "headers": {
        "x-powered-by": "Express",
        "access-control-allow-origin": "http://localhost:3000",
        "vary": "Origin",
        "access-control-allow-credentials": "true",
        "x-request-id": "541e4831-8b44-4a00-8899-3d0fb5024a22",
        "x-content-type-options": "nosniff",
        "x-frame-options": "DENY",
        "x-xss-protection": "1; mode=block",
        "strict-transport-security": "max-age=31536000; includeSubDomains",
        "referrer-policy": "strict-origin-when-cross-origin",
        "permissions-policy": "camera=(), microphone=(), geolocation=()",
        "content-type": "application/json; charset=utf-8",
        "content-length": "43",
        "etag": "W/\"2b-dGnJzt6gv1nJjX6DJ9RztDWptng\""
      }
    }
    [35mresponseTime[39m: 5
[17:15:20.932] [32mINFO[39m (16336): [36mrequest completed[39m
    [35mreq[39m: {
      "id": 37,
      "method": "GET",
      "url": "/api/v1/platform/analytics/hotels-by-tier",
      "query": {},
      "params": {
        "path": [
          "platform",
          "analytics",
          "hotels-by-tier"
        ]
      },
      "headers": {
        "host": "localhost:5000",
        "connection": "keep-alive",
        "sec-ch-ua-platform": "\"Windows\"",
        "authorization": "[Redacted]",
        "user-agent": "Mozilla/5.0 (Windows NT 10.0; Win64; x64) AppleWebKit/537.36 (KHTML, like Gecko) Code/1.122.1 Chrome/142.0.7444.265 Electron/39.8.8 Safari/537.36",
        "sec-ch-ua": "\"Not_A Brand\";v=\"99\", \"Chromium\";v=\"142\"",
        "sec-ch-ua-mobile": "?0",
        "accept": "*/*",
        "origin": "http://localhost:3000",
        "sec-fetch-site": "same-site",
        "sec-fetch-mode": "cors",
        "sec-fetch-dest": "empty",
        "referer": "http://localhost:3000/",
        "accept-encoding": "gzip, deflate, br, zstd",
        "accept-language": "en-US",
        "if-none-match": "W/\"8b-ZJF2TqWqDfLDpMeJrnyJH8Hjb68\""
      },
      "remoteAddress": "::1",
      "remotePort": 64046
    }
    [35mres[39m: {
      "statusCode": 401,
      "headers": {
        "x-powered-by": "Express",
        "access-control-allow-origin": "http://localhost:3000",
        "vary": "Origin",
        "access-control-allow-credentials": "true",
        "x-request-id": "aa730539-f9f0-4f78-93a8-d25800b8b9e8",
        "x-content-type-options": "nosniff",
        "x-frame-options": "DENY",
        "x-xss-protection": "1; mode=block",
        "strict-transport-security": "max-age=31536000; includeSubDomains",
        "referrer-policy": "strict-origin-when-cross-origin",
        "permissions-policy": "camera=(), microphone=(), geolocation=()",
        "content-type": "application/json; charset=utf-8",
        "content-length": "43",
        "etag": "W/\"2b-dGnJzt6gv1nJjX6DJ9RztDWptng\""
      }
    }
    [35mresponseTime[39m: 3
[17:15:20.936] [32mINFO[39m (16336): [36mrequest completed[39m
    [35mreq[39m: {
      "id": 38,
      "method": "GET",
      "url": "/api/v1/platform/analytics/revenue-chart",
      "query": {},
      "params": {
        "path": [
          "platform",
          "analytics",
          "revenue-chart"
        ]
      },
      "headers": {
        "host": "localhost:5000",
        "connection": "keep-alive",
        "sec-ch-ua-platform": "\"Windows\"",
        "authorization": "[Redacted]",
        "user-agent": "Mozilla/5.0 (Windows NT 10.0; Win64; x64) AppleWebKit/537.36 (KHTML, like Gecko) Code/1.122.1 Chrome/142.0.7444.265 Electron/39.8.8 Safari/537.36",
        "sec-ch-ua": "\"Not_A Brand\";v=\"99\", \"Chromium\";v=\"142\"",
        "sec-ch-ua-mobile": "?0",
        "accept": "*/*",
        "origin": "http://localhost:3000",
        "sec-fetch-site": "same-site",
        "sec-fetch-mode": "cors",
        "sec-fetch-dest": "empty",
        "referer": "http://localhost:3000/",
        "accept-encoding": "gzip, deflate, br, zstd",
        "accept-language": "en-US",
        "if-none-match": "W/\"2-l9Fw4VUO7kr8CvBlt4zaMCqXZ0w\""
      },
      "remoteAddress": "::1",
      "remotePort": 64045
    }
    [35mres[39m: {
      "statusCode": 401,
      "headers": {
        "x-powered-by": "Express",
        "access-control-allow-origin": "http://localhost:3000",
        "vary": "Origin",
        "access-control-allow-credentials": "true",
        "x-request-id": "556d1431-8168-4908-a938-67ca483c4a49",
        "x-content-type-options": "nosniff",
        "x-frame-options": "DENY",
        "x-xss-protection": "1; mode=block",
        "strict-transport-security": "max-age=31536000; includeSubDomains",
        "referrer-policy": "strict-origin-when-cross-origin",
        "permissions-policy": "camera=(), microphone=(), geolocation=()",
        "content-type": "application/json; charset=utf-8",
        "content-length": "43",
        "etag": "W/\"2b-dGnJzt6gv1nJjX6DJ9RztDWptng\""
      }
    }
    [35mresponseTime[39m: 3
[17:15:20.942] [32mINFO[39m (16336): [36mrequest completed[39m
    [35mreq[39m: {
      "id": 39,
      "method": "GET",
      "url": "/api/v1/platform/analytics/kpis",
      "query": {},
      "params": {
        "path": [
          "platform",
          "analytics",
          "kpis"
        ]
      },
      "headers": {
        "host": "localhost:5000",
        "connection": "keep-alive",
        "sec-ch-ua-platform": "\"Windows\"",
        "authorization": "[Redacted]",
        "user-agent": "Mozilla/5.0 (Windows NT 10.0; Win64; x64) AppleWebKit/537.36 (KHTML, like Gecko) Code/1.122.1 Chrome/142.0.7444.265 Electron/39.8.8 Safari/537.36",
        "sec-ch-ua": "\"Not_A Brand\";v=\"99\", \"Chromium\";v=\"142\"",
        "sec-ch-ua-mobile": "?0",
        "accept": "*/*",
        "origin": "http://localhost:3000",
        "sec-fetch-site": "same-site",
        "sec-fetch-mode": "cors",
        "sec-fetch-dest": "empty",
        "referer": "http://localhost:3000/",
        "accept-encoding": "gzip, deflate, br, zstd",
        "accept-language": "en-US",
        "if-none-match": "W/\"85-FGggefkDlwxo6lxB83MiqIQ7iG0\""
      },
      "remoteAddress": "::1",
      "remotePort": 64044
    }
    [35mres[39m: {
      "statusCode": 401,
      "headers": {
        "x-powered-by": "Express",
        "access-control-allow-origin": "http://localhost:3000",
        "vary": "Origin",
        "access-control-allow-credentials": "true",
        "x-request-id": "1aa8726f-12d4-45d3-8f68-5dbe77d86873",
        "x-content-type-options": "nosniff",
        "x-frame-options": "DENY",
        "x-xss-protection": "1; mode=block",
        "strict-transport-security": "max-age=31536000; includeSubDomains",
        "referrer-policy": "strict-origin-when-cross-origin",
        "permissions-policy": "camera=(), microphone=(), geolocation=()",
        "content-type": "application/json; charset=utf-8",
        "content-length": "43",
        "etag": "W/\"2b-dGnJzt6gv1nJjX6DJ9RztDWptng\""
      }
    }
    [35mresponseTime[39m: 5
[17:15:20.946] [32mINFO[39m (16336): [36mrequest completed[39m
    [35mreq[39m: {
      "id": 40,
      "method": "GET",
      "url": "/api/v1/notifications/unread-count",
      "query": {},
      "params": {
        "path": [
          "notifications",
          "unread-count"
        ]
      },
      "headers": {
        "host": "localhost:5000",
        "connection": "keep-alive",
        "sec-ch-ua-platform": "\"Windows\"",
        "authorization": "[Redacted]",
        "user-agent": "Mozilla/5.0 (Windows NT 10.0; Win64; x64) AppleWebKit/537.36 (KHTML, like Gecko) Code/1.122.1 Chrome/142.0.7444.265 Electron/39.8.8 Safari/537.36",
        "sec-ch-ua": "\"Not_A Brand\";v=\"99\", \"Chromium\";v=\"142\"",
        "sec-ch-ua-mobile": "?0",
        "accept": "*/*",
        "origin": "http://localhost:3000",
        "sec-fetch-site": "same-site",
        "sec-fetch-mode": "cors",
        "sec-fetch-dest": "empty",
        "referer": "http://localhost:3000/",
        "accept-encoding": "gzip, deflate, br, zstd",
        "accept-language": "en-US",
        "if-none-match": "W/\"23-WgR9+nUlfRzXMzFiBE7oaznpWzo\""
      },
      "remoteAddress": "::1",
      "remotePort": 64047
    }
    [35mres[39m: {
      "statusCode": 401,
      "headers": {
        "x-powered-by": "Express",
        "access-control-allow-origin": "http://localhost:3000",
        "vary": "Origin",
        "access-control-allow-credentials": "true",
        "x-request-id": "0e89ab7e-c44b-4edf-a21a-228e155c1066",
        "x-content-type-options": "nosniff",
        "x-frame-options": "DENY",
        "x-xss-protection": "1; mode=block",
        "strict-transport-security": "max-age=31536000; includeSubDomains",
        "referrer-policy": "strict-origin-when-cross-origin",
        "permissions-policy": "camera=(), microphone=(), geolocation=()",
        "content-type": "application/json; charset=utf-8",
        "content-length": "43",
        "etag": "W/\"2b-dGnJzt6gv1nJjX6DJ9RztDWptng\""
      }
    }
    [35mresponseTime[39m: 3
[17:15:21.934] [32mINFO[39m (16336): [36mrequest completed[39m
    [35mreq[39m: {
      "id": 41,
      "method": "GET",
      "url": "/api/v1/platform/analytics/audit-logs",
      "query": {},
      "params": {
        "path": [
          "platform",
          "analytics",
          "audit-logs"
        ]
      },
      "headers": {
        "host": "localhost:5000",
        "connection": "keep-alive",
        "sec-ch-ua-platform": "\"Windows\"",
        "authorization": "[Redacted]",
        "user-agent": "Mozilla/5.0 (Windows NT 10.0; Win64; x64) AppleWebKit/537.36 (KHTML, like Gecko) Code/1.122.1 Chrome/142.0.7444.265 Electron/39.8.8 Safari/537.36",
        "sec-ch-ua": "\"Not_A Brand\";v=\"99\", \"Chromium\";v=\"142\"",
        "sec-ch-ua-mobile": "?0",
        "accept": "*/*",
        "origin": "http://localhost:3000",
        "sec-fetch-site": "same-site",
        "sec-fetch-mode": "cors",
        "sec-fetch-dest": "empty",
        "referer": "http://localhost:3000/",
        "accept-encoding": "gzip, deflate, br, zstd",
        "accept-language": "en-US",
        "if-none-match": "W/\"2-l9Fw4VUO7kr8CvBlt4zaMCqXZ0w\""
      },
      "remoteAddress": "::1",
      "remotePort": 64047
    }
    [35mres[39m: {
      "statusCode": 401,
      "headers": {
        "x-powered-by": "Express",
        "access-control-allow-origin": "http://localhost:3000",
        "vary": "Origin",
        "access-control-allow-credentials": "true",
        "x-request-id": "92fdbc06-ca3f-426e-9db9-60226f9249c6",
        "x-content-type-options": "nosniff",
        "x-frame-options": "DENY",
        "x-xss-protection": "1; mode=block",
        "strict-transport-security": "max-age=31536000; includeSubDomains",
        "referrer-policy": "strict-origin-when-cross-origin",
        "permissions-policy": "camera=(), microphone=(), geolocation=()",
        "content-type": "application/json; charset=utf-8",
        "content-length": "43",
        "etag": "W/\"2b-dGnJzt6gv1nJjX6DJ9RztDWptng\""
      }
    }
    [35mresponseTime[39m: 1
[17:15:21.942] [32mINFO[39m (16336): [36mrequest completed[39m
    [35mreq[39m: {
      "id": 42,
      "method": "GET",
      "url": "/api/v1/platform/analytics/hotels-by-tier",
      "query": {},
      "params": {
        "path": [
          "platform",
          "analytics",
          "hotels-by-tier"
        ]
      },
      "headers": {
        "host": "localhost:5000",
        "connection": "keep-alive",
        "sec-ch-ua-platform": "\"Windows\"",
        "authorization": "[Redacted]",
        "user-agent": "Mozilla/5.0 (Windows NT 10.0; Win64; x64) AppleWebKit/537.36 (KHTML, like Gecko) Code/1.122.1 Chrome/142.0.7444.265 Electron/39.8.8 Safari/537.36",
        "sec-ch-ua": "\"Not_A Brand\";v=\"99\", \"Chromium\";v=\"142\"",
        "sec-ch-ua-mobile": "?0",
        "accept": "*/*",
        "origin": "http://localhost:3000",
        "sec-fetch-site": "same-site",
        "sec-fetch-mode": "cors",
        "sec-fetch-dest": "empty",
        "referer": "http://localhost:3000/",
        "accept-encoding": "gzip, deflate, br, zstd",
        "accept-language": "en-US",
        "if-none-match": "W/\"8b-ZJF2TqWqDfLDpMeJrnyJH8Hjb68\""
      },
      "remoteAddress": "::1",
      "remotePort": 64047
    }
    [35mres[39m: {
      "statusCode": 401,
      "headers": {
        "x-powered-by": "Express",
        "access-control-allow-origin": "http://localhost:3000",
        "vary": "Origin",
        "access-control-allow-credentials": "true",
        "x-request-id": "87c5eddf-9aa1-4e1b-8f1b-6bf78b3d4b36",
        "x-content-type-options": "nosniff",
        "x-frame-options": "DENY",
        "x-xss-protection": "1; mode=block",
        "strict-transport-security": "max-age=31536000; includeSubDomains",
        "referrer-policy": "strict-origin-when-cross-origin",
        "permissions-policy": "camera=(), microphone=(), geolocation=()",
        "content-type": "application/json; charset=utf-8",
        "content-length": "43",
        "etag": "W/\"2b-dGnJzt6gv1nJjX6DJ9RztDWptng\""
      }
    }
    [35mresponseTime[39m: 2
[17:15:21.948] [32mINFO[39m (16336): [36mrequest completed[39m
    [35mreq[39m: {
      "id": 43,
      "method": "GET",
      "url": "/api/v1/platform/analytics/revenue-chart",
      "query": {},
      "params": {
        "path": [
          "platform",
          "analytics",
          "revenue-chart"
        ]
      },
      "headers": {
        "host": "localhost:5000",
        "connection": "keep-alive",
        "sec-ch-ua-platform": "\"Windows\"",
        "authorization": "[Redacted]",
        "user-agent": "Mozilla/5.0 (Windows NT 10.0; Win64; x64) AppleWebKit/537.36 (KHTML, like Gecko) Code/1.122.1 Chrome/142.0.7444.265 Electron/39.8.8 Safari/537.36",
        "sec-ch-ua": "\"Not_A Brand\";v=\"99\", \"Chromium\";v=\"142\"",
        "sec-ch-ua-mobile": "?0",
        "accept": "*/*",
        "origin": "http://localhost:3000",
        "sec-fetch-site": "same-site",
        "sec-fetch-mode": "cors",
        "sec-fetch-dest": "empty",
        "referer": "http://localhost:3000/",
        "accept-encoding": "gzip, deflate, br, zstd",
        "accept-language": "en-US",
        "if-none-match": "W/\"2-l9Fw4VUO7kr8CvBlt4zaMCqXZ0w\""
      },
      "remoteAddress": "::1",
      "remotePort": 64047
    }
    [35mres[39m: {
      "statusCode": 401,
      "headers": {
        "x-powered-by": "Express",
        "access-control-allow-origin": "http://localhost:3000",
        "vary": "Origin",
        "access-control-allow-credentials": "true",
        "x-request-id": "9967ee73-12eb-40b7-8a90-28f6646416df",
        "x-content-type-options": "nosniff",
        "x-frame-options": "DENY",
        "x-xss-protection": "1; mode=block",
        "strict-transport-security": "max-age=31536000; includeSubDomains",
        "referrer-policy": "strict-origin-when-cross-origin",
        "permissions-policy": "camera=(), microphone=(), geolocation=()",
        "content-type": "application/json; charset=utf-8",
        "content-length": "43",
        "etag": "W/\"2b-dGnJzt6gv1nJjX6DJ9RztDWptng\""
      }
    }
    [35mresponseTime[39m: 2
[17:15:21.951] [32mINFO[39m (16336): [36mrequest completed[39m
    [35mreq[39m: {
      "id": 44,
      "method": "GET",
      "url": "/api/v1/platform/analytics/kpis",
      "query": {},
      "params": {
        "path": [
          "platform",
          "analytics",
          "kpis"
        ]
      },
      "headers": {
        "host": "localhost:5000",
        "connection": "keep-alive",
        "sec-ch-ua-platform": "\"Windows\"",
        "authorization": "[Redacted]",
        "user-agent": "Mozilla/5.0 (Windows NT 10.0; Win64; x64) AppleWebKit/537.36 (KHTML, like Gecko) Code/1.122.1 Chrome/142.0.7444.265 Electron/39.8.8 Safari/537.36",
        "sec-ch-ua": "\"Not_A Brand\";v=\"99\", \"Chromium\";v=\"142\"",
        "sec-ch-ua-mobile": "?0",
        "accept": "*/*",
        "origin": "http://localhost:3000",
        "sec-fetch-site": "same-site",
        "sec-fetch-mode": "cors",
        "sec-fetch-dest": "empty",
        "referer": "http://localhost:3000/",
        "accept-encoding": "gzip, deflate, br, zstd",
        "accept-language": "en-US",
        "if-none-match": "W/\"85-FGggefkDlwxo6lxB83MiqIQ7iG0\""
      },
      "remoteAddress": "::1",
      "remotePort": 64044
    }
    [35mres[39m: {
      "statusCode": 401,
      "headers": {
        "x-powered-by": "Express",
        "access-control-allow-origin": "http://localhost:3000",
        "vary": "Origin",
        "access-control-allow-credentials": "true",
        "x-request-id": "49435c0a-e974-4357-8fb5-cd1b924e6e93",
        "x-content-type-options": "nosniff",
        "x-frame-options": "DENY",
        "x-xss-protection": "1; mode=block",
        "strict-transport-security": "max-age=31536000; includeSubDomains",
        "referrer-policy": "strict-origin-when-cross-origin",
        "permissions-policy": "camera=(), microphone=(), geolocation=()",
        "content-type": "application/json; charset=utf-8",
        "content-length": "43",
        "etag": "W/\"2b-dGnJzt6gv1nJjX6DJ9RztDWptng\""
      }
    }
    [35mresponseTime[39m: 2
[17:15:24.111] [32mINFO[39m (16336): [36mrequest completed[39m
    [35mreq[39m: {
      "id": 45,
      "method": "GET",
      "url": "/api/v1/platform/hotels?page=1&limit=15&plan=all&sortBy=name-asc",
      "query": {
        "page": "1",
        "limit": "15",
        "plan": "all",
        "sortBy": "name-asc"
      },
      "params": {
        "path": [
          "platform",
          "hotels"
        ]
      },
      "headers": {
        "host": "localhost:5000",
        "connection": "keep-alive",
        "sec-ch-ua-platform": "\"Windows\"",
        "authorization": "[Redacted]",
        "user-agent": "Mozilla/5.0 (Windows NT 10.0; Win64; x64) AppleWebKit/537.36 (KHTML, like Gecko) Code/1.122.1 Chrome/142.0.7444.265 Electron/39.8.8 Safari/537.36",
        "sec-ch-ua": "\"Not_A Brand\";v=\"99\", \"Chromium\";v=\"142\"",
        "sec-ch-ua-mobile": "?0",
        "accept": "*/*",
        "origin": "http://localhost:3000",
        "sec-fetch-site": "same-site",
        "sec-fetch-mode": "cors",
        "sec-fetch-dest": "empty",
        "referer": "http://localhost:3000/",
        "accept-encoding": "gzip, deflate, br, zstd",
        "accept-language": "en-US",
        "if-none-match": "W/\"3b7-Sg6tiMNXL1xrmCzXwvYAdIXFpWA\""
      },
      "remoteAddress": "::1",
      "remotePort": 64044
    }
    [35mres[39m: {
      "statusCode": 401,
      "headers": {
        "x-powered-by": "Express",
        "access-control-allow-origin": "http://localhost:3000",
        "vary": "Origin",
        "access-control-allow-credentials": "true",
        "x-request-id": "f3c7a81d-0c75-406c-b797-35860eb7815a",
        "x-content-type-options": "nosniff",
        "x-frame-options": "DENY",
        "x-xss-protection": "1; mode=block",
        "strict-transport-security": "max-age=31536000; includeSubDomains",
        "referrer-policy": "strict-origin-when-cross-origin",
        "permissions-policy": "camera=(), microphone=(), geolocation=()",
        "content-type": "application/json; charset=utf-8",
        "content-length": "43",
        "etag": "W/\"2b-dGnJzt6gv1nJjX6DJ9RztDWptng\""
      }
    }
    [35mresponseTime[39m: 2
[17:15:25.147] [32mINFO[39m (16336): [36mrequest completed[39m
    [35mreq[39m: {
      "id": 46,
      "method": "GET",
      "url": "/api/v1/platform/hotels?page=1&limit=15&plan=all&sortBy=name-asc",
      "query": {
        "page": "1",
        "limit": "15",
        "plan": "all",
        "sortBy": "name-asc"
      },
      "params": {
        "path": [
          "platform",
          "hotels"
        ]
      },
      "headers": {
        "host": "localhost:5000",
        "connection": "keep-alive",
        "sec-ch-ua-platform": "\"Windows\"",
        "authorization": "[Redacted]",
        "user-agent": "Mozilla/5.0 (Windows NT 10.0; Win64; x64) AppleWebKit/537.36 (KHTML, like Gecko) Code/1.122.1 Chrome/142.0.7444.265 Electron/39.8.8 Safari/537.36",
        "sec-ch-ua": "\"Not_A Brand\";v=\"99\", \"Chromium\";v=\"142\"",
        "sec-ch-ua-mobile": "?0",
        "accept": "*/*",
        "origin": "http://localhost:3000",
        "sec-fetch-site": "same-site",
        "sec-fetch-mode": "cors",
        "sec-fetch-dest": "empty",
        "referer": "http://localhost:3000/",
        "accept-encoding": "gzip, deflate, br, zstd",
        "accept-language": "en-US",
        "if-none-match": "W/\"3b7-Sg6tiMNXL1xrmCzXwvYAdIXFpWA\""
      },
      "remoteAddress": "::1",
      "remotePort": 64044
    }
    [35mres[39m: {
      "statusCode": 401,
      "headers": {
        "x-powered-by": "Express",
        "access-control-allow-origin": "http://localhost:3000",
        "vary": "Origin",
        "access-control-allow-credentials": "true",
        "x-request-id": "9fcd8ae6-63dc-4f65-89b2-8a5e28fbf71d",
        "x-content-type-options": "nosniff",
        "x-frame-options": "DENY",
        "x-xss-protection": "1; mode=block",
        "strict-transport-security": "max-age=31536000; includeSubDomains",
        "referrer-policy": "strict-origin-when-cross-origin",
        "permissions-policy": "camera=(), microphone=(), geolocation=()",
        "content-type": "application/json; charset=utf-8",
        "content-length": "43",
        "etag": "W/\"2b-dGnJzt6gv1nJjX6DJ9RztDWptng\""
      }
    }
    [35mresponseTime[39m: 3
[17:15:27.162] [32mINFO[39m (16336): [36mrequest completed[39m
    [35mreq[39m: {
      "id": 47,
      "method": "GET",
      "url": "/api/v1/platform/hotels?page=1&limit=15&plan=all&sortBy=name-asc",
      "query": {
        "page": "1",
        "limit": "15",
        "plan": "all",
        "sortBy": "name-asc"
      },
      "params": {
        "path": [
          "platform",
          "hotels"
        ]
      },
      "headers": {
        "host": "localhost:5000",
        "connection": "keep-alive",
        "sec-ch-ua-platform": "\"Windows\"",
        "authorization": "[Redacted]",
        "user-agent": "Mozilla/5.0 (Windows NT 10.0; Win64; x64) AppleWebKit/537.36 (KHTML, like Gecko) Code/1.122.1 Chrome/142.0.7444.265 Electron/39.8.8 Safari/537.36",
        "sec-ch-ua": "\"Not_A Brand\";v=\"99\", \"Chromium\";v=\"142\"",
        "sec-ch-ua-mobile": "?0",
        "accept": "*/*",
        "origin": "http://localhost:3000",
        "sec-fetch-site": "same-site",
        "sec-fetch-mode": "cors",
        "sec-fetch-dest": "empty",
        "referer": "http://localhost:3000/",
        "accept-encoding": "gzip, deflate, br, zstd",
        "accept-language": "en-US",
        "if-none-match": "W/\"3b7-Sg6tiMNXL1xrmCzXwvYAdIXFpWA\""
      },
      "remoteAddress": "::1",
      "remotePort": 64044
    }
    [35mres[39m: {
      "statusCode": 401,
      "headers": {
        "x-powered-by": "Express",
        "access-control-allow-origin": "http://localhost:3000",
        "vary": "Origin",
        "access-control-allow-credentials": "true",
        "x-request-id": "a9a827f7-2cb2-4557-9045-fefee6b0a07f",
        "x-content-type-options": "nosniff",
        "x-frame-options": "DENY",
        "x-xss-protection": "1; mode=block",
        "strict-transport-security": "max-age=31536000; includeSubDomains",
        "referrer-policy": "strict-origin-when-cross-origin",
        "permissions-policy": "camera=(), microphone=(), geolocation=()",
        "content-type": "application/json; charset=utf-8",
        "content-length": "43",
        "etag": "W/\"2b-dGnJzt6gv1nJjX6DJ9RztDWptng\""
      }
    }
    [35mresponseTime[39m: 2
[17:15:31.175] [32mINFO[39m (16336): [36mrequest completed[39m
    [35mreq[39m: {
      "id": 48,
      "method": "GET",
      "url": "/api/v1/platform/hotels?page=1&limit=15&plan=all&sortBy=name-asc",
      "query": {
        "page": "1",
        "limit": "15",
        "plan": "all",
        "sortBy": "name-asc"
      },
      "params": {
        "path": [
          "platform",
          "hotels"
        ]
      },
      "headers": {
        "host": "localhost:5000",
        "connection": "keep-alive",
        "sec-ch-ua-platform": "\"Windows\"",
        "authorization": "[Redacted]",
        "user-agent": "Mozilla/5.0 (Windows NT 10.0; Win64; x64) AppleWebKit/537.36 (KHTML, like Gecko) Code/1.122.1 Chrome/142.0.7444.265 Electron/39.8.8 Safari/537.36",
        "sec-ch-ua": "\"Not_A Brand\";v=\"99\", \"Chromium\";v=\"142\"",
        "sec-ch-ua-mobile": "?0",
        "accept": "*/*",
        "origin": "http://localhost:3000",
        "sec-fetch-site": "same-site",
        "sec-fetch-mode": "cors",
        "sec-fetch-dest": "empty",
        "referer": "http://localhost:3000/",
        "accept-encoding": "gzip, deflate, br, zstd",
        "accept-language": "en-US",
        "if-none-match": "W/\"3b7-Sg6tiMNXL1xrmCzXwvYAdIXFpWA\""
      },
      "remoteAddress": "::1",
      "remotePort": 64044
    }
    [35mres[39m: {
      "statusCode": 401,
      "headers": {
        "x-powered-by": "Express",
        "access-control-allow-origin": "http://localhost:3000",
        "vary": "Origin",
        "access-control-allow-credentials": "true",
        "x-request-id": "3cc16573-4f86-46de-8891-f532a83713c4",
        "x-content-type-options": "nosniff",
        "x-frame-options": "DENY",
        "x-xss-protection": "1; mode=block",
        "strict-transport-security": "max-age=31536000; includeSubDomains",
        "referrer-policy": "strict-origin-when-cross-origin",
        "permissions-policy": "camera=(), microphone=(), geolocation=()",
        "content-type": "application/json; charset=utf-8",
        "content-length": "43",
        "etag": "W/\"2b-dGnJzt6gv1nJjX6DJ9RztDWptng\""
      }
    }
    [35mresponseTime[39m: 2
[17:15:36.476] [32mINFO[39m (16336): [36mrequest completed[39m
    [35mreq[39m: {
      "id": 49,
      "method": "GET",
      "url": "/api/v1/notifications/unread-count",
      "query": {},
      "params": {
        "path": [
          "notifications",
          "unread-count"
        ]
      },
      "headers": {
        "host": "localhost:5000",
        "connection": "keep-alive",
        "sec-ch-ua-platform": "\"Windows\"",
        "authorization": "[Redacted]",
        "user-agent": "Mozilla/5.0 (Windows NT 10.0; Win64; x64) AppleWebKit/537.36 (KHTML, like Gecko) Code/1.122.1 Chrome/142.0.7444.265 Electron/39.8.8 Safari/537.36",
        "sec-ch-ua": "\"Not_A Brand\";v=\"99\", \"Chromium\";v=\"142\"",
        "sec-ch-ua-mobile": "?0",
        "accept": "*/*",
        "origin": "http://localhost:3000",
        "sec-fetch-site": "same-site",
        "sec-fetch-mode": "cors",
        "sec-fetch-dest": "empty",
        "referer": "http://localhost:3000/",
        "accept-encoding": "gzip, deflate, br, zstd",
        "accept-language": "en-US",
        "if-none-match": "W/\"23-WgR9+nUlfRzXMzFiBE7oaznpWzo\""
      },
      "remoteAddress": "::1",
      "remotePort": 64044
    }
    [35mres[39m: {
      "statusCode": 401,
      "headers": {
        "x-powered-by": "Express",
        "access-control-allow-origin": "http://localhost:3000",
        "vary": "Origin",
        "access-control-allow-credentials": "true",
        "x-request-id": "0b07d14c-b97e-429c-8c76-34f0173d7db4",
        "x-content-type-options": "nosniff",
        "x-frame-options": "DENY",
        "x-xss-protection": "1; mode=block",
        "strict-transport-security": "max-age=31536000; includeSubDomains",
        "referrer-policy": "strict-origin-when-cross-origin",
        "permissions-policy": "camera=(), microphone=(), geolocation=()",
        "content-type": "application/json; charset=utf-8",
        "content-length": "43",
        "etag": "W/\"2b-dGnJzt6gv1nJjX6DJ9RztDWptng\""
      }
    }
    [35mresponseTime[39m: 2
[17:15:46.204] [32mINFO[39m (16336): [36mrequest completed[39m
    [35mreq[39m: {
      "id": 50,
      "method": "GET",
      "url": "/api/v1/platform/hotels?page=1&limit=15&plan=all&sortBy=name-asc",
      "query": {
        "page": "1",
        "limit": "15",
        "plan": "all",
        "sortBy": "name-asc"
      },
      "params": {
        "path": [
          "platform",
          "hotels"
        ]
      },
      "headers": {
        "host": "localhost:5000",
        "connection": "keep-alive",
        "sec-ch-ua-platform": "\"Windows\"",
        "authorization": "[Redacted]",
        "user-agent": "Mozilla/5.0 (Windows NT 10.0; Win64; x64) AppleWebKit/537.36 (KHTML, like Gecko) Code/1.122.1 Chrome/142.0.7444.265 Electron/39.8.8 Safari/537.36",
        "sec-ch-ua": "\"Not_A Brand\";v=\"99\", \"Chromium\";v=\"142\"",
        "sec-ch-ua-mobile": "?0",
        "accept": "*/*",
        "origin": "http://localhost:3000",
        "sec-fetch-site": "same-site",
        "sec-fetch-mode": "cors",
        "sec-fetch-dest": "empty",
        "referer": "http://localhost:3000/",
        "accept-encoding": "gzip, deflate, br, zstd",
        "accept-language": "en-US",
        "if-none-match": "W/\"3b7-Sg6tiMNXL1xrmCzXwvYAdIXFpWA\""
      },
      "remoteAddress": "::1",
      "remotePort": 64078
    }
    [35mres[39m: {
      "statusCode": 401,
      "headers": {
        "x-powered-by": "Express",
        "access-control-allow-origin": "http://localhost:3000",
        "vary": "Origin",
        "access-control-allow-credentials": "true",
        "x-request-id": "dc9da7f7-1b40-4151-8cda-dbf327d2f406",
        "x-content-type-options": "nosniff",
        "x-frame-options": "DENY",
        "x-xss-protection": "1; mode=block",
        "strict-transport-security": "max-age=31536000; includeSubDomains",
        "referrer-policy": "strict-origin-when-cross-origin",
        "permissions-policy": "camera=(), microphone=(), geolocation=()",
        "content-type": "application/json; charset=utf-8",
        "content-length": "43",
        "etag": "W/\"2b-dGnJzt6gv1nJjX6DJ9RztDWptng\""
      }
    }
    [35mresponseTime[39m: 4
[17:15:47.279] [32mINFO[39m (16336): [36mrequest completed[39m
    [35mreq[39m: {
      "id": 51,
      "method": "GET",
      "url": "/api/v1/platform/hotels?page=1&limit=15&plan=all&sortBy=name-asc",
      "query": {
        "page": "1",
        "limit": "15",
        "plan": "all",
        "sortBy": "name-asc"
      },
      "params": {
        "path": [
          "platform",
          "hotels"
        ]
      },
      "headers": {
        "host": "localhost:5000",
        "connection": "keep-alive",
        "sec-ch-ua-platform": "\"Windows\"",
        "authorization": "[Redacted]",
        "user-agent": "Mozilla/5.0 (Windows NT 10.0; Win64; x64) AppleWebKit/537.36 (KHTML, like Gecko) Code/1.122.1 Chrome/142.0.7444.265 Electron/39.8.8 Safari/537.36",
        "sec-ch-ua": "\"Not_A Brand\";v=\"99\", \"Chromium\";v=\"142\"",
        "sec-ch-ua-mobile": "?0",
        "accept": "*/*",
        "origin": "http://localhost:3000",
        "sec-fetch-site": "same-site",
        "sec-fetch-mode": "cors",
        "sec-fetch-dest": "empty",
        "referer": "http://localhost:3000/",
        "accept-encoding": "gzip, deflate, br, zstd",
        "accept-language": "en-US",
        "if-none-match": "W/\"3b7-Sg6tiMNXL1xrmCzXwvYAdIXFpWA\""
      },
      "remoteAddress": "::1",
      "remotePort": 64078
    }
    [35mres[39m: {
      "statusCode": 401,
      "headers": {
        "x-powered-by": "Express",
        "access-control-allow-origin": "http://localhost:3000",
        "vary": "Origin",
        "access-control-allow-credentials": "true",
        "x-request-id": "ba284c68-31cc-4e81-b0ac-e8be6d53e915",
        "x-content-type-options": "nosniff",
        "x-frame-options": "DENY",
        "x-xss-protection": "1; mode=block",
        "strict-transport-security": "max-age=31536000; includeSubDomains",
        "referrer-policy": "strict-origin-when-cross-origin",
        "permissions-policy": "camera=(), microphone=(), geolocation=()",
        "content-type": "application/json; charset=utf-8",
        "content-length": "43",
        "etag": "W/\"2b-dGnJzt6gv1nJjX6DJ9RztDWptng\""
      }
    }
    [35mresponseTime[39m: 3
[17:15:49.291] [32mINFO[39m (16336): [36mrequest completed[39m
    [35mreq[39m: {
      "id": 52,
      "method": "GET",
      "url": "/api/v1/platform/hotels?page=1&limit=15&plan=all&sortBy=name-asc",
      "query": {
        "page": "1",
        "limit": "15",
        "plan": "all",
        "sortBy": "name-asc"
      },
      "params": {
        "path": [
          "platform",
          "hotels"
        ]
      },
      "headers": {
        "host": "localhost:5000",
        "connection": "keep-alive",
        "sec-ch-ua-platform": "\"Windows\"",
        "authorization": "[Redacted]",
        "user-agent": "Mozilla/5.0 (Windows NT 10.0; Win64; x64) AppleWebKit/537.36 (KHTML, like Gecko) Code/1.122.1 Chrome/142.0.7444.265 Electron/39.8.8 Safari/537.36",
        "sec-ch-ua": "\"Not_A Brand\";v=\"99\", \"Chromium\";v=\"142\"",
        "sec-ch-ua-mobile": "?0",
        "accept": "*/*",
        "origin": "http://localhost:3000",
        "sec-fetch-site": "same-site",
        "sec-fetch-mode": "cors",
        "sec-fetch-dest": "empty",
        "referer": "http://localhost:3000/",
        "accept-encoding": "gzip, deflate, br, zstd",
        "accept-language": "en-US",
        "if-none-match": "W/\"3b7-Sg6tiMNXL1xrmCzXwvYAdIXFpWA\""
      },
      "remoteAddress": "::1",
      "remotePort": 64078
    }
    [35mres[39m: {
      "statusCode": 401,
      "headers": {
        "x-powered-by": "Express",
        "access-control-allow-origin": "http://localhost:3000",
        "vary": "Origin",
        "access-control-allow-credentials": "true",
        "x-request-id": "da7aaaa6-3e30-4722-8f09-107f83737cda",
        "x-content-type-options": "nosniff",
        "x-frame-options": "DENY",
        "x-xss-protection": "1; mode=block",
        "strict-transport-security": "max-age=31536000; includeSubDomains",
        "referrer-policy": "strict-origin-when-cross-origin",
        "permissions-policy": "camera=(), microphone=(), geolocation=()",
        "content-type": "application/json; charset=utf-8",
        "content-length": "43",
        "etag": "W/\"2b-dGnJzt6gv1nJjX6DJ9RztDWptng\""
      }
    }
    [35mresponseTime[39m: 4
[17:15:53.314] [32mINFO[39m (16336): [36mrequest completed[39m
    [35mreq[39m: {
      "id": 53,
      "method": "GET",
      "url": "/api/v1/platform/hotels?page=1&limit=15&plan=all&sortBy=name-asc",
      "query": {
        "page": "1",
        "limit": "15",
        "plan": "all",
        "sortBy": "name-asc"
      },
      "params": {
        "path": [
          "platform",
          "hotels"
        ]
      },
      "headers": {
        "host": "localhost:5000",
        "connection": "keep-alive",
        "sec-ch-ua-platform": "\"Windows\"",
        "authorization": "[Redacted]",
        "user-agent": "Mozilla/5.0 (Windows NT 10.0; Win64; x64) AppleWebKit/537.36 (KHTML, like Gecko) Code/1.122.1 Chrome/142.0.7444.265 Electron/39.8.8 Safari/537.36",
        "sec-ch-ua": "\"Not_A Brand\";v=\"99\", \"Chromium\";v=\"142\"",
        "sec-ch-ua-mobile": "?0",
        "accept": "*/*",
        "origin": "http://localhost:3000",
        "sec-fetch-site": "same-site",
        "sec-fetch-mode": "cors",
        "sec-fetch-dest": "empty",
        "referer": "http://localhost:3000/",
        "accept-encoding": "gzip, deflate, br, zstd",
        "accept-language": "en-US",
        "if-none-match": "W/\"3b7-Sg6tiMNXL1xrmCzXwvYAdIXFpWA\""
      },
      "remoteAddress": "::1",
      "remotePort": 64078
    }
    [35mres[39m: {
      "statusCode": 401,
      "headers": {
        "x-powered-by": "Express",
        "access-control-allow-origin": "http://localhost:3000",
        "vary": "Origin",
        "access-control-allow-credentials": "true",
        "x-request-id": "780d2fd0-5843-428b-880a-9a90f7d7055e",
        "x-content-type-options": "nosniff",
        "x-frame-options": "DENY",
        "x-xss-protection": "1; mode=block",
        "strict-transport-security": "max-age=31536000; includeSubDomains",
        "referrer-policy": "strict-origin-when-cross-origin",
        "permissions-policy": "camera=(), microphone=(), geolocation=()",
        "content-type": "application/json; charset=utf-8",
        "content-length": "43",
        "etag": "W/\"2b-dGnJzt6gv1nJjX6DJ9RztDWptng\""
      }
    }
    [35mresponseTime[39m: 6
[17:16:06.412] [32mINFO[39m (16336): [36mrequest completed[39m
    [35mreq[39m: {
      "id": 54,
      "method": "GET",
      "url": "/api/v1/notifications/unread-count",
      "query": {},
      "params": {
        "path": [
          "notifications",
          "unread-count"
        ]
      },
      "headers": {
        "host": "localhost:5000",
        "connection": "keep-alive",
        "sec-ch-ua-platform": "\"Windows\"",
        "authorization": "[Redacted]",
        "user-agent": "Mozilla/5.0 (Windows NT 10.0; Win64; x64) AppleWebKit/537.36 (KHTML, like Gecko) Code/1.122.1 Chrome/142.0.7444.265 Electron/39.8.8 Safari/537.36",
        "sec-ch-ua": "\"Not_A Brand\";v=\"99\", \"Chromium\";v=\"142\"",
        "sec-ch-ua-mobile": "?0",
        "accept": "*/*",
        "origin": "http://localhost:3000",
        "sec-fetch-site": "same-site",
        "sec-fetch-mode": "cors",
        "sec-fetch-dest": "empty",
        "referer": "http://localhost:3000/",
        "accept-encoding": "gzip, deflate, br, zstd",
        "accept-language": "en-US",
        "if-none-match": "W/\"23-WgR9+nUlfRzXMzFiBE7oaznpWzo\""
      },
      "remoteAddress": "::1",
      "remotePort": 64100
    }
    [35mres[39m: {
      "statusCode": 401,
      "headers": {
        "x-powered-by": "Express",
        "access-control-allow-origin": "http://localhost:3000",
        "vary": "Origin",
        "access-control-allow-credentials": "true",
        "x-request-id": "f515a69e-9744-400e-8e70-f1fbe8937053",
        "x-content-type-options": "nosniff",
        "x-frame-options": "DENY",
        "x-xss-protection": "1; mode=block",
        "strict-transport-security": "max-age=31536000; includeSubDomains",
        "referrer-policy": "strict-origin-when-cross-origin",
        "permissions-policy": "camera=(), microphone=(), geolocation=()",
        "content-type": "application/json; charset=utf-8",
        "content-length": "43",
        "etag": "W/\"2b-dGnJzt6gv1nJjX6DJ9RztDWptng\""
      }
    }
    [35mresponseTime[39m: 2
[17:16:08.336] [32mINFO[39m (16336): [36mrequest completed[39m
    [35mreq[39m: {
      "id": 55,
      "method": "GET",
      "url": "/api/v1/platform/hotels?page=1&limit=15&plan=all&sortBy=name-asc",
      "query": {
        "page": "1",
        "limit": "15",
        "plan": "all",
        "sortBy": "name-asc"
      },
      "params": {
        "path": [
          "platform",
          "hotels"
        ]
      },
      "headers": {
        "host": "localhost:5000",
        "connection": "keep-alive",
        "sec-ch-ua-platform": "\"Windows\"",
        "authorization": "[Redacted]",
        "user-agent": "Mozilla/5.0 (Windows NT 10.0; Win64; x64) AppleWebKit/537.36 (KHTML, like Gecko) Code/1.122.1 Chrome/142.0.7444.265 Electron/39.8.8 Safari/537.36",
        "sec-ch-ua": "\"Not_A Brand\";v=\"99\", \"Chromium\";v=\"142\"",
        "sec-ch-ua-mobile": "?0",
        "accept": "*/*",
        "origin": "http://localhost:3000",
        "sec-fetch-site": "same-site",
        "sec-fetch-mode": "cors",
        "sec-fetch-dest": "empty",
        "referer": "http://localhost:3000/",
        "accept-encoding": "gzip, deflate, br, zstd",
        "accept-language": "en-US",
        "if-none-match": "W/\"3b7-Sg6tiMNXL1xrmCzXwvYAdIXFpWA\""
      },
      "remoteAddress": "::1",
      "remotePort": 64100
    }
    [35mres[39m: {
      "statusCode": 401,
      "headers": {
        "x-powered-by": "Express",
        "access-control-allow-origin": "http://localhost:3000",
        "vary": "Origin",
        "access-control-allow-credentials": "true",
        "x-request-id": "3b7892d0-04ce-4a8c-a6b0-59ebeef5e3c0",
        "x-content-type-options": "nosniff",
        "x-frame-options": "DENY",
        "x-xss-protection": "1; mode=block",
        "strict-transport-security": "max-age=31536000; includeSubDomains",
        "referrer-policy": "strict-origin-when-cross-origin",
        "permissions-policy": "camera=(), microphone=(), geolocation=()",
        "content-type": "application/json; charset=utf-8",
        "content-length": "43",
        "etag": "W/\"2b-dGnJzt6gv1nJjX6DJ9RztDWptng\""
      }
    }
    [35mresponseTime[39m: 5
[17:16:09.439] [32mINFO[39m (16336): [36mrequest completed[39m
    [35mreq[39m: {
      "id": 56,
      "method": "GET",
      "url": "/api/v1/platform/hotels?page=1&limit=15&plan=all&sortBy=name-asc",
      "query": {
        "page": "1",
        "limit": "15",
        "plan": "all",
        "sortBy": "name-asc"
      },
      "params": {
        "path": [
          "platform",
          "hotels"
        ]
      },
      "headers": {
        "host": "localhost:5000",
        "connection": "keep-alive",
        "sec-ch-ua-platform": "\"Windows\"",
        "authorization": "[Redacted]",
        "user-agent": "Mozilla/5.0 (Windows NT 10.0; Win64; x64) AppleWebKit/537.36 (KHTML, like Gecko) Code/1.122.1 Chrome/142.0.7444.265 Electron/39.8.8 Safari/537.36",
        "sec-ch-ua": "\"Not_A Brand\";v=\"99\", \"Chromium\";v=\"142\"",
        "sec-ch-ua-mobile": "?0",
        "accept": "*/*",
        "origin": "http://localhost:3000",
        "sec-fetch-site": "same-site",
        "sec-fetch-mode": "cors",
        "sec-fetch-dest": "empty",
        "referer": "http://localhost:3000/",
        "accept-encoding": "gzip, deflate, br, zstd",
        "accept-language": "en-US",
        "if-none-match": "W/\"3b7-Sg6tiMNXL1xrmCzXwvYAdIXFpWA\""
      },
      "remoteAddress": "::1",
      "remotePort": 64100
    }
    [35mres[39m: {
      "statusCode": 401,
      "headers": {
        "x-powered-by": "Express",
        "access-control-allow-origin": "http://localhost:3000",
        "vary": "Origin",
        "access-control-allow-credentials": "true",
        "x-request-id": "20994596-e37c-4893-80b7-714986bb53de",
        "x-content-type-options": "nosniff",
        "x-frame-options": "DENY",
        "x-xss-protection": "1; mode=block",
        "strict-transport-security": "max-age=31536000; includeSubDomains",
        "referrer-policy": "strict-origin-when-cross-origin",
        "permissions-policy": "camera=(), microphone=(), geolocation=()",
        "content-type": "application/json; charset=utf-8",
        "content-length": "43",
        "etag": "W/\"2b-dGnJzt6gv1nJjX6DJ9RztDWptng\""
      }
    }
    [35mresponseTime[39m: 7
[17:16:11.459] [32mINFO[39m (16336): [36mrequest completed[39m
    [35mreq[39m: {
      "id": 57,
      "method": "GET",
      "url": "/api/v1/platform/hotels?page=1&limit=15&plan=all&sortBy=name-asc",
      "query": {
        "page": "1",
        "limit": "15",
        "plan": "all",
        "sortBy": "name-asc"
      },
      "params": {
        "path": [
          "platform",
          "hotels"
        ]
      },
      "headers": {
        "host": "localhost:5000",
        "connection": "keep-alive",
        "sec-ch-ua-platform": "\"Windows\"",
        "authorization": "[Redacted]",
        "user-agent": "Mozilla/5.0 (Windows NT 10.0; Win64; x64) AppleWebKit/537.36 (KHTML, like Gecko) Code/1.122.1 Chrome/142.0.7444.265 Electron/39.8.8 Safari/537.36",
        "sec-ch-ua": "\"Not_A Brand\";v=\"99\", \"Chromium\";v=\"142\"",
        "sec-ch-ua-mobile": "?0",
        "accept": "*/*",
        "origin": "http://localhost:3000",
        "sec-fetch-site": "same-site",
        "sec-fetch-mode": "cors",
        "sec-fetch-dest": "empty",
        "referer": "http://localhost:3000/",
        "accept-encoding": "gzip, deflate, br, zstd",
        "accept-language": "en-US",
        "if-none-match": "W/\"3b7-Sg6tiMNXL1xrmCzXwvYAdIXFpWA\""
      },
      "remoteAddress": "::1",
      "remotePort": 64100
    }
    [35mres[39m: {
      "statusCode": 401,
      "headers": {
        "x-powered-by": "Express",
        "access-control-allow-origin": "http://localhost:3000",
        "vary": "Origin",
        "access-control-allow-credentials": "true",
        "x-request-id": "a623ee93-1f59-477c-ae0a-c58c6bbb8827",
        "x-content-type-options": "nosniff",
        "x-frame-options": "DENY",
        "x-xss-protection": "1; mode=block",
        "strict-transport-security": "max-age=31536000; includeSubDomains",
        "referrer-policy": "strict-origin-when-cross-origin",
        "permissions-policy": "camera=(), microphone=(), geolocation=()",
        "content-type": "application/json; charset=utf-8",
        "content-length": "43",
        "etag": "W/\"2b-dGnJzt6gv1nJjX6DJ9RztDWptng\""
      }
    }
    [35mresponseTime[39m: 4
[17:16:15.492] [32mINFO[39m (16336): [36mrequest completed[39m
    [35mreq[39m: {
      "id": 58,
      "method": "GET",
      "url": "/api/v1/platform/hotels?page=1&limit=15&plan=all&sortBy=name-asc",
      "query": {
        "page": "1",
        "limit": "15",
        "plan": "all",
        "sortBy": "name-asc"
      },
      "params": {
        "path": [
          "platform",
          "hotels"
        ]
      },
      "headers": {
        "host": "localhost:5000",
        "connection": "keep-alive",
        "sec-ch-ua-platform": "\"Windows\"",
        "authorization": "[Redacted]",
        "user-agent": "Mozilla/5.0 (Windows NT 10.0; Win64; x64) AppleWebKit/537.36 (KHTML, like Gecko) Code/1.122.1 Chrome/142.0.7444.265 Electron/39.8.8 Safari/537.36",
        "sec-ch-ua": "\"Not_A Brand\";v=\"99\", \"Chromium\";v=\"142\"",
        "sec-ch-ua-mobile": "?0",
        "accept": "*/*",
        "origin": "http://localhost:3000",
        "sec-fetch-site": "same-site",
        "sec-fetch-mode": "cors",
        "sec-fetch-dest": "empty",
        "referer": "http://localhost:3000/",
        "accept-encoding": "gzip, deflate, br, zstd",
        "accept-language": "en-US",
        "if-none-match": "W/\"3b7-Sg6tiMNXL1xrmCzXwvYAdIXFpWA\""
      },
      "remoteAddress": "::1",
      "remotePort": 64100
    }
    [35mres[39m: {
      "statusCode": 401,
      "headers": {
        "x-powered-by": "Express",
        "access-control-allow-origin": "http://localhost:3000",
        "vary": "Origin",
        "access-control-allow-credentials": "true",
        "x-request-id": "e71a8082-5478-4c07-bfbe-90b4b7109692",
        "x-content-type-options": "nosniff",
        "x-frame-options": "DENY",
        "x-xss-protection": "1; mode=block",
        "strict-transport-security": "max-age=31536000; includeSubDomains",
        "referrer-policy": "strict-origin-when-cross-origin",
        "permissions-policy": "camera=(), microphone=(), geolocation=()",
        "content-type": "application/json; charset=utf-8",
        "content-length": "43",
        "etag": "W/\"2b-dGnJzt6gv1nJjX6DJ9RztDWptng\""
      }
    }
    [35mresponseTime[39m: 4
[17:16:30.508] [32mINFO[39m (16336): [36mrequest completed[39m
    [35mreq[39m: {
      "id": 59,
      "method": "GET",
      "url": "/api/v1/platform/hotels?page=1&limit=15&plan=all&sortBy=name-asc",
      "query": {
        "page": "1",
        "limit": "15",
        "plan": "all",
        "sortBy": "name-asc"
      },
      "params": {
        "path": [
          "platform",
          "hotels"
        ]
      },
      "headers": {
        "host": "localhost:5000",
        "connection": "keep-alive",
        "sec-ch-ua-platform": "\"Windows\"",
        "authorization": "[Redacted]",
        "user-agent": "Mozilla/5.0 (Windows NT 10.0; Win64; x64) AppleWebKit/537.36 (KHTML, like Gecko) Code/1.122.1 Chrome/142.0.7444.265 Electron/39.8.8 Safari/537.36",
        "sec-ch-ua": "\"Not_A Brand\";v=\"99\", \"Chromium\";v=\"142\"",
        "sec-ch-ua-mobile": "?0",
        "accept": "*/*",
        "origin": "http://localhost:3000",
        "sec-fetch-site": "same-site",
        "sec-fetch-mode": "cors",
        "sec-fetch-dest": "empty",
        "referer": "http://localhost:3000/",
        "accept-encoding": "gzip, deflate, br, zstd",
        "accept-language": "en-US",
        "if-none-match": "W/\"3b7-Sg6tiMNXL1xrmCzXwvYAdIXFpWA\""
      },
      "remoteAddress": "::1",
      "remotePort": 64129
    }
    [35mres[39m: {
      "statusCode": 401,
      "headers": {
        "x-powered-by": "Express",
        "access-control-allow-origin": "http://localhost:3000",
        "vary": "Origin",
        "access-control-allow-credentials": "true",
        "x-request-id": "610e1a41-54e1-4dd1-8b83-d316cdf05bb3",
        "x-content-type-options": "nosniff",
        "x-frame-options": "DENY",
        "x-xss-protection": "1; mode=block",
        "strict-transport-security": "max-age=31536000; includeSubDomains",
        "referrer-policy": "strict-origin-when-cross-origin",
        "permissions-policy": "camera=(), microphone=(), geolocation=()",
        "content-type": "application/json; charset=utf-8",
        "content-length": "43",
        "etag": "W/\"2b-dGnJzt6gv1nJjX6DJ9RztDWptng\""
      }
    }
    [35mresponseTime[39m: 2
[17:16:31.572] [32mINFO[39m (16336): [36mrequest completed[39m
    [35mreq[39m: {
      "id": 60,
      "method": "GET",
      "url": "/api/v1/platform/hotels?page=1&limit=15&plan=all&sortBy=name-asc",
      "query": {
        "page": "1",
        "limit": "15",
        "plan": "all",
        "sortBy": "name-asc"
      },
      "params": {
        "path": [
          "platform",
          "hotels"
        ]
      },
      "headers": {
        "host": "localhost:5000",
        "connection": "keep-alive",
        "sec-ch-ua-platform": "\"Windows\"",
        "authorization": "[Redacted]",
        "user-agent": "Mozilla/5.0 (Windows NT 10.0; Win64; x64) AppleWebKit/537.36 (KHTML, like Gecko) Code/1.122.1 Chrome/142.0.7444.265 Electron/39.8.8 Safari/537.36",
        "sec-ch-ua": "\"Not_A Brand\";v=\"99\", \"Chromium\";v=\"142\"",
        "sec-ch-ua-mobile": "?0",
        "accept": "*/*",
        "origin": "http://localhost:3000",
        "sec-fetch-site": "same-site",
        "sec-fetch-mode": "cors",
        "sec-fetch-dest": "empty",
        "referer": "http://localhost:3000/",
        "accept-encoding": "gzip, deflate, br, zstd",
        "accept-language": "en-US",
        "if-none-match": "W/\"3b7-Sg6tiMNXL1xrmCzXwvYAdIXFpWA\""
      },
      "remoteAddress": "::1",
      "remotePort": 64129
    }
    [35mres[39m: {
      "statusCode": 401,
      "headers": {
        "x-powered-by": "Express",
        "access-control-allow-origin": "http://localhost:3000",
        "vary": "Origin",
        "access-control-allow-credentials": "true",
        "x-request-id": "a54c73d7-b325-4460-9592-54ba6fe8dfca",
        "x-content-type-options": "nosniff",
        "x-frame-options": "DENY",
        "x-xss-protection": "1; mode=block",
        "strict-transport-security": "max-age=31536000; includeSubDomains",
        "referrer-policy": "strict-origin-when-cross-origin",
        "permissions-policy": "camera=(), microphone=(), geolocation=()",
        "content-type": "application/json; charset=utf-8",
        "content-length": "43",
        "etag": "W/\"2b-dGnJzt6gv1nJjX6DJ9RztDWptng\""
      }
    }
    [35mresponseTime[39m: 5
[17:16:33.594] [32mINFO[39m (16336): [36mrequest completed[39m
    [35mreq[39m: {
      "id": 61,
      "method": "GET",
      "url": "/api/v1/platform/hotels?page=1&limit=15&plan=all&sortBy=name-asc",
      "query": {
        "page": "1",
        "limit": "15",
        "plan": "all",
        "sortBy": "name-asc"
      },
      "params": {
        "path": [
          "platform",
          "hotels"
        ]
      },
      "headers": {
        "host": "localhost:5000",
        "connection": "keep-alive",
        "sec-ch-ua-platform": "\"Windows\"",
        "authorization": "[Redacted]",
        "user-agent": "Mozilla/5.0 (Windows NT 10.0; Win64; x64) AppleWebKit/537.36 (KHTML, like Gecko) Code/1.122.1 Chrome/142.0.7444.265 Electron/39.8.8 Safari/537.36",
        "sec-ch-ua": "\"Not_A Brand\";v=\"99\", \"Chromium\";v=\"142\"",
        "sec-ch-ua-mobile": "?0",
        "accept": "*/*",
        "origin": "http://localhost:3000",
        "sec-fetch-site": "same-site",
        "sec-fetch-mode": "cors",
        "sec-fetch-dest": "empty",
        "referer": "http://localhost:3000/",
        "accept-encoding": "gzip, deflate, br, zstd",
        "accept-language": "en-US",
        "if-none-match": "W/\"3b7-Sg6tiMNXL1xrmCzXwvYAdIXFpWA\""
      },
      "remoteAddress": "::1",
      "remotePort": 64129
    }
    [35mres[39m: {
      "statusCode": 401,
      "headers": {
        "x-powered-by": "Express",
        "access-control-allow-origin": "http://localhost:3000",
        "vary": "Origin",
        "access-control-allow-credentials": "true",
        "x-request-id": "4761b288-c4a6-4be1-ac29-eb3172118be2",
        "x-content-type-options": "nosniff",
        "x-frame-options": "DENY",
        "x-xss-protection": "1; mode=block",
        "strict-transport-security": "max-age=31536000; includeSubDomains",
        "referrer-policy": "strict-origin-when-cross-origin",
        "permissions-policy": "camera=(), microphone=(), geolocation=()",
        "content-type": "application/json; charset=utf-8",
        "content-length": "43",
        "etag": "W/\"2b-dGnJzt6gv1nJjX6DJ9RztDWptng\""
      }
    }
    [35mresponseTime[39m: 4
[17:16:36.421] [32mINFO[39m (16336): [36mrequest completed[39m
    [35mreq[39m: {
      "id": 62,
      "method": "GET",
      "url": "/api/v1/notifications/unread-count",
      "query": {},
      "params": {
        "path": [
          "notifications",
          "unread-count"
        ]
      },
      "headers": {
        "host": "localhost:5000",
        "connection": "keep-alive",
        "sec-ch-ua-platform": "\"Windows\"",
        "authorization": "[Redacted]",
        "user-agent": "Mozilla/5.0 (Windows NT 10.0; Win64; x64) AppleWebKit/537.36 (KHTML, like Gecko) Code/1.122.1 Chrome/142.0.7444.265 Electron/39.8.8 Safari/537.36",
        "sec-ch-ua": "\"Not_A Brand\";v=\"99\", \"Chromium\";v=\"142\"",
        "sec-ch-ua-mobile": "?0",
        "accept": "*/*",
        "origin": "http://localhost:3000",
        "sec-fetch-site": "same-site",
        "sec-fetch-mode": "cors",
        "sec-fetch-dest": "empty",
        "referer": "http://localhost:3000/",
        "accept-encoding": "gzip, deflate, br, zstd",
        "accept-language": "en-US",
        "if-none-match": "W/\"23-WgR9+nUlfRzXMzFiBE7oaznpWzo\""
      },
      "remoteAddress": "::1",
      "remotePort": 64129
    }
    [35mres[39m: {
      "statusCode": 401,
      "headers": {
        "x-powered-by": "Express",
        "access-control-allow-origin": "http://localhost:3000",
        "vary": "Origin",
        "access-control-allow-credentials": "true",
        "x-request-id": "8d7daab7-274e-489b-8f8b-d1eefec33a5d",
        "x-content-type-options": "nosniff",
        "x-frame-options": "DENY",
        "x-xss-protection": "1; mode=block",
        "strict-transport-security": "max-age=31536000; includeSubDomains",
        "referrer-policy": "strict-origin-when-cross-origin",
        "permissions-policy": "camera=(), microphone=(), geolocation=()",
        "content-type": "application/json; charset=utf-8",
        "content-length": "43",
        "etag": "W/\"2b-dGnJzt6gv1nJjX6DJ9RztDWptng\""
      }
    }
    [35mresponseTime[39m: 2
[17:16:37.629] [32mINFO[39m (16336): [36mrequest completed[39m
    [35mreq[39m: {
      "id": 63,
      "method": "GET",
      "url": "/api/v1/platform/hotels?page=1&limit=15&plan=all&sortBy=name-asc",
      "query": {
        "page": "1",
        "limit": "15",
        "plan": "all",
        "sortBy": "name-asc"
      },
      "params": {
        "path": [
          "platform",
          "hotels"
        ]
      },
      "headers": {
        "host": "localhost:5000",
        "connection": "keep-alive",
        "sec-ch-ua-platform": "\"Windows\"",
        "authorization": "[Redacted]",
        "user-agent": "Mozilla/5.0 (Windows NT 10.0; Win64; x64) AppleWebKit/537.36 (KHTML, like Gecko) Code/1.122.1 Chrome/142.0.7444.265 Electron/39.8.8 Safari/537.36",
        "sec-ch-ua": "\"Not_A Brand\";v=\"99\", \"Chromium\";v=\"142\"",
        "sec-ch-ua-mobile": "?0",
        "accept": "*/*",
        "origin": "http://localhost:3000",
        "sec-fetch-site": "same-site",
        "sec-fetch-mode": "cors",
        "sec-fetch-dest": "empty",
        "referer": "http://localhost:3000/",
        "accept-encoding": "gzip, deflate, br, zstd",
        "accept-language": "en-US",
        "if-none-match": "W/\"3b7-Sg6tiMNXL1xrmCzXwvYAdIXFpWA\""
      },
      "remoteAddress": "::1",
      "remotePort": 64129
    }
    [35mres[39m: {
      "statusCode": 401,
      "headers": {
        "x-powered-by": "Express",
        "access-control-allow-origin": "http://localhost:3000",
        "vary": "Origin",
        "access-control-allow-credentials": "true",
        "x-request-id": "c2f027b9-1270-4efe-9398-6df17ac95777",
        "x-content-type-options": "nosniff",
        "x-frame-options": "DENY",
        "x-xss-protection": "1; mode=block",
        "strict-transport-security": "max-age=31536000; includeSubDomains",
        "referrer-policy": "strict-origin-when-cross-origin",
        "permissions-policy": "camera=(), microphone=(), geolocation=()",
        "content-type": "application/json; charset=utf-8",
        "content-length": "43",
        "etag": "W/\"2b-dGnJzt6gv1nJjX6DJ9RztDWptng\""
      }
    }
    [35mresponseTime[39m: 4
[17:16:52.686] [32mINFO[39m (16336): [36mrequest completed[39m
    [35mreq[39m: {
      "id": 64,
      "method": "GET",
      "url": "/api/v1/platform/hotels?page=1&limit=15&plan=all&sortBy=name-asc",
      "query": {
        "page": "1",
        "limit": "15",
        "plan": "all",
        "sortBy": "name-asc"
      },
      "params": {
        "path": [
          "platform",
          "hotels"
        ]
      },
      "headers": {
        "host": "localhost:5000",
        "connection": "keep-alive",
        "sec-ch-ua-platform": "\"Windows\"",
        "authorization": "[Redacted]",
        "user-agent": "Mozilla/5.0 (Windows NT 10.0; Win64; x64) AppleWebKit/537.36 (KHTML, like Gecko) Code/1.122.1 Chrome/142.0.7444.265 Electron/39.8.8 Safari/537.36",
        "sec-ch-ua": "\"Not_A Brand\";v=\"99\", \"Chromium\";v=\"142\"",
        "sec-ch-ua-mobile": "?0",
        "accept": "*/*",
        "origin": "http://localhost:3000",
        "sec-fetch-site": "same-site",
        "sec-fetch-mode": "cors",
        "sec-fetch-dest": "empty",
        "referer": "http://localhost:3000/",
        "accept-encoding": "gzip, deflate, br, zstd",
        "accept-language": "en-US",
        "if-none-match": "W/\"3b7-Sg6tiMNXL1xrmCzXwvYAdIXFpWA\""
      },
      "remoteAddress": "::1",
      "remotePort": 64157
    }
    [35mres[39m: {
      "statusCode": 401,
      "headers": {
        "x-powered-by": "Express",
        "access-control-allow-origin": "http://localhost:3000",
        "vary": "Origin",
        "access-control-allow-credentials": "true",
        "x-request-id": "5a3dd70f-f047-48d3-8b8c-561b1ff005dd",
        "x-content-type-options": "nosniff",
        "x-frame-options": "DENY",
        "x-xss-protection": "1; mode=block",
        "strict-transport-security": "max-age=31536000; includeSubDomains",
        "referrer-policy": "strict-origin-when-cross-origin",
        "permissions-policy": "camera=(), microphone=(), geolocation=()",
        "content-type": "application/json; charset=utf-8",
        "content-length": "43",
        "etag": "W/\"2b-dGnJzt6gv1nJjX6DJ9RztDWptng\""
      }
    }
    [35mresponseTime[39m: 4
[17:16:53.797] [32mINFO[39m (16336): [36mrequest completed[39m
    [35mreq[39m: {
      "id": 65,
      "method": "GET",
      "url": "/api/v1/platform/hotels?page=1&limit=15&plan=all&sortBy=name-asc",
      "query": {
        "page": "1",
        "limit": "15",
        "plan": "all",
        "sortBy": "name-asc"
      },
      "params": {
        "path": [
          "platform",
          "hotels"
        ]
      },
      "headers": {
        "host": "localhost:5000",
        "connection": "keep-alive",
        "sec-ch-ua-platform": "\"Windows\"",
        "authorization": "[Redacted]",
        "user-agent": "Mozilla/5.0 (Windows NT 10.0; Win64; x64) AppleWebKit/537.36 (KHTML, like Gecko) Code/1.122.1 Chrome/142.0.7444.265 Electron/39.8.8 Safari/537.36",
        "sec-ch-ua": "\"Not_A Brand\";v=\"99\", \"Chromium\";v=\"142\"",
        "sec-ch-ua-mobile": "?0",
        "accept": "*/*",
        "origin": "http://localhost:3000",
        "sec-fetch-site": "same-site",
        "sec-fetch-mode": "cors",
        "sec-fetch-dest": "empty",
        "referer": "http://localhost:3000/",
        "accept-encoding": "gzip, deflate, br, zstd",
        "accept-language": "en-US",
        "if-none-match": "W/\"3b7-Sg6tiMNXL1xrmCzXwvYAdIXFpWA\""
      },
      "remoteAddress": "::1",
      "remotePort": 64157
    }
    [35mres[39m: {
      "statusCode": 401,
      "headers": {
        "x-powered-by": "Express",
        "access-control-allow-origin": "http://localhost:3000",
        "vary": "Origin",
        "access-control-allow-credentials": "true",
        "x-request-id": "b2cde7a0-0185-4eb6-813c-64360d623834",
        "x-content-type-options": "nosniff",
        "x-frame-options": "DENY",
        "x-xss-protection": "1; mode=block",
        "strict-transport-security": "max-age=31536000; includeSubDomains",
        "referrer-policy": "strict-origin-when-cross-origin",
        "permissions-policy": "camera=(), microphone=(), geolocation=()",
        "content-type": "application/json; charset=utf-8",
        "content-length": "43",
        "etag": "W/\"2b-dGnJzt6gv1nJjX6DJ9RztDWptng\""
      }
    }
    [35mresponseTime[39m: 7
[17:16:55.813] [32mINFO[39m (16336): [36mrequest completed[39m
    [35mreq[39m: {
      "id": 66,
      "method": "GET",
      "url": "/api/v1/platform/hotels?page=1&limit=15&plan=all&sortBy=name-asc",
      "query": {
        "page": "1",
        "limit": "15",
        "plan": "all",
        "sortBy": "name-asc"
      },
      "params": {
        "path": [
          "platform",
          "hotels"
        ]
      },
      "headers": {
        "host": "localhost:5000",
        "connection": "keep-alive",
        "sec-ch-ua-platform": "\"Windows\"",
        "authorization": "[Redacted]",
        "user-agent": "Mozilla/5.0 (Windows NT 10.0; Win64; x64) AppleWebKit/537.36 (KHTML, like Gecko) Code/1.122.1 Chrome/142.0.7444.265 Electron/39.8.8 Safari/537.36",
        "sec-ch-ua": "\"Not_A Brand\";v=\"99\", \"Chromium\";v=\"142\"",
        "sec-ch-ua-mobile": "?0",
        "accept": "*/*",
        "origin": "http://localhost:3000",
        "sec-fetch-site": "same-site",
        "sec-fetch-mode": "cors",
        "sec-fetch-dest": "empty",
        "referer": "http://localhost:3000/",
        "accept-encoding": "gzip, deflate, br, zstd",
        "accept-language": "en-US",
        "if-none-match": "W/\"3b7-Sg6tiMNXL1xrmCzXwvYAdIXFpWA\""
      },
      "remoteAddress": "::1",
      "remotePort": 64157
    }
    [35mres[39m: {
      "statusCode": 401,
      "headers": {
        "x-powered-by": "Express",
        "access-control-allow-origin": "http://localhost:3000",
        "vary": "Origin",
        "access-control-allow-credentials": "true",
        "x-request-id": "ff001c9c-7810-48ca-bfbc-b8310a518e72",
        "x-content-type-options": "nosniff",
        "x-frame-options": "DENY",
        "x-xss-protection": "1; mode=block",
        "strict-transport-security": "max-age=31536000; includeSubDomains",
        "referrer-policy": "strict-origin-when-cross-origin",
        "permissions-policy": "camera=(), microphone=(), geolocation=()",
        "content-type": "application/json; charset=utf-8",
        "content-length": "43",
        "etag": "W/\"2b-dGnJzt6gv1nJjX6DJ9RztDWptng\""
      }
    }
    [35mresponseTime[39m: 4
[17:16:59.827] [32mINFO[39m (16336): [36mrequest completed[39m
    [35mreq[39m: {
      "id": 67,
      "method": "GET",
      "url": "/api/v1/platform/hotels?page=1&limit=15&plan=all&sortBy=name-asc",
      "query": {
        "page": "1",
        "limit": "15",
        "plan": "all",
        "sortBy": "name-asc"
      },
      "params": {
        "path": [
          "platform",
          "hotels"
        ]
      },
      "headers": {
        "host": "localhost:5000",
        "connection": "keep-alive",
        "sec-ch-ua-platform": "\"Windows\"",
        "authorization": "[Redacted]",
        "user-agent": "Mozilla/5.0 (Windows NT 10.0; Win64; x64) AppleWebKit/537.36 (KHTML, like Gecko) Code/1.122.1 Chrome/142.0.7444.265 Electron/39.8.8 Safari/537.36",
        "sec-ch-ua": "\"Not_A Brand\";v=\"99\", \"Chromium\";v=\"142\"",
        "sec-ch-ua-mobile": "?0",
        "accept": "*/*",
        "origin": "http://localhost:3000",
        "sec-fetch-site": "same-site",
        "sec-fetch-mode": "cors",
        "sec-fetch-dest": "empty",
        "referer": "http://localhost:3000/",
        "accept-encoding": "gzip, deflate, br, zstd",
        "accept-language": "en-US",
        "if-none-match": "W/\"3b7-Sg6tiMNXL1xrmCzXwvYAdIXFpWA\""
      },
      "remoteAddress": "::1",
      "remotePort": 64157
    }
    [35mres[39m: {
      "statusCode": 401,
      "headers": {
        "x-powered-by": "Express",
        "access-control-allow-origin": "http://localhost:3000",
        "vary": "Origin",
        "access-control-allow-credentials": "true",
        "x-request-id": "e7626883-984f-4679-a207-f14dcc256b6e",
        "x-content-type-options": "nosniff",
        "x-frame-options": "DENY",
        "x-xss-protection": "1; mode=block",
        "strict-transport-security": "max-age=31536000; includeSubDomains",
        "referrer-policy": "strict-origin-when-cross-origin",
        "permissions-policy": "camera=(), microphone=(), geolocation=()",
        "content-type": "application/json; charset=utf-8",
        "content-length": "43",
        "etag": "W/\"2b-dGnJzt6gv1nJjX6DJ9RztDWptng\""
      }
    }
    [35mresponseTime[39m: 3
[17:17:06.424] [32mINFO[39m (16336): [36mrequest completed[39m
    [35mreq[39m: {
      "id": 68,
      "method": "GET",
      "url": "/api/v1/notifications/unread-count",
      "query": {},
      "params": {
        "path": [
          "notifications",
          "unread-count"
        ]
      },
      "headers": {
        "host": "localhost:5000",
        "connection": "keep-alive",
        "sec-ch-ua-platform": "\"Windows\"",
        "authorization": "[Redacted]",
        "user-agent": "Mozilla/5.0 (Windows NT 10.0; Win64; x64) AppleWebKit/537.36 (KHTML, like Gecko) Code/1.122.1 Chrome/142.0.7444.265 Electron/39.8.8 Safari/537.36",
        "sec-ch-ua": "\"Not_A Brand\";v=\"99\", \"Chromium\";v=\"142\"",
        "sec-ch-ua-mobile": "?0",
        "accept": "*/*",
        "origin": "http://localhost:3000",
        "sec-fetch-site": "same-site",
        "sec-fetch-mode": "cors",
        "sec-fetch-dest": "empty",
        "referer": "http://localhost:3000/",
        "accept-encoding": "gzip, deflate, br, zstd",
        "accept-language": "en-US",
        "if-none-match": "W/\"23-WgR9+nUlfRzXMzFiBE7oaznpWzo\""
      },
      "remoteAddress": "::1",
      "remotePort": 64182
    }
    [35mres[39m: {
      "statusCode": 401,
      "headers": {
        "x-powered-by": "Express",
        "access-control-allow-origin": "http://localhost:3000",
        "vary": "Origin",
        "access-control-allow-credentials": "true",
        "x-request-id": "57a54171-fc81-45d0-800d-3d3f50926fa5",
        "x-content-type-options": "nosniff",
        "x-frame-options": "DENY",
        "x-xss-protection": "1; mode=block",
        "strict-transport-security": "max-age=31536000; includeSubDomains",
        "referrer-policy": "strict-origin-when-cross-origin",
        "permissions-policy": "camera=(), microphone=(), geolocation=()",
        "content-type": "application/json; charset=utf-8",
        "content-length": "43",
        "etag": "W/\"2b-dGnJzt6gv1nJjX6DJ9RztDWptng\""
      }
    }
    [35mresponseTime[39m: 3
[17:17:14.855] [32mINFO[39m (16336): [36mrequest completed[39m
    [35mreq[39m: {
      "id": 69,
      "method": "GET",
      "url": "/api/v1/platform/hotels?page=1&limit=15&plan=all&sortBy=name-asc",
      "query": {
        "page": "1",
        "limit": "15",
        "plan": "all",
        "sortBy": "name-asc"
      },
      "params": {
        "path": [
          "platform",
          "hotels"
        ]
      },
      "headers": {
        "host": "localhost:5000",
        "connection": "keep-alive",
        "sec-ch-ua-platform": "\"Windows\"",
        "authorization": "[Redacted]",
        "user-agent": "Mozilla/5.0 (Windows NT 10.0; Win64; x64) AppleWebKit/537.36 (KHTML, like Gecko) Code/1.122.1 Chrome/142.0.7444.265 Electron/39.8.8 Safari/537.36",
        "sec-ch-ua": "\"Not_A Brand\";v=\"99\", \"Chromium\";v=\"142\"",
        "sec-ch-ua-mobile": "?0",
        "accept": "*/*",
        "origin": "http://localhost:3000",
        "sec-fetch-site": "same-site",
        "sec-fetch-mode": "cors",
        "sec-fetch-dest": "empty",
        "referer": "http://localhost:3000/",
        "accept-encoding": "gzip, deflate, br, zstd",
        "accept-language": "en-US",
        "if-none-match": "W/\"3b7-Sg6tiMNXL1xrmCzXwvYAdIXFpWA\""
      },
      "remoteAddress": "::1",
      "remotePort": 64199
    }
    [35mres[39m: {
      "statusCode": 401,
      "headers": {
        "x-powered-by": "Express",
        "access-control-allow-origin": "http://localhost:3000",
        "vary": "Origin",
        "access-control-allow-credentials": "true",
        "x-request-id": "305a60e4-3474-4ffd-b015-d6054ccf90da",
        "x-content-type-options": "nosniff",
        "x-frame-options": "DENY",
        "x-xss-protection": "1; mode=block",
        "strict-transport-security": "max-age=31536000; includeSubDomains",
        "referrer-policy": "strict-origin-when-cross-origin",
        "permissions-policy": "camera=(), microphone=(), geolocation=()",
        "content-type": "application/json; charset=utf-8",
        "content-length": "43",
        "etag": "W/\"2b-dGnJzt6gv1nJjX6DJ9RztDWptng\""
      }
    }
    [35mresponseTime[39m: 4
[17:17:15.926] [32mINFO[39m (16336): [36mrequest completed[39m
    [35mreq[39m: {
      "id": 70,
      "method": "GET",
      "url": "/api/v1/platform/hotels?page=1&limit=15&plan=all&sortBy=name-asc",
      "query": {
        "page": "1",
        "limit": "15",
        "plan": "all",
        "sortBy": "name-asc"
      },
      "params": {
        "path": [
          "platform",
          "hotels"
        ]
      },
      "headers": {
        "host": "localhost:5000",
        "connection": "keep-alive",
        "sec-ch-ua-platform": "\"Windows\"",
        "authorization": "[Redacted]",
        "user-agent": "Mozilla/5.0 (Windows NT 10.0; Win64; x64) AppleWebKit/537.36 (KHTML, like Gecko) Code/1.122.1 Chrome/142.0.7444.265 Electron/39.8.8 Safari/537.36",
        "sec-ch-ua": "\"Not_A Brand\";v=\"99\", \"Chromium\";v=\"142\"",
        "sec-ch-ua-mobile": "?0",
        "accept": "*/*",
        "origin": "http://localhost:3000",
        "sec-fetch-site": "same-site",
        "sec-fetch-mode": "cors",
        "sec-fetch-dest": "empty",
        "referer": "http://localhost:3000/",
        "accept-encoding": "gzip, deflate, br, zstd",
        "accept-language": "en-US",
        "if-none-match": "W/\"3b7-Sg6tiMNXL1xrmCzXwvYAdIXFpWA\""
      },
      "remoteAddress": "::1",
      "remotePort": 64199
    }
    [35mres[39m: {
      "statusCode": 401,
      "headers": {
        "x-powered-by": "Express",
        "access-control-allow-origin": "http://localhost:3000",
        "vary": "Origin",
        "access-control-allow-credentials": "true",
        "x-request-id": "b5634d56-3fa2-488b-9424-8a0648467f05",
        "x-content-type-options": "nosniff",
        "x-frame-options": "DENY",
        "x-xss-protection": "1; mode=block",
        "strict-transport-security": "max-age=31536000; includeSubDomains",
        "referrer-policy": "strict-origin-when-cross-origin",
        "permissions-policy": "camera=(), microphone=(), geolocation=()",
        "content-type": "application/json; charset=utf-8",
        "content-length": "43",
        "etag": "W/\"2b-dGnJzt6gv1nJjX6DJ9RztDWptng\""
      }
    }
    [35mresponseTime[39m: 3
[17:17:18.007] [32mINFO[39m (16336): [36mrequest completed[39m
    [35mreq[39m: {
      "id": 71,
      "method": "GET",
      "url": "/api/v1/platform/hotels?page=1&limit=15&plan=all&sortBy=name-asc",
      "query": {
        "page": "1",
        "limit": "15",
        "plan": "all",
        "sortBy": "name-asc"
      },
      "params": {
        "path": [
          "platform",
          "hotels"
        ]
      },
      "headers": {
        "host": "localhost:5000",
        "connection": "keep-alive",
        "sec-ch-ua-platform": "\"Windows\"",
        "authorization": "[Redacted]",
        "user-agent": "Mozilla/5.0 (Windows NT 10.0; Win64; x64) AppleWebKit/537.36 (KHTML, like Gecko) Code/1.122.1 Chrome/142.0.7444.265 Electron/39.8.8 Safari/537.36",
        "sec-ch-ua": "\"Not_A Brand\";v=\"99\", \"Chromium\";v=\"142\"",
        "sec-ch-ua-mobile": "?0",
        "accept": "*/*",
        "origin": "http://localhost:3000",
        "sec-fetch-site": "same-site",
        "sec-fetch-mode": "cors",
        "sec-fetch-dest": "empty",
        "referer": "http://localhost:3000/",
        "accept-encoding": "gzip, deflate, br, zstd",
        "accept-language": "en-US",
        "if-none-match": "W/\"3b7-Sg6tiMNXL1xrmCzXwvYAdIXFpWA\""
      },
      "remoteAddress": "::1",
      "remotePort": 64199
    }
    [35mres[39m: {
      "statusCode": 401,
      "headers": {
        "x-powered-by": "Express",
        "access-control-allow-origin": "http://localhost:3000",
        "vary": "Origin",
        "access-control-allow-credentials": "true",
        "x-request-id": "1139af74-bf52-473e-a314-91c20ca116aa",
        "x-content-type-options": "nosniff",
        "x-frame-options": "DENY",
        "x-xss-protection": "1; mode=block",
        "strict-transport-security": "max-age=31536000; includeSubDomains",
        "referrer-policy": "strict-origin-when-cross-origin",
        "permissions-policy": "camera=(), microphone=(), geolocation=()",
        "content-type": "application/json; charset=utf-8",
        "content-length": "43",
        "etag": "W/\"2b-dGnJzt6gv1nJjX6DJ9RztDWptng\""
      }
    }
    [35mresponseTime[39m: 4
[17:17:22.026] [32mINFO[39m (16336): [36mrequest completed[39m
    [35mreq[39m: {
      "id": 72,
      "method": "GET",
      "url": "/api/v1/platform/hotels?page=1&limit=15&plan=all&sortBy=name-asc",
      "query": {
        "page": "1",
        "limit": "15",
        "plan": "all",
        "sortBy": "name-asc"
      },
      "params": {
        "path": [
          "platform",
          "hotels"
        ]
      },
      "headers": {
        "host": "localhost:5000",
        "connection": "keep-alive",
        "sec-ch-ua-platform": "\"Windows\"",
        "authorization": "[Redacted]",
        "user-agent": "Mozilla/5.0 (Windows NT 10.0; Win64; x64) AppleWebKit/537.36 (KHTML, like Gecko) Code/1.122.1 Chrome/142.0.7444.265 Electron/39.8.8 Safari/537.36",
        "sec-ch-ua": "\"Not_A Brand\";v=\"99\", \"Chromium\";v=\"142\"",
        "sec-ch-ua-mobile": "?0",
        "accept": "*/*",
        "origin": "http://localhost:3000",
        "sec-fetch-site": "same-site",
        "sec-fetch-mode": "cors",
        "sec-fetch-dest": "empty",
        "referer": "http://localhost:3000/",
        "accept-encoding": "gzip, deflate, br, zstd",
        "accept-language": "en-US",
        "if-none-match": "W/\"3b7-Sg6tiMNXL1xrmCzXwvYAdIXFpWA\""
      },
      "remoteAddress": "::1",
      "remotePort": 64199
    }
    [35mres[39m: {
      "statusCode": 401,
      "headers": {
        "x-powered-by": "Express",
        "access-control-allow-origin": "http://localhost:3000",
        "vary": "Origin",
        "access-control-allow-credentials": "true",
        "x-request-id": "9c4be952-533a-46c0-b4cf-f34f23260d85",
        "x-content-type-options": "nosniff",
        "x-frame-options": "DENY",
        "x-xss-protection": "1; mode=block",
        "strict-transport-security": "max-age=31536000; includeSubDomains",
        "referrer-policy": "strict-origin-when-cross-origin",
        "permissions-policy": "camera=(), microphone=(), geolocation=()",
        "content-type": "application/json; charset=utf-8",
        "content-length": "43",
        "etag": "W/\"2b-dGnJzt6gv1nJjX6DJ9RztDWptng\""
      }
    }
    [35mresponseTime[39m: 4
[17:17:36.412] [32mINFO[39m (16336): [36mrequest completed[39m
    [35mreq[39m: {
      "id": 73,
      "method": "GET",
      "url": "/api/v1/notifications/unread-count",
      "query": {},
      "params": {
        "path": [
          "notifications",
          "unread-count"
        ]
      },
      "headers": {
        "host": "localhost:5000",
        "connection": "keep-alive",
        "sec-ch-ua-platform": "\"Windows\"",
        "authorization": "[Redacted]",
        "user-agent": "Mozilla/5.0 (Windows NT 10.0; Win64; x64) AppleWebKit/537.36 (KHTML, like Gecko) Code/1.122.1 Chrome/142.0.7444.265 Electron/39.8.8 Safari/537.36",
        "sec-ch-ua": "\"Not_A Brand\";v=\"99\", \"Chromium\";v=\"142\"",
        "sec-ch-ua-mobile": "?0",
        "accept": "*/*",
        "origin": "http://localhost:3000",
        "sec-fetch-site": "same-site",
        "sec-fetch-mode": "cors",
        "sec-fetch-dest": "empty",
        "referer": "http://localhost:3000/",
        "accept-encoding": "gzip, deflate, br, zstd",
        "accept-language": "en-US",
        "if-none-match": "W/\"23-WgR9+nUlfRzXMzFiBE7oaznpWzo\""
      },
      "remoteAddress": "::1",
      "remotePort": 64223
    }
    [35mres[39m: {
      "statusCode": 401,
      "headers": {
        "x-powered-by": "Express",
        "access-control-allow-origin": "http://localhost:3000",
        "vary": "Origin",
        "access-control-allow-credentials": "true",
        "x-request-id": "b223d73e-01ba-4713-b31b-d94b5c4563cb",
        "x-content-type-options": "nosniff",
        "x-frame-options": "DENY",
        "x-xss-protection": "1; mode=block",
        "strict-transport-security": "max-age=31536000; includeSubDomains",
        "referrer-policy": "strict-origin-when-cross-origin",
        "permissions-policy": "camera=(), microphone=(), geolocation=()",
        "content-type": "application/json; charset=utf-8",
        "content-length": "43",
        "etag": "W/\"2b-dGnJzt6gv1nJjX6DJ9RztDWptng\""
      }
    }
    [35mresponseTime[39m: 2
[17:17:37.059] [32mINFO[39m (16336): [36mrequest completed[39m
    [35mreq[39m: {
      "id": 74,
      "method": "GET",
      "url": "/api/v1/platform/hotels?page=1&limit=15&plan=all&sortBy=name-asc",
      "query": {
        "page": "1",
        "limit": "15",
        "plan": "all",
        "sortBy": "name-asc"
      },
      "params": {
        "path": [
          "platform",
          "hotels"
        ]
      },
      "headers": {
        "host": "localhost:5000",
        "connection": "keep-alive",
        "sec-ch-ua-platform": "\"Windows\"",
        "authorization": "[Redacted]",
        "user-agent": "Mozilla/5.0 (Windows NT 10.0; Win64; x64) AppleWebKit/537.36 (KHTML, like Gecko) Code/1.122.1 Chrome/142.0.7444.265 Electron/39.8.8 Safari/537.36",
        "sec-ch-ua": "\"Not_A Brand\";v=\"99\", \"Chromium\";v=\"142\"",
        "sec-ch-ua-mobile": "?0",
        "accept": "*/*",
        "origin": "http://localhost:3000",
        "sec-fetch-site": "same-site",
        "sec-fetch-mode": "cors",
        "sec-fetch-dest": "empty",
        "referer": "http://localhost:3000/",
        "accept-encoding": "gzip, deflate, br, zstd",
        "accept-language": "en-US",
        "if-none-match": "W/\"3b7-Sg6tiMNXL1xrmCzXwvYAdIXFpWA\""
      },
      "remoteAddress": "::1",
      "remotePort": 64223
    }
    [35mres[39m: {
      "statusCode": 401,
      "headers": {
        "x-powered-by": "Express",
        "access-control-allow-origin": "http://localhost:3000",
        "vary": "Origin",
        "access-control-allow-credentials": "true",
        "x-request-id": "9feac1f6-54d0-4f45-9d77-b56b84892753",
        "x-content-type-options": "nosniff",
        "x-frame-options": "DENY",
        "x-xss-protection": "1; mode=block",
        "strict-transport-security": "max-age=31536000; includeSubDomains",
        "referrer-policy": "strict-origin-when-cross-origin",
        "permissions-policy": "camera=(), microphone=(), geolocation=()",
        "content-type": "application/json; charset=utf-8",
        "content-length": "43",
        "etag": "W/\"2b-dGnJzt6gv1nJjX6DJ9RztDWptng\""
      }
    }
    [35mresponseTime[39m: 4
[17:17:38.169] [32mINFO[39m (16336): [36mrequest completed[39m
    [35mreq[39m: {
      "id": 75,
      "method": "GET",
      "url": "/api/v1/platform/hotels?page=1&limit=15&plan=all&sortBy=name-asc",
      "query": {
        "page": "1",
        "limit": "15",
        "plan": "all",
        "sortBy": "name-asc"
      },
      "params": {
        "path": [
          "platform",
          "hotels"
        ]
      },
      "headers": {
        "host": "localhost:5000",
        "connection": "keep-alive",
        "sec-ch-ua-platform": "\"Windows\"",
        "authorization": "[Redacted]",
        "user-agent": "Mozilla/5.0 (Windows NT 10.0; Win64; x64) AppleWebKit/537.36 (KHTML, like Gecko) Code/1.122.1 Chrome/142.0.7444.265 Electron/39.8.8 Safari/537.36",
        "sec-ch-ua": "\"Not_A Brand\";v=\"99\", \"Chromium\";v=\"142\"",
        "sec-ch-ua-mobile": "?0",
        "accept": "*/*",
        "origin": "http://localhost:3000",
        "sec-fetch-site": "same-site",
        "sec-fetch-mode": "cors",
        "sec-fetch-dest": "empty",
        "referer": "http://localhost:3000/",
        "accept-encoding": "gzip, deflate, br, zstd",
        "accept-language": "en-US",
        "if-none-match": "W/\"3b7-Sg6tiMNXL1xrmCzXwvYAdIXFpWA\""
      },
      "remoteAddress": "::1",
      "remotePort": 64223
    }
    [35mres[39m: {
      "statusCode": 401,
      "headers": {
        "x-powered-by": "Express",
        "access-control-allow-origin": "http://localhost:3000",
        "vary": "Origin",
        "access-control-allow-credentials": "true",
        "x-request-id": "a3951ba4-37b3-48c5-9238-39b54dbc3039",
        "x-content-type-options": "nosniff",
        "x-frame-options": "DENY",
        "x-xss-protection": "1; mode=block",
        "strict-transport-security": "max-age=31536000; includeSubDomains",
        "referrer-policy": "strict-origin-when-cross-origin",
        "permissions-policy": "camera=(), microphone=(), geolocation=()",
        "content-type": "application/json; charset=utf-8",
        "content-length": "43",
        "etag": "W/\"2b-dGnJzt6gv1nJjX6DJ9RztDWptng\""
      }
    }
    [35mresponseTime[39m: 7
[17:17:40.190] [32mINFO[39m (16336): [36mrequest completed[39m
    [35mreq[39m: {
      "id": 76,
      "method": "GET",
      "url": "/api/v1/platform/hotels?page=1&limit=15&plan=all&sortBy=name-asc",
      "query": {
        "page": "1",
        "limit": "15",
        "plan": "all",
        "sortBy": "name-asc"
      },
      "params": {
        "path": [
          "platform",
          "hotels"
        ]
      },
      "headers": {
        "host": "localhost:5000",
        "connection": "keep-alive",
        "sec-ch-ua-platform": "\"Windows\"",
        "authorization": "[Redacted]",
        "user-agent": "Mozilla/5.0 (Windows NT 10.0; Win64; x64) AppleWebKit/537.36 (KHTML, like Gecko) Code/1.122.1 Chrome/142.0.7444.265 Electron/39.8.8 Safari/537.36",
        "sec-ch-ua": "\"Not_A Brand\";v=\"99\", \"Chromium\";v=\"142\"",
        "sec-ch-ua-mobile": "?0",
        "accept": "*/*",
        "origin": "http://localhost:3000",
        "sec-fetch-site": "same-site",
        "sec-fetch-mode": "cors",
        "sec-fetch-dest": "empty",
        "referer": "http://localhost:3000/",
        "accept-encoding": "gzip, deflate, br, zstd",
        "accept-language": "en-US",
        "if-none-match": "W/\"3b7-Sg6tiMNXL1xrmCzXwvYAdIXFpWA\""
      },
      "remoteAddress": "::1",
      "remotePort": 64223
    }
    [35mres[39m: {
      "statusCode": 401,
      "headers": {
        "x-powered-by": "Express",
        "access-control-allow-origin": "http://localhost:3000",
        "vary": "Origin",
        "access-control-allow-credentials": "true",
        "x-request-id": "37150a39-edd5-4717-96c7-0e2a0a3b43cb",
        "x-content-type-options": "nosniff",
        "x-frame-options": "DENY",
        "x-xss-protection": "1; mode=block",
        "strict-transport-security": "max-age=31536000; includeSubDomains",
        "referrer-policy": "strict-origin-when-cross-origin",
        "permissions-policy": "camera=(), microphone=(), geolocation=()",
        "content-type": "application/json; charset=utf-8",
        "content-length": "43",
        "etag": "W/\"2b-dGnJzt6gv1nJjX6DJ9RztDWptng\""
      }
    }
    [35mresponseTime[39m: 4
[17:17:44.205] [32mINFO[39m (16336): [36mrequest completed[39m
    [35mreq[39m: {
      "id": 77,
      "method": "GET",
      "url": "/api/v1/platform/hotels?page=1&limit=15&plan=all&sortBy=name-asc",
      "query": {
        "page": "1",
        "limit": "15",
        "plan": "all",
        "sortBy": "name-asc"
      },
      "params": {
        "path": [
          "platform",
          "hotels"
        ]
      },
      "headers": {
        "host": "localhost:5000",
        "connection": "keep-alive",
        "sec-ch-ua-platform": "\"Windows\"",
        "authorization": "[Redacted]",
        "user-agent": "Mozilla/5.0 (Windows NT 10.0; Win64; x64) AppleWebKit/537.36 (KHTML, like Gecko) Code/1.122.1 Chrome/142.0.7444.265 Electron/39.8.8 Safari/537.36",
        "sec-ch-ua": "\"Not_A Brand\";v=\"99\", \"Chromium\";v=\"142\"",
        "sec-ch-ua-mobile": "?0",
        "accept": "*/*",
        "origin": "http://localhost:3000",
        "sec-fetch-site": "same-site",
        "sec-fetch-mode": "cors",
        "sec-fetch-dest": "empty",
        "referer": "http://localhost:3000/",
        "accept-encoding": "gzip, deflate, br, zstd",
        "accept-language": "en-US",
        "if-none-match": "W/\"3b7-Sg6tiMNXL1xrmCzXwvYAdIXFpWA\""
      },
      "remoteAddress": "::1",
      "remotePort": 64223
    }
    [35mres[39m: {
      "statusCode": 401,
      "headers": {
        "x-powered-by": "Express",
        "access-control-allow-origin": "http://localhost:3000",
        "vary": "Origin",
        "access-control-allow-credentials": "true",
        "x-request-id": "c8d77c91-712b-447d-bb55-80abc0e83727",
        "x-content-type-options": "nosniff",
        "x-frame-options": "DENY",
        "x-xss-protection": "1; mode=block",
        "strict-transport-security": "max-age=31536000; includeSubDomains",
        "referrer-policy": "strict-origin-when-cross-origin",
        "permissions-policy": "camera=(), microphone=(), geolocation=()",
        "content-type": "application/json; charset=utf-8",
        "content-length": "43",
        "etag": "W/\"2b-dGnJzt6gv1nJjX6DJ9RztDWptng\""
      }
    }
    [35mresponseTime[39m: 3
[17:17:59.241] [32mINFO[39m (16336): [36mrequest completed[39m
    [35mreq[39m: {
      "id": 78,
      "method": "GET",
      "url": "/api/v1/platform/hotels?page=1&limit=15&plan=all&sortBy=name-asc",
      "query": {
        "page": "1",
        "limit": "15",
        "plan": "all",
        "sortBy": "name-asc"
      },
      "params": {
        "path": [
          "platform",
          "hotels"
        ]
      },
      "headers": {
        "host": "localhost:5000",
        "connection": "keep-alive",
        "sec-ch-ua-platform": "\"Windows\"",
        "authorization": "[Redacted]",
        "user-agent": "Mozilla/5.0 (Windows NT 10.0; Win64; x64) AppleWebKit/537.36 (KHTML, like Gecko) Code/1.122.1 Chrome/142.0.7444.265 Electron/39.8.8 Safari/537.36",
        "sec-ch-ua": "\"Not_A Brand\";v=\"99\", \"Chromium\";v=\"142\"",
        "sec-ch-ua-mobile": "?0",
        "accept": "*/*",
        "origin": "http://localhost:3000",
        "sec-fetch-site": "same-site",
        "sec-fetch-mode": "cors",
        "sec-fetch-dest": "empty",
        "referer": "http://localhost:3000/",
        "accept-encoding": "gzip, deflate, br, zstd",
        "accept-language": "en-US",
        "if-none-match": "W/\"3b7-Sg6tiMNXL1xrmCzXwvYAdIXFpWA\""
      },
      "remoteAddress": "::1",
      "remotePort": 64251
    }
    [35mres[39m: {
      "statusCode": 401,
      "headers": {
        "x-powered-by": "Express",
        "access-control-allow-origin": "http://localhost:3000",
        "vary": "Origin",
        "access-control-allow-credentials": "true",
        "x-request-id": "0eaac973-6443-4503-bb72-913c5bae6216",
        "x-content-type-options": "nosniff",
        "x-frame-options": "DENY",
        "x-xss-protection": "1; mode=block",
        "strict-transport-security": "max-age=31536000; includeSubDomains",
        "referrer-policy": "strict-origin-when-cross-origin",
        "permissions-policy": "camera=(), microphone=(), geolocation=()",
        "content-type": "application/json; charset=utf-8",
        "content-length": "43",
        "etag": "W/\"2b-dGnJzt6gv1nJjX6DJ9RztDWptng\""
      }
    }
    [35mresponseTime[39m: 5
[17:18:00.337] [32mINFO[39m (16336): [36mrequest completed[39m
    [35mreq[39m: {
      "id": 79,
      "method": "GET",
      "url": "/api/v1/platform/hotels?page=1&limit=15&plan=all&sortBy=name-asc",
      "query": {
        "page": "1",
        "limit": "15",
        "plan": "all",
        "sortBy": "name-asc"
      },
      "params": {
        "path": [
          "platform",
          "hotels"
        ]
      },
      "headers": {
        "host": "localhost:5000",
        "connection": "keep-alive",
        "sec-ch-ua-platform": "\"Windows\"",
        "authorization": "[Redacted]",
        "user-agent": "Mozilla/5.0 (Windows NT 10.0; Win64; x64) AppleWebKit/537.36 (KHTML, like Gecko) Code/1.122.1 Chrome/142.0.7444.265 Electron/39.8.8 Safari/537.36",
        "sec-ch-ua": "\"Not_A Brand\";v=\"99\", \"Chromium\";v=\"142\"",
        "sec-ch-ua-mobile": "?0",
        "accept": "*/*",
        "origin": "http://localhost:3000",
        "sec-fetch-site": "same-site",
        "sec-fetch-mode": "cors",
        "sec-fetch-dest": "empty",
        "referer": "http://localhost:3000/",
        "accept-encoding": "gzip, deflate, br, zstd",
        "accept-language": "en-US",
        "if-none-match": "W/\"3b7-Sg6tiMNXL1xrmCzXwvYAdIXFpWA\""
      },
      "remoteAddress": "::1",
      "remotePort": 64251
    }
    [35mres[39m: {
      "statusCode": 401,
      "headers": {
        "x-powered-by": "Express",
        "access-control-allow-origin": "http://localhost:3000",
        "vary": "Origin",
        "access-control-allow-credentials": "true",
        "x-request-id": "82fcc40a-c35a-4dd2-a3b3-5349219efeca",
        "x-content-type-options": "nosniff",
        "x-frame-options": "DENY",
        "x-xss-protection": "1; mode=block",
        "strict-transport-security": "max-age=31536000; includeSubDomains",
        "referrer-policy": "strict-origin-when-cross-origin",
        "permissions-policy": "camera=(), microphone=(), geolocation=()",
        "content-type": "application/json; charset=utf-8",
        "content-length": "43",
        "etag": "W/\"2b-dGnJzt6gv1nJjX6DJ9RztDWptng\""
      }
    }
    [35mresponseTime[39m: 3
[17:18:02.356] [32mINFO[39m (16336): [36mrequest completed[39m
    [35mreq[39m: {
      "id": 80,
      "method": "GET",
      "url": "/api/v1/platform/hotels?page=1&limit=15&plan=all&sortBy=name-asc",
      "query": {
        "page": "1",
        "limit": "15",
        "plan": "all",
        "sortBy": "name-asc"
      },
      "params": {
        "path": [
          "platform",
          "hotels"
        ]
      },
      "headers": {
        "host": "localhost:5000",
        "connection": "keep-alive",
        "sec-ch-ua-platform": "\"Windows\"",
        "authorization": "[Redacted]",
        "user-agent": "Mozilla/5.0 (Windows NT 10.0; Win64; x64) AppleWebKit/537.36 (KHTML, like Gecko) Code/1.122.1 Chrome/142.0.7444.265 Electron/39.8.8 Safari/537.36",
        "sec-ch-ua": "\"Not_A Brand\";v=\"99\", \"Chromium\";v=\"142\"",
        "sec-ch-ua-mobile": "?0",
        "accept": "*/*",
        "origin": "http://localhost:3000",
        "sec-fetch-site": "same-site",
        "sec-fetch-mode": "cors",
        "sec-fetch-dest": "empty",
        "referer": "http://localhost:3000/",
        "accept-encoding": "gzip, deflate, br, zstd",
        "accept-language": "en-US",
        "if-none-match": "W/\"3b7-Sg6tiMNXL1xrmCzXwvYAdIXFpWA\""
      },
      "remoteAddress": "::1",
      "remotePort": 64251
    }
    [35mres[39m: {
      "statusCode": 401,
      "headers": {
        "x-powered-by": "Express",
        "access-control-allow-origin": "http://localhost:3000",
        "vary": "Origin",
        "access-control-allow-credentials": "true",
        "x-request-id": "a0f161f4-3883-4791-a28b-f69d5b23f1df",
        "x-content-type-options": "nosniff",
        "x-frame-options": "DENY",
        "x-xss-protection": "1; mode=block",
        "strict-transport-security": "max-age=31536000; includeSubDomains",
        "referrer-policy": "strict-origin-when-cross-origin",
        "permissions-policy": "camera=(), microphone=(), geolocation=()",
        "content-type": "application/json; charset=utf-8",
        "content-length": "43",
        "etag": "W/\"2b-dGnJzt6gv1nJjX6DJ9RztDWptng\""
      }
    }
    [35mresponseTime[39m: 3
[17:18:06.420] [32mINFO[39m (16336): [36mrequest completed[39m
    [35mreq[39m: {
      "id": 81,
      "method": "GET",
      "url": "/api/v1/platform/hotels?page=1&limit=15&plan=all&sortBy=name-asc",
      "query": {
        "page": "1",
        "limit": "15",
        "plan": "all",
        "sortBy": "name-asc"
      },
      "params": {
        "path": [
          "platform",
          "hotels"
        ]
      },
      "headers": {
        "host": "localhost:5000",
        "connection": "keep-alive",
        "sec-ch-ua-platform": "\"Windows\"",
        "authorization": "[Redacted]",
        "user-agent": "Mozilla/5.0 (Windows NT 10.0; Win64; x64) AppleWebKit/537.36 (KHTML, like Gecko) Code/1.122.1 Chrome/142.0.7444.265 Electron/39.8.8 Safari/537.36",
        "sec-ch-ua": "\"Not_A Brand\";v=\"99\", \"Chromium\";v=\"142\"",
        "sec-ch-ua-mobile": "?0",
        "accept": "*/*",
        "origin": "http://localhost:3000",
        "sec-fetch-site": "same-site",
        "sec-fetch-mode": "cors",
        "sec-fetch-dest": "empty",
        "referer": "http://localhost:3000/",
        "accept-encoding": "gzip, deflate, br, zstd",
        "accept-language": "en-US",
        "if-none-match": "W/\"3b7-Sg6tiMNXL1xrmCzXwvYAdIXFpWA\""
      },
      "remoteAddress": "::1",
      "remotePort": 64259
    }
    [35mres[39m: {
      "statusCode": 401,
      "headers": {
        "x-powered-by": "Express",
        "access-control-allow-origin": "http://localhost:3000",
        "vary": "Origin",
        "access-control-allow-credentials": "true",
        "x-request-id": "817ed71c-44a1-42f4-a619-434b9348ba35",
        "x-content-type-options": "nosniff",
        "x-frame-options": "DENY",
        "x-xss-protection": "1; mode=block",
        "strict-transport-security": "max-age=31536000; includeSubDomains",
        "referrer-policy": "strict-origin-when-cross-origin",
        "permissions-policy": "camera=(), microphone=(), geolocation=()",
        "content-type": "application/json; charset=utf-8",
        "content-length": "43",
        "etag": "W/\"2b-dGnJzt6gv1nJjX6DJ9RztDWptng\""
      }
    }
    [35mresponseTime[39m: 3
[17:18:06.518] [32mINFO[39m (16336): [36mrequest completed[39m
    [35mreq[39m: {
      "id": 82,
      "method": "GET",
      "url": "/api/v1/notifications/unread-count",
      "query": {},
      "params": {
        "path": [
          "notifications",
          "unread-count"
        ]
      },
      "headers": {
        "host": "localhost:5000",
        "connection": "keep-alive",
        "sec-ch-ua-platform": "\"Windows\"",
        "authorization": "[Redacted]",
        "user-agent": "Mozilla/5.0 (Windows NT 10.0; Win64; x64) AppleWebKit/537.36 (KHTML, like Gecko) Code/1.122.1 Chrome/142.0.7444.265 Electron/39.8.8 Safari/537.36",
        "sec-ch-ua": "\"Not_A Brand\";v=\"99\", \"Chromium\";v=\"142\"",
        "sec-ch-ua-mobile": "?0",
        "accept": "*/*",
        "origin": "http://localhost:3000",
        "sec-fetch-site": "same-site",
        "sec-fetch-mode": "cors",
        "sec-fetch-dest": "empty",
        "referer": "http://localhost:3000/",
        "accept-encoding": "gzip, deflate, br, zstd",
        "accept-language": "en-US",
        "if-none-match": "W/\"23-WgR9+nUlfRzXMzFiBE7oaznpWzo\""
      },
      "remoteAddress": "::1",
      "remotePort": 64259
    }
    [35mres[39m: {
      "statusCode": 401,
      "headers": {
        "x-powered-by": "Express",
        "access-control-allow-origin": "http://localhost:3000",
        "vary": "Origin",
        "access-control-allow-credentials": "true",
        "x-request-id": "81bffcd9-84c6-4c7f-b145-ace5f232c260",
        "x-content-type-options": "nosniff",
        "x-frame-options": "DENY",
        "x-xss-protection": "1; mode=block",
        "strict-transport-security": "max-age=31536000; includeSubDomains",
        "referrer-policy": "strict-origin-when-cross-origin",
        "permissions-policy": "camera=(), microphone=(), geolocation=()",
        "content-type": "application/json; charset=utf-8",
        "content-length": "43",
        "etag": "W/\"2b-dGnJzt6gv1nJjX6DJ9RztDWptng\""
      }
    }
    [35mresponseTime[39m: 9
[17:18:21.469] [32mINFO[39m (16336): [36mrequest completed[39m
    [35mreq[39m: {
      "id": 83,
      "method": "GET",
      "url": "/api/v1/platform/hotels?page=1&limit=15&plan=all&sortBy=name-asc",
      "query": {
        "page": "1",
        "limit": "15",
        "plan": "all",
        "sortBy": "name-asc"
      },
      "params": {
        "path": [
          "platform",
          "hotels"
        ]
      },
      "headers": {
        "host": "localhost:5000",
        "connection": "keep-alive",
        "sec-ch-ua-platform": "\"Windows\"",
        "authorization": "[Redacted]",
        "user-agent": "Mozilla/5.0 (Windows NT 10.0; Win64; x64) AppleWebKit/537.36 (KHTML, like Gecko) Code/1.122.1 Chrome/142.0.7444.265 Electron/39.8.8 Safari/537.36",
        "sec-ch-ua": "\"Not_A Brand\";v=\"99\", \"Chromium\";v=\"142\"",
        "sec-ch-ua-mobile": "?0",
        "accept": "*/*",
        "origin": "http://localhost:3000",
        "sec-fetch-site": "same-site",
        "sec-fetch-mode": "cors",
        "sec-fetch-dest": "empty",
        "referer": "http://localhost:3000/",
        "accept-encoding": "gzip, deflate, br, zstd",
        "accept-language": "en-US",
        "if-none-match": "W/\"3b7-Sg6tiMNXL1xrmCzXwvYAdIXFpWA\""
      },
      "remoteAddress": "::1",
      "remotePort": 64275
    }
    [35mres[39m: {
      "statusCode": 401,
      "headers": {
        "x-powered-by": "Express",
        "access-control-allow-origin": "http://localhost:3000",
        "vary": "Origin",
        "access-control-allow-credentials": "true",
        "x-request-id": "92fe72e7-f9fd-44ab-a721-7ced423a3e93",
        "x-content-type-options": "nosniff",
        "x-frame-options": "DENY",
        "x-xss-protection": "1; mode=block",
        "strict-transport-security": "max-age=31536000; includeSubDomains",
        "referrer-policy": "strict-origin-when-cross-origin",
        "permissions-policy": "camera=(), microphone=(), geolocation=()",
        "content-type": "application/json; charset=utf-8",
        "content-length": "43",
        "etag": "W/\"2b-dGnJzt6gv1nJjX6DJ9RztDWptng\""
      }
    }
    [35mresponseTime[39m: 3
[17:18:22.616] [32mINFO[39m (16336): [36mrequest completed[39m
    [35mreq[39m: {
      "id": 84,
      "method": "GET",
      "url": "/api/v1/platform/hotels?page=1&limit=15&plan=all&sortBy=name-asc",
      "query": {
        "page": "1",
        "limit": "15",
        "plan": "all",
        "sortBy": "name-asc"
      },
      "params": {
        "path": [
          "platform",
          "hotels"
        ]
      },
      "headers": {
        "host": "localhost:5000",
        "connection": "keep-alive",
        "sec-ch-ua-platform": "\"Windows\"",
        "authorization": "[Redacted]",
        "user-agent": "Mozilla/5.0 (Windows NT 10.0; Win64; x64) AppleWebKit/537.36 (KHTML, like Gecko) Code/1.122.1 Chrome/142.0.7444.265 Electron/39.8.8 Safari/537.36",
        "sec-ch-ua": "\"Not_A Brand\";v=\"99\", \"Chromium\";v=\"142\"",
        "sec-ch-ua-mobile": "?0",
        "accept": "*/*",
        "origin": "http://localhost:3000",
        "sec-fetch-site": "same-site",
        "sec-fetch-mode": "cors",
        "sec-fetch-dest": "empty",
        "referer": "http://localhost:3000/",
        "accept-encoding": "gzip, deflate, br, zstd",
        "accept-language": "en-US",
        "if-none-match": "W/\"3b7-Sg6tiMNXL1xrmCzXwvYAdIXFpWA\""
      },
      "remoteAddress": "::1",
      "remotePort": 64275
    }
    [35mres[39m: {
      "statusCode": 401,
      "headers": {
        "x-powered-by": "Express",
        "access-control-allow-origin": "http://localhost:3000",
        "vary": "Origin",
        "access-control-allow-credentials": "true",
        "x-request-id": "7fc82c86-8dfe-44d4-ac37-dcb1560234a3",
        "x-content-type-options": "nosniff",
        "x-frame-options": "DENY",
        "x-xss-protection": "1; mode=block",
        "strict-transport-security": "max-age=31536000; includeSubDomains",
        "referrer-policy": "strict-origin-when-cross-origin",
        "permissions-policy": "camera=(), microphone=(), geolocation=()",
        "content-type": "application/json; charset=utf-8",
        "content-length": "43",
        "etag": "W/\"2b-dGnJzt6gv1nJjX6DJ9RztDWptng\""
      }
    }
    [35mresponseTime[39m: 4
[17:18:24.631] [32mINFO[39m (16336): [36mrequest completed[39m
    [35mreq[39m: {
      "id": 85,
      "method": "GET",
      "url": "/api/v1/platform/hotels?page=1&limit=15&plan=all&sortBy=name-asc",
      "query": {
        "page": "1",
        "limit": "15",
        "plan": "all",
        "sortBy": "name-asc"
      },
      "params": {
        "path": [
          "platform",
          "hotels"
        ]
      },
      "headers": {
        "host": "localhost:5000",
        "connection": "keep-alive",
        "sec-ch-ua-platform": "\"Windows\"",
        "authorization": "[Redacted]",
        "user-agent": "Mozilla/5.0 (Windows NT 10.0; Win64; x64) AppleWebKit/537.36 (KHTML, like Gecko) Code/1.122.1 Chrome/142.0.7444.265 Electron/39.8.8 Safari/537.36",
        "sec-ch-ua": "\"Not_A Brand\";v=\"99\", \"Chromium\";v=\"142\"",
        "sec-ch-ua-mobile": "?0",
        "accept": "*/*",
        "origin": "http://localhost:3000",
        "sec-fetch-site": "same-site",
        "sec-fetch-mode": "cors",
        "sec-fetch-dest": "empty",
        "referer": "http://localhost:3000/",
        "accept-encoding": "gzip, deflate, br, zstd",
        "accept-language": "en-US",
        "if-none-match": "W/\"3b7-Sg6tiMNXL1xrmCzXwvYAdIXFpWA\""
      },
      "remoteAddress": "::1",
      "remotePort": 64275
    }
    [35mres[39m: {
      "statusCode": 401,
      "headers": {
        "x-powered-by": "Express",
        "access-control-allow-origin": "http://localhost:3000",
        "vary": "Origin",
        "access-control-allow-credentials": "true",
        "x-request-id": "d05a60b6-b9da-46ed-9997-ac8dc4a5b4fa",
        "x-content-type-options": "nosniff",
        "x-frame-options": "DENY",
        "x-xss-protection": "1; mode=block",
        "strict-transport-security": "max-age=31536000; includeSubDomains",
        "referrer-policy": "strict-origin-when-cross-origin",
        "permissions-policy": "camera=(), microphone=(), geolocation=()",
        "content-type": "application/json; charset=utf-8",
        "content-length": "43",
        "etag": "W/\"2b-dGnJzt6gv1nJjX6DJ9RztDWptng\""
      }
    }
    [35mresponseTime[39m: 4
[17:18:28.665] [32mINFO[39m (16336): [36mrequest completed[39m
    [35mreq[39m: {
      "id": 86,
      "method": "GET",
      "url": "/api/v1/platform/hotels?page=1&limit=15&plan=all&sortBy=name-asc",
      "query": {
        "page": "1",
        "limit": "15",
        "plan": "all",
        "sortBy": "name-asc"
      },
      "params": {
        "path": [
          "platform",
          "hotels"
        ]
      },
      "headers": {
        "host": "localhost:5000",
        "connection": "keep-alive",
        "sec-ch-ua-platform": "\"Windows\"",
        "authorization": "[Redacted]",
        "user-agent": "Mozilla/5.0 (Windows NT 10.0; Win64; x64) AppleWebKit/537.36 (KHTML, like Gecko) Code/1.122.1 Chrome/142.0.7444.265 Electron/39.8.8 Safari/537.36",
        "sec-ch-ua": "\"Not_A Brand\";v=\"99\", \"Chromium\";v=\"142\"",
        "sec-ch-ua-mobile": "?0",
        "accept": "*/*",
        "origin": "http://localhost:3000",
        "sec-fetch-site": "same-site",
        "sec-fetch-mode": "cors",
        "sec-fetch-dest": "empty",
        "referer": "http://localhost:3000/",
        "accept-encoding": "gzip, deflate, br, zstd",
        "accept-language": "en-US",
        "if-none-match": "W/\"3b7-Sg6tiMNXL1xrmCzXwvYAdIXFpWA\""
      },
      "remoteAddress": "::1",
      "remotePort": 64275
    }
    [35mres[39m: {
      "statusCode": 401,
      "headers": {
        "x-powered-by": "Express",
        "access-control-allow-origin": "http://localhost:3000",
        "vary": "Origin",
        "access-control-allow-credentials": "true",
        "x-request-id": "c18aa94d-8e32-4a1d-a827-bf638177ebca",
        "x-content-type-options": "nosniff",
        "x-frame-options": "DENY",
        "x-xss-protection": "1; mode=block",
        "strict-transport-security": "max-age=31536000; includeSubDomains",
        "referrer-policy": "strict-origin-when-cross-origin",
        "permissions-policy": "camera=(), microphone=(), geolocation=()",
        "content-type": "application/json; charset=utf-8",
        "content-length": "43",
        "etag": "W/\"2b-dGnJzt6gv1nJjX6DJ9RztDWptng\""
      }
    }
    [35mresponseTime[39m: 2
[17:18:36.415] [32mINFO[39m (16336): [36mrequest completed[39m
    [35mreq[39m: {
      "id": 87,
      "method": "GET",
      "url": "/api/v1/notifications/unread-count",
      "query": {},
      "params": {
        "path": [
          "notifications",
          "unread-count"
        ]
      },
      "headers": {
        "host": "localhost:5000",
        "connection": "keep-alive",
        "sec-ch-ua-platform": "\"Windows\"",
        "authorization": "[Redacted]",
        "user-agent": "Mozilla/5.0 (Windows NT 10.0; Win64; x64) AppleWebKit/537.36 (KHTML, like Gecko) Code/1.122.1 Chrome/142.0.7444.265 Electron/39.8.8 Safari/537.36",
        "sec-ch-ua": "\"Not_A Brand\";v=\"99\", \"Chromium\";v=\"142\"",
        "sec-ch-ua-mobile": "?0",
        "accept": "*/*",
        "origin": "http://localhost:3000",
        "sec-fetch-site": "same-site",
        "sec-fetch-mode": "cors",
        "sec-fetch-dest": "empty",
        "referer": "http://localhost:3000/",
        "accept-encoding": "gzip, deflate, br, zstd",
        "accept-language": "en-US",
        "if-none-match": "W/\"23-WgR9+nUlfRzXMzFiBE7oaznpWzo\""
      },
      "remoteAddress": "::1",
      "remotePort": 64292
    }
    [35mres[39m: {
      "statusCode": 401,
      "headers": {
        "x-powered-by": "Express",
        "access-control-allow-origin": "http://localhost:3000",
        "vary": "Origin",
        "access-control-allow-credentials": "true",
        "x-request-id": "0abba53c-902e-4d37-9e19-1f2fb425972d",
        "x-content-type-options": "nosniff",
        "x-frame-options": "DENY",
        "x-xss-protection": "1; mode=block",
        "strict-transport-security": "max-age=31536000; includeSubDomains",
        "referrer-policy": "strict-origin-when-cross-origin",
        "permissions-policy": "camera=(), microphone=(), geolocation=()",
        "content-type": "application/json; charset=utf-8",
        "content-length": "43",
        "etag": "W/\"2b-dGnJzt6gv1nJjX6DJ9RztDWptng\""
      }
    }
    [35mresponseTime[39m: 3
[17:18:43.691] [32mINFO[39m (16336): [36mrequest completed[39m
    [35mreq[39m: {
      "id": 88,
      "method": "GET",
      "url": "/api/v1/platform/hotels?page=1&limit=15&plan=all&sortBy=name-asc",
      "query": {
        "page": "1",
        "limit": "15",
        "plan": "all",
        "sortBy": "name-asc"
      },
      "params": {
        "path": [
          "platform",
          "hotels"
        ]
      },
      "headers": {
        "host": "localhost:5000",
        "connection": "keep-alive",
        "sec-ch-ua-platform": "\"Windows\"",
        "authorization": "[Redacted]",
        "user-agent": "Mozilla/5.0 (Windows NT 10.0; Win64; x64) AppleWebKit/537.36 (KHTML, like Gecko) Code/1.122.1 Chrome/142.0.7444.265 Electron/39.8.8 Safari/537.36",
        "sec-ch-ua": "\"Not_A Brand\";v=\"99\", \"Chromium\";v=\"142\"",
        "sec-ch-ua-mobile": "?0",
        "accept": "*/*",
        "origin": "http://localhost:3000",
        "sec-fetch-site": "same-site",
        "sec-fetch-mode": "cors",
        "sec-fetch-dest": "empty",
        "referer": "http://localhost:3000/",
        "accept-encoding": "gzip, deflate, br, zstd",
        "accept-language": "en-US",
        "if-none-match": "W/\"3b7-Sg6tiMNXL1xrmCzXwvYAdIXFpWA\""
      },
      "remoteAddress": "::1",
      "remotePort": 64300
    }
    [35mres[39m: {
      "statusCode": 401,
      "headers": {
        "x-powered-by": "Express",
        "access-control-allow-origin": "http://localhost:3000",
        "vary": "Origin",
        "access-control-allow-credentials": "true",
        "x-request-id": "81f4023b-11c4-4f56-ae8c-0767c7cd7165",
        "x-content-type-options": "nosniff",
        "x-frame-options": "DENY",
        "x-xss-protection": "1; mode=block",
        "strict-transport-security": "max-age=31536000; includeSubDomains",
        "referrer-policy": "strict-origin-when-cross-origin",
        "permissions-policy": "camera=(), microphone=(), geolocation=()",
        "content-type": "application/json; charset=utf-8",
        "content-length": "43",
        "etag": "W/\"2b-dGnJzt6gv1nJjX6DJ9RztDWptng\""
      }
    }
    [35mresponseTime[39m: 6
[17:18:44.799] [32mINFO[39m (16336): [36mrequest completed[39m
    [35mreq[39m: {
      "id": 89,
      "method": "GET",
      "url": "/api/v1/platform/hotels?page=1&limit=15&plan=all&sortBy=name-asc",
      "query": {
        "page": "1",
        "limit": "15",
        "plan": "all",
        "sortBy": "name-asc"
      },
      "params": {
        "path": [
          "platform",
          "hotels"
        ]
      },
      "headers": {
        "host": "localhost:5000",
        "connection": "keep-alive",
        "sec-ch-ua-platform": "\"Windows\"",
        "authorization": "[Redacted]",
        "user-agent": "Mozilla/5.0 (Windows NT 10.0; Win64; x64) AppleWebKit/537.36 (KHTML, like Gecko) Code/1.122.1 Chrome/142.0.7444.265 Electron/39.8.8 Safari/537.36",
        "sec-ch-ua": "\"Not_A Brand\";v=\"99\", \"Chromium\";v=\"142\"",
        "sec-ch-ua-mobile": "?0",
        "accept": "*/*",
        "origin": "http://localhost:3000",
        "sec-fetch-site": "same-site",
        "sec-fetch-mode": "cors",
        "sec-fetch-dest": "empty",
        "referer": "http://localhost:3000/",
        "accept-encoding": "gzip, deflate, br, zstd",
        "accept-language": "en-US",
        "if-none-match": "W/\"3b7-Sg6tiMNXL1xrmCzXwvYAdIXFpWA\""
      },
      "remoteAddress": "::1",
      "remotePort": 64300
    }
    [35mres[39m: {
      "statusCode": 401,
      "headers": {
        "x-powered-by": "Express",
        "access-control-allow-origin": "http://localhost:3000",
        "vary": "Origin",
        "access-control-allow-credentials": "true",
        "x-request-id": "369a1e1d-4810-4d6f-aeac-0d1e1e89c1fb",
        "x-content-type-options": "nosniff",
        "x-frame-options": "DENY",
        "x-xss-protection": "1; mode=block",
        "strict-transport-security": "max-age=31536000; includeSubDomains",
        "referrer-policy": "strict-origin-when-cross-origin",
        "permissions-policy": "camera=(), microphone=(), geolocation=()",
        "content-type": "application/json; charset=utf-8",
        "content-length": "43",
        "etag": "W/\"2b-dGnJzt6gv1nJjX6DJ9RztDWptng\""
      }
    }
    [35mresponseTime[39m: 3
[17:18:46.816] [32mINFO[39m (16336): [36mrequest completed[39m
    [35mreq[39m: {
      "id": 90,
      "method": "GET",
      "url": "/api/v1/platform/hotels?page=1&limit=15&plan=all&sortBy=name-asc",
      "query": {
        "page": "1",
        "limit": "15",
        "plan": "all",
        "sortBy": "name-asc"
      },
      "params": {
        "path": [
          "platform",
          "hotels"
        ]
      },
      "headers": {
        "host": "localhost:5000",
        "connection": "keep-alive",
        "sec-ch-ua-platform": "\"Windows\"",
        "authorization": "[Redacted]",
        "user-agent": "Mozilla/5.0 (Windows NT 10.0; Win64; x64) AppleWebKit/537.36 (KHTML, like Gecko) Code/1.122.1 Chrome/142.0.7444.265 Electron/39.8.8 Safari/537.36",
        "sec-ch-ua": "\"Not_A Brand\";v=\"99\", \"Chromium\";v=\"142\"",
        "sec-ch-ua-mobile": "?0",
        "accept": "*/*",
        "origin": "http://localhost:3000",
        "sec-fetch-site": "same-site",
        "sec-fetch-mode": "cors",
        "sec-fetch-dest": "empty",
        "referer": "http://localhost:3000/",
        "accept-encoding": "gzip, deflate, br, zstd",
        "accept-language": "en-US",
        "if-none-match": "W/\"3b7-Sg6tiMNXL1xrmCzXwvYAdIXFpWA\""
      },
      "remoteAddress": "::1",
      "remotePort": 64300
    }
    [35mres[39m: {
      "statusCode": 401,
      "headers": {
        "x-powered-by": "Express",
        "access-control-allow-origin": "http://localhost:3000",
        "vary": "Origin",
        "access-control-allow-credentials": "true",
        "x-request-id": "f3009876-8647-43b2-8357-a3e365edd168",
        "x-content-type-options": "nosniff",
        "x-frame-options": "DENY",
        "x-xss-protection": "1; mode=block",
        "strict-transport-security": "max-age=31536000; includeSubDomains",
        "referrer-policy": "strict-origin-when-cross-origin",
        "permissions-policy": "camera=(), microphone=(), geolocation=()",
        "content-type": "application/json; charset=utf-8",
        "content-length": "43",
        "etag": "W/\"2b-dGnJzt6gv1nJjX6DJ9RztDWptng\""
      }
    }
    [35mresponseTime[39m: 4
[17:18:50.844] [32mINFO[39m (16336): [36mrequest completed[39m
    [35mreq[39m: {
      "id": 91,
      "method": "GET",
      "url": "/api/v1/platform/hotels?page=1&limit=15&plan=all&sortBy=name-asc",
      "query": {
        "page": "1",
        "limit": "15",
        "plan": "all",
        "sortBy": "name-asc"
      },
      "params": {
        "path": [
          "platform",
          "hotels"
        ]
      },
      "headers": {
        "host": "localhost:5000",
        "connection": "keep-alive",
        "sec-ch-ua-platform": "\"Windows\"",
        "authorization": "[Redacted]",
        "user-agent": "Mozilla/5.0 (Windows NT 10.0; Win64; x64) AppleWebKit/537.36 (KHTML, like Gecko) Code/1.122.1 Chrome/142.0.7444.265 Electron/39.8.8 Safari/537.36",
        "sec-ch-ua": "\"Not_A Brand\";v=\"99\", \"Chromium\";v=\"142\"",
        "sec-ch-ua-mobile": "?0",
        "accept": "*/*",
        "origin": "http://localhost:3000",
        "sec-fetch-site": "same-site",
        "sec-fetch-mode": "cors",
        "sec-fetch-dest": "empty",
        "referer": "http://localhost:3000/",
        "accept-encoding": "gzip, deflate, br, zstd",
        "accept-language": "en-US",
        "if-none-match": "W/\"3b7-Sg6tiMNXL1xrmCzXwvYAdIXFpWA\""
      },
      "remoteAddress": "::1",
      "remotePort": 64300
    }
    [35mres[39m: {
      "statusCode": 401,
      "headers": {
        "x-powered-by": "Express",
        "access-control-allow-origin": "http://localhost:3000",
        "vary": "Origin",
        "access-control-allow-credentials": "true",
        "x-request-id": "efa43380-a538-4b09-89a3-644f90cf40eb",
        "x-content-type-options": "nosniff",
        "x-frame-options": "DENY",
        "x-xss-protection": "1; mode=block",
        "strict-transport-security": "max-age=31536000; includeSubDomains",
        "referrer-policy": "strict-origin-when-cross-origin",
        "permissions-policy": "camera=(), microphone=(), geolocation=()",
        "content-type": "application/json; charset=utf-8",
        "content-length": "43",
        "etag": "W/\"2b-dGnJzt6gv1nJjX6DJ9RztDWptng\""
      }
    }
    [35mresponseTime[39m: 3
[17:19:05.870] [32mINFO[39m (16336): [36mrequest completed[39m
    [35mreq[39m: {
      "id": 92,
      "method": "GET",
      "url": "/api/v1/platform/hotels?page=1&limit=15&plan=all&sortBy=name-asc",
      "query": {
        "page": "1",
        "limit": "15",
        "plan": "all",
        "sortBy": "name-asc"
      },
      "params": {
        "path": [
          "platform",
          "hotels"
        ]
      },
      "headers": {
        "host": "localhost:5000",
        "connection": "keep-alive",
        "sec-ch-ua-platform": "\"Windows\"",
        "authorization": "[Redacted]",
        "user-agent": "Mozilla/5.0 (Windows NT 10.0; Win64; x64) AppleWebKit/537.36 (KHTML, like Gecko) Code/1.122.1 Chrome/142.0.7444.265 Electron/39.8.8 Safari/537.36",
        "sec-ch-ua": "\"Not_A Brand\";v=\"99\", \"Chromium\";v=\"142\"",
        "sec-ch-ua-mobile": "?0",
        "accept": "*/*",
        "origin": "http://localhost:3000",
        "sec-fetch-site": "same-site",
        "sec-fetch-mode": "cors",
        "sec-fetch-dest": "empty",
        "referer": "http://localhost:3000/",
        "accept-encoding": "gzip, deflate, br, zstd",
        "accept-language": "en-US",
        "if-none-match": "W/\"3b7-Sg6tiMNXL1xrmCzXwvYAdIXFpWA\""
      },
      "remoteAddress": "::1",
      "remotePort": 64323
    }
    [35mres[39m: {
      "statusCode": 401,
      "headers": {
        "x-powered-by": "Express",
        "access-control-allow-origin": "http://localhost:3000",
        "vary": "Origin",
        "access-control-allow-credentials": "true",
        "x-request-id": "31ee2e4d-5f59-4d00-9b23-3e629bb2fe23",
        "x-content-type-options": "nosniff",
        "x-frame-options": "DENY",
        "x-xss-protection": "1; mode=block",
        "strict-transport-security": "max-age=31536000; includeSubDomains",
        "referrer-policy": "strict-origin-when-cross-origin",
        "permissions-policy": "camera=(), microphone=(), geolocation=()",
        "content-type": "application/json; charset=utf-8",
        "content-length": "43",
        "etag": "W/\"2b-dGnJzt6gv1nJjX6DJ9RztDWptng\""
      }
    }
    [35mresponseTime[39m: 4
[17:19:06.411] [32mINFO[39m (16336): [36mrequest completed[39m
    [35mreq[39m: {
      "id": 93,
      "method": "GET",
      "url": "/api/v1/notifications/unread-count",
      "query": {},
      "params": {
        "path": [
          "notifications",
          "unread-count"
        ]
      },
      "headers": {
        "host": "localhost:5000",
        "connection": "keep-alive",
        "sec-ch-ua-platform": "\"Windows\"",
        "authorization": "[Redacted]",
        "user-agent": "Mozilla/5.0 (Windows NT 10.0; Win64; x64) AppleWebKit/537.36 (KHTML, like Gecko) Code/1.122.1 Chrome/142.0.7444.265 Electron/39.8.8 Safari/537.36",
        "sec-ch-ua": "\"Not_A Brand\";v=\"99\", \"Chromium\";v=\"142\"",
        "sec-ch-ua-mobile": "?0",
        "accept": "*/*",
        "origin": "http://localhost:3000",
        "sec-fetch-site": "same-site",
        "sec-fetch-mode": "cors",
        "sec-fetch-dest": "empty",
        "referer": "http://localhost:3000/",
        "accept-encoding": "gzip, deflate, br, zstd",
        "accept-language": "en-US",
        "if-none-match": "W/\"23-WgR9+nUlfRzXMzFiBE7oaznpWzo\""
      },
      "remoteAddress": "::1",
      "remotePort": 64323
    }
    [35mres[39m: {
      "statusCode": 401,
      "headers": {
        "x-powered-by": "Express",
        "access-control-allow-origin": "http://localhost:3000",
        "vary": "Origin",
        "access-control-allow-credentials": "true",
        "x-request-id": "2afff6dd-26a0-4108-b696-da8ee8d80a0d",
        "x-content-type-options": "nosniff",
        "x-frame-options": "DENY",
        "x-xss-protection": "1; mode=block",
        "strict-transport-security": "max-age=31536000; includeSubDomains",
        "referrer-policy": "strict-origin-when-cross-origin",
        "permissions-policy": "camera=(), microphone=(), geolocation=()",
        "content-type": "application/json; charset=utf-8",
        "content-length": "43",
        "etag": "W/\"2b-dGnJzt6gv1nJjX6DJ9RztDWptng\""
      }
    }
    [35mresponseTime[39m: 3
[17:19:06.960] [32mINFO[39m (16336): [36mrequest completed[39m
    [35mreq[39m: {
      "id": 94,
      "method": "GET",
      "url": "/api/v1/platform/hotels?page=1&limit=15&plan=all&sortBy=name-asc",
      "query": {
        "page": "1",
        "limit": "15",
        "plan": "all",
        "sortBy": "name-asc"
      },
      "params": {
        "path": [
          "platform",
          "hotels"
        ]
      },
      "headers": {
        "host": "localhost:5000",
        "connection": "keep-alive",
        "sec-ch-ua-platform": "\"Windows\"",
        "authorization": "[Redacted]",
        "user-agent": "Mozilla/5.0 (Windows NT 10.0; Win64; x64) AppleWebKit/537.36 (KHTML, like Gecko) Code/1.122.1 Chrome/142.0.7444.265 Electron/39.8.8 Safari/537.36",
        "sec-ch-ua": "\"Not_A Brand\";v=\"99\", \"Chromium\";v=\"142\"",
        "sec-ch-ua-mobile": "?0",
        "accept": "*/*",
        "origin": "http://localhost:3000",
        "sec-fetch-site": "same-site",
        "sec-fetch-mode": "cors",
        "sec-fetch-dest": "empty",
        "referer": "http://localhost:3000/",
        "accept-encoding": "gzip, deflate, br, zstd",
        "accept-language": "en-US",
        "if-none-match": "W/\"3b7-Sg6tiMNXL1xrmCzXwvYAdIXFpWA\""
      },
      "remoteAddress": "::1",
      "remotePort": 64323
    }
    [35mres[39m: {
      "statusCode": 401,
      "headers": {
        "x-powered-by": "Express",
        "access-control-allow-origin": "http://localhost:3000",
        "vary": "Origin",
        "access-control-allow-credentials": "true",
        "x-request-id": "3b129b12-b49c-41d5-b433-ec0837d70142",
        "x-content-type-options": "nosniff",
        "x-frame-options": "DENY",
        "x-xss-protection": "1; mode=block",
        "strict-transport-security": "max-age=31536000; includeSubDomains",
        "referrer-policy": "strict-origin-when-cross-origin",
        "permissions-policy": "camera=(), microphone=(), geolocation=()",
        "content-type": "application/json; charset=utf-8",
        "content-length": "43",
        "etag": "W/\"2b-dGnJzt6gv1nJjX6DJ9RztDWptng\""
      }
    }
    [35mresponseTime[39m: 4
[17:19:08.973] [32mINFO[39m (16336): [36mrequest completed[39m
    [35mreq[39m: {
      "id": 95,
      "method": "GET",
      "url": "/api/v1/platform/hotels?page=1&limit=15&plan=all&sortBy=name-asc",
      "query": {
        "page": "1",
        "limit": "15",
        "plan": "all",
        "sortBy": "name-asc"
      },
      "params": {
        "path": [
          "platform",
          "hotels"
        ]
      },
      "headers": {
        "host": "localhost:5000",
        "connection": "keep-alive",
        "sec-ch-ua-platform": "\"Windows\"",
        "authorization": "[Redacted]",
        "user-agent": "Mozilla/5.0 (Windows NT 10.0; Win64; x64) AppleWebKit/537.36 (KHTML, like Gecko) Code/1.122.1 Chrome/142.0.7444.265 Electron/39.8.8 Safari/537.36",
        "sec-ch-ua": "\"Not_A Brand\";v=\"99\", \"Chromium\";v=\"142\"",
        "sec-ch-ua-mobile": "?0",
        "accept": "*/*",
        "origin": "http://localhost:3000",
        "sec-fetch-site": "same-site",
        "sec-fetch-mode": "cors",
        "sec-fetch-dest": "empty",
        "referer": "http://localhost:3000/",
        "accept-encoding": "gzip, deflate, br, zstd",
        "accept-language": "en-US",
        "if-none-match": "W/\"3b7-Sg6tiMNXL1xrmCzXwvYAdIXFpWA\""
      },
      "remoteAddress": "::1",
      "remotePort": 64323
    }
    [35mres[39m: {
      "statusCode": 401,
      "headers": {
        "x-powered-by": "Express",
        "access-control-allow-origin": "http://localhost:3000",
        "vary": "Origin",
        "access-control-allow-credentials": "true",
        "x-request-id": "2e8a23d7-3ff9-4755-b806-52792c4e6238",
        "x-content-type-options": "nosniff",
        "x-frame-options": "DENY",
        "x-xss-protection": "1; mode=block",
        "strict-transport-security": "max-age=31536000; includeSubDomains",
        "referrer-policy": "strict-origin-when-cross-origin",
        "permissions-policy": "camera=(), microphone=(), geolocation=()",
        "content-type": "application/json; charset=utf-8",
        "content-length": "43",
        "etag": "W/\"2b-dGnJzt6gv1nJjX6DJ9RztDWptng\""
      }
    }
    [35mresponseTime[39m: 4
[17:19:12.991] [32mINFO[39m (16336): [36mrequest completed[39m
    [35mreq[39m: {
      "id": 96,
      "method": "GET",
      "url": "/api/v1/platform/hotels?page=1&limit=15&plan=all&sortBy=name-asc",
      "query": {
        "page": "1",
        "limit": "15",
        "plan": "all",
        "sortBy": "name-asc"
      },
      "params": {
        "path": [
          "platform",
          "hotels"
        ]
      },
      "headers": {
        "host": "localhost:5000",
        "connection": "keep-alive",
        "sec-ch-ua-platform": "\"Windows\"",
        "authorization": "[Redacted]",
        "user-agent": "Mozilla/5.0 (Windows NT 10.0; Win64; x64) AppleWebKit/537.36 (KHTML, like Gecko) Code/1.122.1 Chrome/142.0.7444.265 Electron/39.8.8 Safari/537.36",
        "sec-ch-ua": "\"Not_A Brand\";v=\"99\", \"Chromium\";v=\"142\"",
        "sec-ch-ua-mobile": "?0",
        "accept": "*/*",
        "origin": "http://localhost:3000",
        "sec-fetch-site": "same-site",
        "sec-fetch-mode": "cors",
        "sec-fetch-dest": "empty",
        "referer": "http://localhost:3000/",
        "accept-encoding": "gzip, deflate, br, zstd",
        "accept-language": "en-US",
        "if-none-match": "W/\"3b7-Sg6tiMNXL1xrmCzXwvYAdIXFpWA\""
      },
      "remoteAddress": "::1",
      "remotePort": 64323
    }
    [35mres[39m: {
      "statusCode": 401,
      "headers": {
        "x-powered-by": "Express",
        "access-control-allow-origin": "http://localhost:3000",
        "vary": "Origin",
        "access-control-allow-credentials": "true",
        "x-request-id": "42fd51b7-cbd9-483d-8bfb-6030604984d5",
        "x-content-type-options": "nosniff",
        "x-frame-options": "DENY",
        "x-xss-protection": "1; mode=block",
        "strict-transport-security": "max-age=31536000; includeSubDomains",
        "referrer-policy": "strict-origin-when-cross-origin",
        "permissions-policy": "camera=(), microphone=(), geolocation=()",
        "content-type": "application/json; charset=utf-8",
        "content-length": "43",
        "etag": "W/\"2b-dGnJzt6gv1nJjX6DJ9RztDWptng\""
      }
    }
    [35mresponseTime[39m: 5
[17:19:28.044] [32mINFO[39m (16336): [36mrequest completed[39m
    [35mreq[39m: {
      "id": 97,
      "method": "GET",
      "url": "/api/v1/platform/hotels?page=1&limit=15&plan=all&sortBy=name-asc",
      "query": {
        "page": "1",
        "limit": "15",
        "plan": "all",
        "sortBy": "name-asc"
      },
      "params": {
        "path": [
          "platform",
          "hotels"
        ]
      },
      "headers": {
        "host": "localhost:5000",
        "connection": "keep-alive",
        "sec-ch-ua-platform": "\"Windows\"",
        "authorization": "[Redacted]",
        "user-agent": "Mozilla/5.0 (Windows NT 10.0; Win64; x64) AppleWebKit/537.36 (KHTML, like Gecko) Code/1.122.1 Chrome/142.0.7444.265 Electron/39.8.8 Safari/537.36",
        "sec-ch-ua": "\"Not_A Brand\";v=\"99\", \"Chromium\";v=\"142\"",
        "sec-ch-ua-mobile": "?0",
        "accept": "*/*",
        "origin": "http://localhost:3000",
        "sec-fetch-site": "same-site",
        "sec-fetch-mode": "cors",
        "sec-fetch-dest": "empty",
        "referer": "http://localhost:3000/",
        "accept-encoding": "gzip, deflate, br, zstd",
        "accept-language": "en-US",
        "if-none-match": "W/\"3b7-Sg6tiMNXL1xrmCzXwvYAdIXFpWA\""
      },
      "remoteAddress": "::1",
      "remotePort": 64347
    }
    [35mres[39m: {
      "statusCode": 401,
      "headers": {
        "x-powered-by": "Express",
        "access-control-allow-origin": "http://localhost:3000",
        "vary": "Origin",
        "access-control-allow-credentials": "true",
        "x-request-id": "1c177f2d-4286-401b-830d-d86b1370ada8",
        "x-content-type-options": "nosniff",
        "x-frame-options": "DENY",
        "x-xss-protection": "1; mode=block",
        "strict-transport-security": "max-age=31536000; includeSubDomains",
        "referrer-policy": "strict-origin-when-cross-origin",
        "permissions-policy": "camera=(), microphone=(), geolocation=()",
        "content-type": "application/json; charset=utf-8",
        "content-length": "43",
        "etag": "W/\"2b-dGnJzt6gv1nJjX6DJ9RztDWptng\""
      }
    }
    [35mresponseTime[39m: 3
[17:19:29.156] [32mINFO[39m (16336): [36mrequest completed[39m
    [35mreq[39m: {
      "id": 98,
      "method": "GET",
      "url": "/api/v1/platform/hotels?page=1&limit=15&plan=all&sortBy=name-asc",
      "query": {
        "page": "1",
        "limit": "15",
        "plan": "all",
        "sortBy": "name-asc"
      },
      "params": {
        "path": [
          "platform",
          "hotels"
        ]
      },
      "headers": {
        "host": "localhost:5000",
        "connection": "keep-alive",
        "sec-ch-ua-platform": "\"Windows\"",
        "authorization": "[Redacted]",
        "user-agent": "Mozilla/5.0 (Windows NT 10.0; Win64; x64) AppleWebKit/537.36 (KHTML, like Gecko) Code/1.122.1 Chrome/142.0.7444.265 Electron/39.8.8 Safari/537.36",
        "sec-ch-ua": "\"Not_A Brand\";v=\"99\", \"Chromium\";v=\"142\"",
        "sec-ch-ua-mobile": "?0",
        "accept": "*/*",
        "origin": "http://localhost:3000",
        "sec-fetch-site": "same-site",
        "sec-fetch-mode": "cors",
        "sec-fetch-dest": "empty",
        "referer": "http://localhost:3000/",
        "accept-encoding": "gzip, deflate, br, zstd",
        "accept-language": "en-US",
        "if-none-match": "W/\"3b7-Sg6tiMNXL1xrmCzXwvYAdIXFpWA\""
      },
      "remoteAddress": "::1",
      "remotePort": 64347
    }
    [35mres[39m: {
      "statusCode": 401,
      "headers": {
        "x-powered-by": "Express",
        "access-control-allow-origin": "http://localhost:3000",
        "vary": "Origin",
        "access-control-allow-credentials": "true",
        "x-request-id": "a8ca3bf2-e1a6-4b9a-aef7-802ea6ea5f6b",
        "x-content-type-options": "nosniff",
        "x-frame-options": "DENY",
        "x-xss-protection": "1; mode=block",
        "strict-transport-security": "max-age=31536000; includeSubDomains",
        "referrer-policy": "strict-origin-when-cross-origin",
        "permissions-policy": "camera=(), microphone=(), geolocation=()",
        "content-type": "application/json; charset=utf-8",
        "content-length": "43",
        "etag": "W/\"2b-dGnJzt6gv1nJjX6DJ9RztDWptng\""
      }
    }
    [35mresponseTime[39m: 2
[17:19:31.169] [32mINFO[39m (16336): [36mrequest completed[39m
    [35mreq[39m: {
      "id": 99,
      "method": "GET",
      "url": "/api/v1/platform/hotels?page=1&limit=15&plan=all&sortBy=name-asc",
      "query": {
        "page": "1",
        "limit": "15",
        "plan": "all",
        "sortBy": "name-asc"
      },
      "params": {
        "path": [
          "platform",
          "hotels"
        ]
      },
      "headers": {
        "host": "localhost:5000",
        "connection": "keep-alive",
        "sec-ch-ua-platform": "\"Windows\"",
        "authorization": "[Redacted]",
        "user-agent": "Mozilla/5.0 (Windows NT 10.0; Win64; x64) AppleWebKit/537.36 (KHTML, like Gecko) Code/1.122.1 Chrome/142.0.7444.265 Electron/39.8.8 Safari/537.36",
        "sec-ch-ua": "\"Not_A Brand\";v=\"99\", \"Chromium\";v=\"142\"",
        "sec-ch-ua-mobile": "?0",
        "accept": "*/*",
        "origin": "http://localhost:3000",
        "sec-fetch-site": "same-site",
        "sec-fetch-mode": "cors",
        "sec-fetch-dest": "empty",
        "referer": "http://localhost:3000/",
        "accept-encoding": "gzip, deflate, br, zstd",
        "accept-language": "en-US",
        "if-none-match": "W/\"3b7-Sg6tiMNXL1xrmCzXwvYAdIXFpWA\""
      },
      "remoteAddress": "::1",
      "remotePort": 64347
    }
    [35mres[39m: {
      "statusCode": 401,
      "headers": {
        "x-powered-by": "Express",
        "access-control-allow-origin": "http://localhost:3000",
        "vary": "Origin",
        "access-control-allow-credentials": "true",
        "x-request-id": "ba178568-124c-4678-bfdb-fcd28e8180d7",
        "x-content-type-options": "nosniff",
        "x-frame-options": "DENY",
        "x-xss-protection": "1; mode=block",
        "strict-transport-security": "max-age=31536000; includeSubDomains",
        "referrer-policy": "strict-origin-when-cross-origin",
        "permissions-policy": "camera=(), microphone=(), geolocation=()",
        "content-type": "application/json; charset=utf-8",
        "content-length": "43",
        "etag": "W/\"2b-dGnJzt6gv1nJjX6DJ9RztDWptng\""
      }
    }
    [35mresponseTime[39m: 3
[17:19:35.183] [32mINFO[39m (16336): [36mrequest completed[39m
    [35mreq[39m: {
      "id": 100,
      "method": "GET",
      "url": "/api/v1/platform/hotels?page=1&limit=15&plan=all&sortBy=name-asc",
      "query": {
        "page": "1",
        "limit": "15",
        "plan": "all",
        "sortBy": "name-asc"
      },
      "params": {
        "path": [
          "platform",
          "hotels"
        ]
      },
      "headers": {
        "host": "localhost:5000",
        "connection": "keep-alive",
        "sec-ch-ua-platform": "\"Windows\"",
        "authorization": "[Redacted]",
        "user-agent": "Mozilla/5.0 (Windows NT 10.0; Win64; x64) AppleWebKit/537.36 (KHTML, like Gecko) Code/1.122.1 Chrome/142.0.7444.265 Electron/39.8.8 Safari/537.36",
        "sec-ch-ua": "\"Not_A Brand\";v=\"99\", \"Chromium\";v=\"142\"",
        "sec-ch-ua-mobile": "?0",
        "accept": "*/*",
        "origin": "http://localhost:3000",
        "sec-fetch-site": "same-site",
        "sec-fetch-mode": "cors",
        "sec-fetch-dest": "empty",
        "referer": "http://localhost:3000/",
        "accept-encoding": "gzip, deflate, br, zstd",
        "accept-language": "en-US",
        "if-none-match": "W/\"3b7-Sg6tiMNXL1xrmCzXwvYAdIXFpWA\""
      },
      "remoteAddress": "::1",
      "remotePort": 64347
    }
    [35mres[39m: {
      "statusCode": 401,
      "headers": {
        "x-powered-by": "Express",
        "access-control-allow-origin": "http://localhost:3000",
        "vary": "Origin",
        "access-control-allow-credentials": "true",
        "x-request-id": "8e8329c8-b3f4-49f5-a6d2-9f5cfcfe914d",
        "x-content-type-options": "nosniff",
        "x-frame-options": "DENY",
        "x-xss-protection": "1; mode=block",
        "strict-transport-security": "max-age=31536000; includeSubDomains",
        "referrer-policy": "strict-origin-when-cross-origin",
        "permissions-policy": "camera=(), microphone=(), geolocation=()",
        "content-type": "application/json; charset=utf-8",
        "content-length": "43",
        "etag": "W/\"2b-dGnJzt6gv1nJjX6DJ9RztDWptng\""
      }
    }
    [35mresponseTime[39m: 3
[17:19:36.425] [32mINFO[39m (16336): [36mrequest completed[39m
    [35mreq[39m: {
      "id": 101,
      "method": "GET",
      "url": "/api/v1/notifications/unread-count",
      "query": {},
      "params": {
        "path": [
          "notifications",
          "unread-count"
        ]
      },
      "headers": {
        "host": "localhost:5000",
        "connection": "keep-alive",
        "sec-ch-ua-platform": "\"Windows\"",
        "authorization": "[Redacted]",
        "user-agent": "Mozilla/5.0 (Windows NT 10.0; Win64; x64) AppleWebKit/537.36 (KHTML, like Gecko) Code/1.122.1 Chrome/142.0.7444.265 Electron/39.8.8 Safari/537.36",
        "sec-ch-ua": "\"Not_A Brand\";v=\"99\", \"Chromium\";v=\"142\"",
        "sec-ch-ua-mobile": "?0",
        "accept": "*/*",
        "origin": "http://localhost:3000",
        "sec-fetch-site": "same-site",
        "sec-fetch-mode": "cors",
        "sec-fetch-dest": "empty",
        "referer": "http://localhost:3000/",
        "accept-encoding": "gzip, deflate, br, zstd",
        "accept-language": "en-US",
        "if-none-match": "W/\"23-WgR9+nUlfRzXMzFiBE7oaznpWzo\""
      },
      "remoteAddress": "::1",
      "remotePort": 64347
    }
    [35mres[39m: {
      "statusCode": 401,
      "headers": {
        "x-powered-by": "Express",
        "access-control-allow-origin": "http://localhost:3000",
        "vary": "Origin",
        "access-control-allow-credentials": "true",
        "x-request-id": "a16233a8-8130-4044-9e63-df4aaeffd714",
        "x-content-type-options": "nosniff",
        "x-frame-options": "DENY",
        "x-xss-protection": "1; mode=block",
        "strict-transport-security": "max-age=31536000; includeSubDomains",
        "referrer-policy": "strict-origin-when-cross-origin",
        "permissions-policy": "camera=(), microphone=(), geolocation=()",
        "content-type": "application/json; charset=utf-8",
        "content-length": "43",
        "etag": "W/\"2b-dGnJzt6gv1nJjX6DJ9RztDWptng\""
      }
    }
    [35mresponseTime[39m: 7
[17:19:50.206] [32mINFO[39m (16336): [36mrequest completed[39m
    [35mreq[39m: {
      "id": 102,
      "method": "GET",
      "url": "/api/v1/platform/hotels?page=1&limit=15&plan=all&sortBy=name-asc",
      "query": {
        "page": "1",
        "limit": "15",
        "plan": "all",
        "sortBy": "name-asc"
      },
      "params": {
        "path": [
          "platform",
          "hotels"
        ]
      },
      "headers": {
        "host": "localhost:5000",
        "connection": "keep-alive",
        "sec-ch-ua-platform": "\"Windows\"",
        "authorization": "[Redacted]",
        "user-agent": "Mozilla/5.0 (Windows NT 10.0; Win64; x64) AppleWebKit/537.36 (KHTML, like Gecko) Code/1.122.1 Chrome/142.0.7444.265 Electron/39.8.8 Safari/537.36",
        "sec-ch-ua": "\"Not_A Brand\";v=\"99\", \"Chromium\";v=\"142\"",
        "sec-ch-ua-mobile": "?0",
        "accept": "*/*",
        "origin": "http://localhost:3000",
        "sec-fetch-site": "same-site",
        "sec-fetch-mode": "cors",
        "sec-fetch-dest": "empty",
        "referer": "http://localhost:3000/",
        "accept-encoding": "gzip, deflate, br, zstd",
        "accept-language": "en-US",
        "if-none-match": "W/\"3b7-Sg6tiMNXL1xrmCzXwvYAdIXFpWA\""
      },
      "remoteAddress": "::1",
      "remotePort": 64372
    }
    [35mres[39m: {
      "statusCode": 401,
      "headers": {
        "x-powered-by": "Express",
        "access-control-allow-origin": "http://localhost:3000",
        "vary": "Origin",
        "access-control-allow-credentials": "true",
        "x-request-id": "31d1db9a-9d60-4cc8-bf78-5dc73ca0ddc1",
        "x-content-type-options": "nosniff",
        "x-frame-options": "DENY",
        "x-xss-protection": "1; mode=block",
        "strict-transport-security": "max-age=31536000; includeSubDomains",
        "referrer-policy": "strict-origin-when-cross-origin",
        "permissions-policy": "camera=(), microphone=(), geolocation=()",
        "content-type": "application/json; charset=utf-8",
        "content-length": "43",
        "etag": "W/\"2b-dGnJzt6gv1nJjX6DJ9RztDWptng\""
      }
    }
    [35mresponseTime[39m: 3
[17:19:51.319] [32mINFO[39m (16336): [36mrequest completed[39m
    [35mreq[39m: {
      "id": 103,
      "method": "GET",
      "url": "/api/v1/platform/hotels?page=1&limit=15&plan=all&sortBy=name-asc",
      "query": {
        "page": "1",
        "limit": "15",
        "plan": "all",
        "sortBy": "name-asc"
      },
      "params": {
        "path": [
          "platform",
          "hotels"
        ]
      },
      "headers": {
        "host": "localhost:5000",
        "connection": "keep-alive",
        "sec-ch-ua-platform": "\"Windows\"",
        "authorization": "[Redacted]",
        "user-agent": "Mozilla/5.0 (Windows NT 10.0; Win64; x64) AppleWebKit/537.36 (KHTML, like Gecko) Code/1.122.1 Chrome/142.0.7444.265 Electron/39.8.8 Safari/537.36",
        "sec-ch-ua": "\"Not_A Brand\";v=\"99\", \"Chromium\";v=\"142\"",
        "sec-ch-ua-mobile": "?0",
        "accept": "*/*",
        "origin": "http://localhost:3000",
        "sec-fetch-site": "same-site",
        "sec-fetch-mode": "cors",
        "sec-fetch-dest": "empty",
        "referer": "http://localhost:3000/",
        "accept-encoding": "gzip, deflate, br, zstd",
        "accept-language": "en-US",
        "if-none-match": "W/\"3b7-Sg6tiMNXL1xrmCzXwvYAdIXFpWA\""
      },
      "remoteAddress": "::1",
      "remotePort": 64372
    }
    [35mres[39m: {
      "statusCode": 401,
      "headers": {
        "x-powered-by": "Express",
        "access-control-allow-origin": "http://localhost:3000",
        "vary": "Origin",
        "access-control-allow-credentials": "true",
        "x-request-id": "fd1f9ddc-e06a-4a6a-af03-cb9c998d8f42",
        "x-content-type-options": "nosniff",
        "x-frame-options": "DENY",
        "x-xss-protection": "1; mode=block",
        "strict-transport-security": "max-age=31536000; includeSubDomains",
        "referrer-policy": "strict-origin-when-cross-origin",
        "permissions-policy": "camera=(), microphone=(), geolocation=()",
        "content-type": "application/json; charset=utf-8",
        "content-length": "43",
        "etag": "W/\"2b-dGnJzt6gv1nJjX6DJ9RztDWptng\""
      }
    }
    [35mresponseTime[39m: 3
[17:19:53.346] [32mINFO[39m (16336): [36mrequest completed[39m
    [35mreq[39m: {
      "id": 104,
      "method": "GET",
      "url": "/api/v1/platform/hotels?page=1&limit=15&plan=all&sortBy=name-asc",
      "query": {
        "page": "1",
        "limit": "15",
        "plan": "all",
        "sortBy": "name-asc"
      },
      "params": {
        "path": [
          "platform",
          "hotels"
        ]
      },
      "headers": {
        "host": "localhost:5000",
        "connection": "keep-alive",
        "sec-ch-ua-platform": "\"Windows\"",
        "authorization": "[Redacted]",
        "user-agent": "Mozilla/5.0 (Windows NT 10.0; Win64; x64) AppleWebKit/537.36 (KHTML, like Gecko) Code/1.122.1 Chrome/142.0.7444.265 Electron/39.8.8 Safari/537.36",
        "sec-ch-ua": "\"Not_A Brand\";v=\"99\", \"Chromium\";v=\"142\"",
        "sec-ch-ua-mobile": "?0",
        "accept": "*/*",
        "origin": "http://localhost:3000",
        "sec-fetch-site": "same-site",
        "sec-fetch-mode": "cors",
        "sec-fetch-dest": "empty",
        "referer": "http://localhost:3000/",
        "accept-encoding": "gzip, deflate, br, zstd",
        "accept-language": "en-US",
        "if-none-match": "W/\"3b7-Sg6tiMNXL1xrmCzXwvYAdIXFpWA\""
      },
      "remoteAddress": "::1",
      "remotePort": 64372
    }
    [35mres[39m: {
      "statusCode": 401,
      "headers": {
        "x-powered-by": "Express",
        "access-control-allow-origin": "http://localhost:3000",
        "vary": "Origin",
        "access-control-allow-credentials": "true",
        "x-request-id": "3f6215a4-c53b-4821-9536-e99dc540dc7d",
        "x-content-type-options": "nosniff",
        "x-frame-options": "DENY",
        "x-xss-protection": "1; mode=block",
        "strict-transport-security": "max-age=31536000; includeSubDomains",
        "referrer-policy": "strict-origin-when-cross-origin",
        "permissions-policy": "camera=(), microphone=(), geolocation=()",
        "content-type": "application/json; charset=utf-8",
        "content-length": "43",
        "etag": "W/\"2b-dGnJzt6gv1nJjX6DJ9RztDWptng\""
      }
    }
    [35mresponseTime[39m: 9
[17:19:57.363] [32mINFO[39m (16336): [36mrequest completed[39m
    [35mreq[39m: {
      "id": 105,
      "method": "GET",
      "url": "/api/v1/platform/hotels?page=1&limit=15&plan=all&sortBy=name-asc",
      "query": {
        "page": "1",
        "limit": "15",
        "plan": "all",
        "sortBy": "name-asc"
      },
      "params": {
        "path": [
          "platform",
          "hotels"
        ]
      },
      "headers": {
        "host": "localhost:5000",
        "connection": "keep-alive",
        "sec-ch-ua-platform": "\"Windows\"",
        "authorization": "[Redacted]",
        "user-agent": "Mozilla/5.0 (Windows NT 10.0; Win64; x64) AppleWebKit/537.36 (KHTML, like Gecko) Code/1.122.1 Chrome/142.0.7444.265 Electron/39.8.8 Safari/537.36",
        "sec-ch-ua": "\"Not_A Brand\";v=\"99\", \"Chromium\";v=\"142\"",
        "sec-ch-ua-mobile": "?0",
        "accept": "*/*",
        "origin": "http://localhost:3000",
        "sec-fetch-site": "same-site",
        "sec-fetch-mode": "cors",
        "sec-fetch-dest": "empty",
        "referer": "http://localhost:3000/",
        "accept-encoding": "gzip, deflate, br, zstd",
        "accept-language": "en-US",
        "if-none-match": "W/\"3b7-Sg6tiMNXL1xrmCzXwvYAdIXFpWA\""
      },
      "remoteAddress": "::1",
      "remotePort": 64372
    }
    [35mres[39m: {
      "statusCode": 401,
      "headers": {
        "x-powered-by": "Express",
        "access-control-allow-origin": "http://localhost:3000",
        "vary": "Origin",
        "access-control-allow-credentials": "true",
        "x-request-id": "b1224d74-c63d-4daa-a051-de08bb3ab868",
        "x-content-type-options": "nosniff",
        "x-frame-options": "DENY",
        "x-xss-protection": "1; mode=block",
        "strict-transport-security": "max-age=31536000; includeSubDomains",
        "referrer-policy": "strict-origin-when-cross-origin",
        "permissions-policy": "camera=(), microphone=(), geolocation=()",
        "content-type": "application/json; charset=utf-8",
        "content-length": "43",
        "etag": "W/\"2b-dGnJzt6gv1nJjX6DJ9RztDWptng\""
      }
    }
    [35mresponseTime[39m: 2
[17:20:06.417] [32mINFO[39m (16336): [36mrequest completed[39m
    [35mreq[39m: {
      "id": 106,
      "method": "GET",
      "url": "/api/v1/notifications/unread-count",
      "query": {},
      "params": {
        "path": [
          "notifications",
          "unread-count"
        ]
      },
      "headers": {
        "host": "localhost:5000",
        "connection": "keep-alive",
        "sec-ch-ua-platform": "\"Windows\"",
        "authorization": "[Redacted]",
        "user-agent": "Mozilla/5.0 (Windows NT 10.0; Win64; x64) AppleWebKit/537.36 (KHTML, like Gecko) Code/1.122.1 Chrome/142.0.7444.265 Electron/39.8.8 Safari/537.36",
        "sec-ch-ua": "\"Not_A Brand\";v=\"99\", \"Chromium\";v=\"142\"",
        "sec-ch-ua-mobile": "?0",
        "accept": "*/*",
        "origin": "http://localhost:3000",
        "sec-fetch-site": "same-site",
        "sec-fetch-mode": "cors",
        "sec-fetch-dest": "empty",
        "referer": "http://localhost:3000/",
        "accept-encoding": "gzip, deflate, br, zstd",
        "accept-language": "en-US",
        "if-none-match": "W/\"23-WgR9+nUlfRzXMzFiBE7oaznpWzo\""
      },
      "remoteAddress": "::1",
      "remotePort": 64391
    }
    [35mres[39m: {
      "statusCode": 401,
      "headers": {
        "x-powered-by": "Express",
        "access-control-allow-origin": "http://localhost:3000",
        "vary": "Origin",
        "access-control-allow-credentials": "true",
        "x-request-id": "673c1548-1525-46d3-b156-3523b6224ee0",
        "x-content-type-options": "nosniff",
        "x-frame-options": "DENY",
        "x-xss-protection": "1; mode=block",
        "strict-transport-security": "max-age=31536000; includeSubDomains",
        "referrer-policy": "strict-origin-when-cross-origin",
        "permissions-policy": "camera=(), microphone=(), geolocation=()",
        "content-type": "application/json; charset=utf-8",
        "content-length": "43",
        "etag": "W/\"2b-dGnJzt6gv1nJjX6DJ9RztDWptng\""
      }
    }
    [35mresponseTime[39m: 7
[17:20:12.386] [32mINFO[39m (16336): [36mrequest completed[39m
    [35mreq[39m: {
      "id": 107,
      "method": "GET",
      "url": "/api/v1/platform/hotels?page=1&limit=15&plan=all&sortBy=name-asc",
      "query": {
        "page": "1",
        "limit": "15",
        "plan": "all",
        "sortBy": "name-asc"
      },
      "params": {
        "path": [
          "platform",
          "hotels"
        ]
      },
      "headers": {
        "host": "localhost:5000",
        "connection": "keep-alive",
        "sec-ch-ua-platform": "\"Windows\"",
        "authorization": "[Redacted]",
        "user-agent": "Mozilla/5.0 (Windows NT 10.0; Win64; x64) AppleWebKit/537.36 (KHTML, like Gecko) Code/1.122.1 Chrome/142.0.7444.265 Electron/39.8.8 Safari/537.36",
        "sec-ch-ua": "\"Not_A Brand\";v=\"99\", \"Chromium\";v=\"142\"",
        "sec-ch-ua-mobile": "?0",
        "accept": "*/*",
        "origin": "http://localhost:3000",
        "sec-fetch-site": "same-site",
        "sec-fetch-mode": "cors",
        "sec-fetch-dest": "empty",
        "referer": "http://localhost:3000/",
        "accept-encoding": "gzip, deflate, br, zstd",
        "accept-language": "en-US",
        "if-none-match": "W/\"3b7-Sg6tiMNXL1xrmCzXwvYAdIXFpWA\""
      },
      "remoteAddress": "::1",
      "remotePort": 64391
    }
    [35mres[39m: {
      "statusCode": 401,
      "headers": {
        "x-powered-by": "Express",
        "access-control-allow-origin": "http://localhost:3000",
        "vary": "Origin",
        "access-control-allow-credentials": "true",
        "x-request-id": "f5460e1a-e960-452c-ace1-aeeda28c503d",
        "x-content-type-options": "nosniff",
        "x-frame-options": "DENY",
        "x-xss-protection": "1; mode=block",
        "strict-transport-security": "max-age=31536000; includeSubDomains",
        "referrer-policy": "strict-origin-when-cross-origin",
        "permissions-policy": "camera=(), microphone=(), geolocation=()",
        "content-type": "application/json; charset=utf-8",
        "content-length": "43",
        "etag": "W/\"2b-dGnJzt6gv1nJjX6DJ9RztDWptng\""
      }
    }
    [35mresponseTime[39m: 3
[17:20:13.521] [32mINFO[39m (16336): [36mrequest completed[39m
    [35mreq[39m: {
      "id": 108,
      "method": "GET",
      "url": "/api/v1/platform/hotels?page=1&limit=15&plan=all&sortBy=name-asc",
      "query": {
        "page": "1",
        "limit": "15",
        "plan": "all",
        "sortBy": "name-asc"
      },
      "params": {
        "path": [
          "platform",
          "hotels"
        ]
      },
      "headers": {
        "host": "localhost:5000",
        "connection": "keep-alive",
        "sec-ch-ua-platform": "\"Windows\"",
        "authorization": "[Redacted]",
        "user-agent": "Mozilla/5.0 (Windows NT 10.0; Win64; x64) AppleWebKit/537.36 (KHTML, like Gecko) Code/1.122.1 Chrome/142.0.7444.265 Electron/39.8.8 Safari/537.36",
        "sec-ch-ua": "\"Not_A Brand\";v=\"99\", \"Chromium\";v=\"142\"",
        "sec-ch-ua-mobile": "?0",
        "accept": "*/*",
        "origin": "http://localhost:3000",
        "sec-fetch-site": "same-site",
        "sec-fetch-mode": "cors",
        "sec-fetch-dest": "empty",
        "referer": "http://localhost:3000/",
        "accept-encoding": "gzip, deflate, br, zstd",
        "accept-language": "en-US",
        "if-none-match": "W/\"3b7-Sg6tiMNXL1xrmCzXwvYAdIXFpWA\""
      },
      "remoteAddress": "::1",
      "remotePort": 64391
    }
    [35mres[39m: {
      "statusCode": 401,
      "headers": {
        "x-powered-by": "Express",
        "access-control-allow-origin": "http://localhost:3000",
        "vary": "Origin",
        "access-control-allow-credentials": "true",
        "x-request-id": "9640edf0-fedd-431b-8100-8728762f599a",
        "x-content-type-options": "nosniff",
        "x-frame-options": "DENY",
        "x-xss-protection": "1; mode=block",
        "strict-transport-security": "max-age=31536000; includeSubDomains",
        "referrer-policy": "strict-origin-when-cross-origin",
        "permissions-policy": "camera=(), microphone=(), geolocation=()",
        "content-type": "application/json; charset=utf-8",
        "content-length": "43",
        "etag": "W/\"2b-dGnJzt6gv1nJjX6DJ9RztDWptng\""
      }
    }
    [35mresponseTime[39m: 7
[17:20:15.566] [32mINFO[39m (16336): [36mrequest completed[39m
    [35mreq[39m: {
      "id": 109,
      "method": "GET",
      "url": "/api/v1/platform/hotels?page=1&limit=15&plan=all&sortBy=name-asc",
      "query": {
        "page": "1",
        "limit": "15",
        "plan": "all",
        "sortBy": "name-asc"
      },
      "params": {
        "path": [
          "platform",
          "hotels"
        ]
      },
      "headers": {
        "host": "localhost:5000",
        "connection": "keep-alive",
        "sec-ch-ua-platform": "\"Windows\"",
        "authorization": "[Redacted]",
        "user-agent": "Mozilla/5.0 (Windows NT 10.0; Win64; x64) AppleWebKit/537.36 (KHTML, like Gecko) Code/1.122.1 Chrome/142.0.7444.265 Electron/39.8.8 Safari/537.36",
        "sec-ch-ua": "\"Not_A Brand\";v=\"99\", \"Chromium\";v=\"142\"",
        "sec-ch-ua-mobile": "?0",
        "accept": "*/*",
        "origin": "http://localhost:3000",
        "sec-fetch-site": "same-site",
        "sec-fetch-mode": "cors",
        "sec-fetch-dest": "empty",
        "referer": "http://localhost:3000/",
        "accept-encoding": "gzip, deflate, br, zstd",
        "accept-language": "en-US",
        "if-none-match": "W/\"3b7-Sg6tiMNXL1xrmCzXwvYAdIXFpWA\""
      },
      "remoteAddress": "::1",
      "remotePort": 64391
    }
    [35mres[39m: {
      "statusCode": 401,
      "headers": {
        "x-powered-by": "Express",
        "access-control-allow-origin": "http://localhost:3000",
        "vary": "Origin",
        "access-control-allow-credentials": "true",
        "x-request-id": "fefcc680-6808-41f3-ad04-214c647e160d",
        "x-content-type-options": "nosniff",
        "x-frame-options": "DENY",
        "x-xss-protection": "1; mode=block",
        "strict-transport-security": "max-age=31536000; includeSubDomains",
        "referrer-policy": "strict-origin-when-cross-origin",
        "permissions-policy": "camera=(), microphone=(), geolocation=()",
        "content-type": "application/json; charset=utf-8",
        "content-length": "43",
        "etag": "W/\"2b-dGnJzt6gv1nJjX6DJ9RztDWptng\""
      }
    }
    [35mresponseTime[39m: 3
[17:20:19.642] [32mINFO[39m (16336): [36mrequest completed[39m
    [35mreq[39m: {
      "id": 110,
      "method": "GET",
      "url": "/api/v1/platform/hotels?page=1&limit=15&plan=all&sortBy=name-asc",
      "query": {
        "page": "1",
        "limit": "15",
        "plan": "all",
        "sortBy": "name-asc"
      },
      "params": {
        "path": [
          "platform",
          "hotels"
        ]
      },
      "headers": {
        "host": "localhost:5000",
        "connection": "keep-alive",
        "sec-ch-ua-platform": "\"Windows\"",
        "authorization": "[Redacted]",
        "user-agent": "Mozilla/5.0 (Windows NT 10.0; Win64; x64) AppleWebKit/537.36 (KHTML, like Gecko) Code/1.122.1 Chrome/142.0.7444.265 Electron/39.8.8 Safari/537.36",
        "sec-ch-ua": "\"Not_A Brand\";v=\"99\", \"Chromium\";v=\"142\"",
        "sec-ch-ua-mobile": "?0",
        "accept": "*/*",
        "origin": "http://localhost:3000",
        "sec-fetch-site": "same-site",
        "sec-fetch-mode": "cors",
        "sec-fetch-dest": "empty",
        "referer": "http://localhost:3000/",
        "accept-encoding": "gzip, deflate, br, zstd",
        "accept-language": "en-US",
        "if-none-match": "W/\"3b7-Sg6tiMNXL1xrmCzXwvYAdIXFpWA\""
      },
      "remoteAddress": "::1",
      "remotePort": 64391
    }
    [35mres[39m: {
      "statusCode": 401,
      "headers": {
        "x-powered-by": "Express",
        "access-control-allow-origin": "http://localhost:3000",
        "vary": "Origin",
        "access-control-allow-credentials": "true",
        "x-request-id": "2546cd1e-aeba-414b-9390-1840f5f22701",
        "x-content-type-options": "nosniff",
        "x-frame-options": "DENY",
        "x-xss-protection": "1; mode=block",
        "strict-transport-security": "max-age=31536000; includeSubDomains",
        "referrer-policy": "strict-origin-when-cross-origin",
        "permissions-policy": "camera=(), microphone=(), geolocation=()",
        "content-type": "application/json; charset=utf-8",
        "content-length": "43",
        "etag": "W/\"2b-dGnJzt6gv1nJjX6DJ9RztDWptng\""
      }
    }
    [35mresponseTime[39m: 1
[17:20:34.669] [32mINFO[39m (16336): [36mrequest completed[39m
    [35mreq[39m: {
      "id": 111,
      "method": "GET",
      "url": "/api/v1/platform/hotels?page=1&limit=15&plan=all&sortBy=name-asc",
      "query": {
        "page": "1",
        "limit": "15",
        "plan": "all",
        "sortBy": "name-asc"
      },
      "params": {
        "path": [
          "platform",
          "hotels"
        ]
      },
      "headers": {
        "host": "localhost:5000",
        "connection": "keep-alive",
        "sec-ch-ua-platform": "\"Windows\"",
        "authorization": "[Redacted]",
        "user-agent": "Mozilla/5.0 (Windows NT 10.0; Win64; x64) AppleWebKit/537.36 (KHTML, like Gecko) Code/1.122.1 Chrome/142.0.7444.265 Electron/39.8.8 Safari/537.36",
        "sec-ch-ua": "\"Not_A Brand\";v=\"99\", \"Chromium\";v=\"142\"",
        "sec-ch-ua-mobile": "?0",
        "accept": "*/*",
        "origin": "http://localhost:3000",
        "sec-fetch-site": "same-site",
        "sec-fetch-mode": "cors",
        "sec-fetch-dest": "empty",
        "referer": "http://localhost:3000/",
        "accept-encoding": "gzip, deflate, br, zstd",
        "accept-language": "en-US",
        "if-none-match": "W/\"3b7-Sg6tiMNXL1xrmCzXwvYAdIXFpWA\""
      },
      "remoteAddress": "::1",
      "remotePort": 64428
    }
    [35mres[39m: {
      "statusCode": 401,
      "headers": {
        "x-powered-by": "Express",
        "access-control-allow-origin": "http://localhost:3000",
        "vary": "Origin",
        "access-control-allow-credentials": "true",
        "x-request-id": "4c75c1c4-c81f-4d87-95d3-d0cdd79ce7f7",
        "x-content-type-options": "nosniff",
        "x-frame-options": "DENY",
        "x-xss-protection": "1; mode=block",
        "strict-transport-security": "max-age=31536000; includeSubDomains",
        "referrer-policy": "strict-origin-when-cross-origin",
        "permissions-policy": "camera=(), microphone=(), geolocation=()",
        "content-type": "application/json; charset=utf-8",
        "content-length": "43",
        "etag": "W/\"2b-dGnJzt6gv1nJjX6DJ9RztDWptng\""
      }
    }
    [35mresponseTime[39m: 6
[17:20:35.809] [32mINFO[39m (16336): [36mrequest completed[39m
    [35mreq[39m: {
      "id": 112,
      "method": "GET",
      "url": "/api/v1/platform/hotels?page=1&limit=15&plan=all&sortBy=name-asc",
      "query": {
        "page": "1",
        "limit": "15",
        "plan": "all",
        "sortBy": "name-asc"
      },
      "params": {
        "path": [
          "platform",
          "hotels"
        ]
      },
      "headers": {
        "host": "localhost:5000",
        "connection": "keep-alive",
        "sec-ch-ua-platform": "\"Windows\"",
        "authorization": "[Redacted]",
        "user-agent": "Mozilla/5.0 (Windows NT 10.0; Win64; x64) AppleWebKit/537.36 (KHTML, like Gecko) Code/1.122.1 Chrome/142.0.7444.265 Electron/39.8.8 Safari/537.36",
        "sec-ch-ua": "\"Not_A Brand\";v=\"99\", \"Chromium\";v=\"142\"",
        "sec-ch-ua-mobile": "?0",
        "accept": "*/*",
        "origin": "http://localhost:3000",
        "sec-fetch-site": "same-site",
        "sec-fetch-mode": "cors",
        "sec-fetch-dest": "empty",
        "referer": "http://localhost:3000/",
        "accept-encoding": "gzip, deflate, br, zstd",
        "accept-language": "en-US",
        "if-none-match": "W/\"3b7-Sg6tiMNXL1xrmCzXwvYAdIXFpWA\""
      },
      "remoteAddress": "::1",
      "remotePort": 64428
    }
    [35mres[39m: {
      "statusCode": 401,
      "headers": {
        "x-powered-by": "Express",
        "access-control-allow-origin": "http://localhost:3000",
        "vary": "Origin",
        "access-control-allow-credentials": "true",
        "x-request-id": "5da4b86d-ad06-450e-aa76-af39672df198",
        "x-content-type-options": "nosniff",
        "x-frame-options": "DENY",
        "x-xss-protection": "1; mode=block",
        "strict-transport-security": "max-age=31536000; includeSubDomains",
        "referrer-policy": "strict-origin-when-cross-origin",
        "permissions-policy": "camera=(), microphone=(), geolocation=()",
        "content-type": "application/json; charset=utf-8",
        "content-length": "43",
        "etag": "W/\"2b-dGnJzt6gv1nJjX6DJ9RztDWptng\""
      }
    }
    [35mresponseTime[39m: 5
[17:20:36.422] [32mINFO[39m (16336): [36mrequest completed[39m
    [35mreq[39m: {
      "id": 113,
      "method": "GET",
      "url": "/api/v1/notifications/unread-count",
      "query": {},
      "params": {
        "path": [
          "notifications",
          "unread-count"
        ]
      },
      "headers": {
        "host": "localhost:5000",
        "connection": "keep-alive",
        "sec-ch-ua-platform": "\"Windows\"",
        "authorization": "[Redacted]",
        "user-agent": "Mozilla/5.0 (Windows NT 10.0; Win64; x64) AppleWebKit/537.36 (KHTML, like Gecko) Code/1.122.1 Chrome/142.0.7444.265 Electron/39.8.8 Safari/537.36",
        "sec-ch-ua": "\"Not_A Brand\";v=\"99\", \"Chromium\";v=\"142\"",
        "sec-ch-ua-mobile": "?0",
        "accept": "*/*",
        "origin": "http://localhost:3000",
        "sec-fetch-site": "same-site",
        "sec-fetch-mode": "cors",
        "sec-fetch-dest": "empty",
        "referer": "http://localhost:3000/",
        "accept-encoding": "gzip, deflate, br, zstd",
        "accept-language": "en-US",
        "if-none-match": "W/\"23-WgR9+nUlfRzXMzFiBE7oaznpWzo\""
      },
      "remoteAddress": "::1",
      "remotePort": 64428
    }
    [35mres[39m: {
      "statusCode": 401,
      "headers": {
        "x-powered-by": "Express",
        "access-control-allow-origin": "http://localhost:3000",
        "vary": "Origin",
        "access-control-allow-credentials": "true",
        "x-request-id": "a954a49e-c539-464d-b429-549fcfc4b3fc",
        "x-content-type-options": "nosniff",
        "x-frame-options": "DENY",
        "x-xss-protection": "1; mode=block",
        "strict-transport-security": "max-age=31536000; includeSubDomains",
        "referrer-policy": "strict-origin-when-cross-origin",
        "permissions-policy": "camera=(), microphone=(), geolocation=()",
        "content-type": "application/json; charset=utf-8",
        "content-length": "43",
        "etag": "W/\"2b-dGnJzt6gv1nJjX6DJ9RztDWptng\""
      }
    }
    [35mresponseTime[39m: 3
[17:20:37.829] [32mINFO[39m (16336): [36mrequest completed[39m
    [35mreq[39m: {
      "id": 114,
      "method": "GET",
      "url": "/api/v1/platform/hotels?page=1&limit=15&plan=all&sortBy=name-asc",
      "query": {
        "page": "1",
        "limit": "15",
        "plan": "all",
        "sortBy": "name-asc"
      },
      "params": {
        "path": [
          "platform",
          "hotels"
        ]
      },
      "headers": {
        "host": "localhost:5000",
        "connection": "keep-alive",
        "sec-ch-ua-platform": "\"Windows\"",
        "authorization": "[Redacted]",
        "user-agent": "Mozilla/5.0 (Windows NT 10.0; Win64; x64) AppleWebKit/537.36 (KHTML, like Gecko) Code/1.122.1 Chrome/142.0.7444.265 Electron/39.8.8 Safari/537.36",
        "sec-ch-ua": "\"Not_A Brand\";v=\"99\", \"Chromium\";v=\"142\"",
        "sec-ch-ua-mobile": "?0",
        "accept": "*/*",
        "origin": "http://localhost:3000",
        "sec-fetch-site": "same-site",
        "sec-fetch-mode": "cors",
        "sec-fetch-dest": "empty",
        "referer": "http://localhost:3000/",
        "accept-encoding": "gzip, deflate, br, zstd",
        "accept-language": "en-US",
        "if-none-match": "W/\"3b7-Sg6tiMNXL1xrmCzXwvYAdIXFpWA\""
      },
      "remoteAddress": "::1",
      "remotePort": 64428
    }
    [35mres[39m: {
      "statusCode": 401,
      "headers": {
        "x-powered-by": "Express",
        "access-control-allow-origin": "http://localhost:3000",
        "vary": "Origin",
        "access-control-allow-credentials": "true",
        "x-request-id": "070c1161-9a9f-471e-b61f-731ab9845d44",
        "x-content-type-options": "nosniff",
        "x-frame-options": "DENY",
        "x-xss-protection": "1; mode=block",
        "strict-transport-security": "max-age=31536000; includeSubDomains",
        "referrer-policy": "strict-origin-when-cross-origin",
        "permissions-policy": "camera=(), microphone=(), geolocation=()",
        "content-type": "application/json; charset=utf-8",
        "content-length": "43",
        "etag": "W/\"2b-dGnJzt6gv1nJjX6DJ9RztDWptng\""
      }
    }
    [35mresponseTime[39m: 5
[17:20:41.853] [32mINFO[39m (16336): [36mrequest completed[39m
    [35mreq[39m: {
      "id": 115,
      "method": "GET",
      "url": "/api/v1/platform/hotels?page=1&limit=15&plan=all&sortBy=name-asc",
      "query": {
        "page": "1",
        "limit": "15",
        "plan": "all",
        "sortBy": "name-asc"
      },
      "params": {
        "path": [
          "platform",
          "hotels"
        ]
      },
      "headers": {
        "host": "localhost:5000",
        "connection": "keep-alive",
        "sec-ch-ua-platform": "\"Windows\"",
        "authorization": "[Redacted]",
        "user-agent": "Mozilla/5.0 (Windows NT 10.0; Win64; x64) AppleWebKit/537.36 (KHTML, like Gecko) Code/1.122.1 Chrome/142.0.7444.265 Electron/39.8.8 Safari/537.36",
        "sec-ch-ua": "\"Not_A Brand\";v=\"99\", \"Chromium\";v=\"142\"",
        "sec-ch-ua-mobile": "?0",
        "accept": "*/*",
        "origin": "http://localhost:3000",
        "sec-fetch-site": "same-site",
        "sec-fetch-mode": "cors",
        "sec-fetch-dest": "empty",
        "referer": "http://localhost:3000/",
        "accept-encoding": "gzip, deflate, br, zstd",
        "accept-language": "en-US",
        "if-none-match": "W/\"3b7-Sg6tiMNXL1xrmCzXwvYAdIXFpWA\""
      },
      "remoteAddress": "::1",
      "remotePort": 64428
    }
    [35mres[39m: {
      "statusCode": 401,
      "headers": {
        "x-powered-by": "Express",
        "access-control-allow-origin": "http://localhost:3000",
        "vary": "Origin",
        "access-control-allow-credentials": "true",
        "x-request-id": "4610a1f9-8490-46ab-bcb1-05807e4e3179",
        "x-content-type-options": "nosniff",
        "x-frame-options": "DENY",
        "x-xss-protection": "1; mode=block",
        "strict-transport-security": "max-age=31536000; includeSubDomains",
        "referrer-policy": "strict-origin-when-cross-origin",
        "permissions-policy": "camera=(), microphone=(), geolocation=()",
        "content-type": "application/json; charset=utf-8",
        "content-length": "43",
        "etag": "W/\"2b-dGnJzt6gv1nJjX6DJ9RztDWptng\""
      }
    }
    [35mresponseTime[39m: 4
[17:20:56.882] [32mINFO[39m (16336): [36mrequest completed[39m
    [35mreq[39m: {
      "id": 116,
      "method": "GET",
      "url": "/api/v1/platform/hotels?page=1&limit=15&plan=all&sortBy=name-asc",
      "query": {
        "page": "1",
        "limit": "15",
        "plan": "all",
        "sortBy": "name-asc"
      },
      "params": {
        "path": [
          "platform",
          "hotels"
        ]
      },
      "headers": {
        "host": "localhost:5000",
        "connection": "keep-alive",
        "sec-ch-ua-platform": "\"Windows\"",
        "authorization": "[Redacted]",
        "user-agent": "Mozilla/5.0 (Windows NT 10.0; Win64; x64) AppleWebKit/537.36 (KHTML, like Gecko) Code/1.122.1 Chrome/142.0.7444.265 Electron/39.8.8 Safari/537.36",
        "sec-ch-ua": "\"Not_A Brand\";v=\"99\", \"Chromium\";v=\"142\"",
        "sec-ch-ua-mobile": "?0",
        "accept": "*/*",
        "origin": "http://localhost:3000",
        "sec-fetch-site": "same-site",
        "sec-fetch-mode": "cors",
        "sec-fetch-dest": "empty",
        "referer": "http://localhost:3000/",
        "accept-encoding": "gzip, deflate, br, zstd",
        "accept-language": "en-US",
        "if-none-match": "W/\"3b7-Sg6tiMNXL1xrmCzXwvYAdIXFpWA\""
      },
      "remoteAddress": "::1",
      "remotePort": 64462
    }
    [35mres[39m: {
      "statusCode": 401,
      "headers": {
        "x-powered-by": "Express",
        "access-control-allow-origin": "http://localhost:3000",
        "vary": "Origin",
        "access-control-allow-credentials": "true",
        "x-request-id": "701175d4-1a91-47ac-ab17-88a56955cc89",
        "x-content-type-options": "nosniff",
        "x-frame-options": "DENY",
        "x-xss-protection": "1; mode=block",
        "strict-transport-security": "max-age=31536000; includeSubDomains",
        "referrer-policy": "strict-origin-when-cross-origin",
        "permissions-policy": "camera=(), microphone=(), geolocation=()",
        "content-type": "application/json; charset=utf-8",
        "content-length": "43",
        "etag": "W/\"2b-dGnJzt6gv1nJjX6DJ9RztDWptng\""
      }
    }
    [35mresponseTime[39m: 4
[17:20:57.948] [32mINFO[39m (16336): [36mrequest completed[39m
    [35mreq[39m: {
      "id": 117,
      "method": "GET",
      "url": "/api/v1/platform/hotels?page=1&limit=15&plan=all&sortBy=name-asc",
      "query": {
        "page": "1",
        "limit": "15",
        "plan": "all",
        "sortBy": "name-asc"
      },
      "params": {
        "path": [
          "platform",
          "hotels"
        ]
      },
      "headers": {
        "host": "localhost:5000",
        "connection": "keep-alive",
        "sec-ch-ua-platform": "\"Windows\"",
        "authorization": "[Redacted]",
        "user-agent": "Mozilla/5.0 (Windows NT 10.0; Win64; x64) AppleWebKit/537.36 (KHTML, like Gecko) Code/1.122.1 Chrome/142.0.7444.265 Electron/39.8.8 Safari/537.36",
        "sec-ch-ua": "\"Not_A Brand\";v=\"99\", \"Chromium\";v=\"142\"",
        "sec-ch-ua-mobile": "?0",
        "accept": "*/*",
        "origin": "http://localhost:3000",
        "sec-fetch-site": "same-site",
        "sec-fetch-mode": "cors",
        "sec-fetch-dest": "empty",
        "referer": "http://localhost:3000/",
        "accept-encoding": "gzip, deflate, br, zstd",
        "accept-language": "en-US",
        "if-none-match": "W/\"3b7-Sg6tiMNXL1xrmCzXwvYAdIXFpWA\""
      },
      "remoteAddress": "::1",
      "remotePort": 64462
    }
    [35mres[39m: {
      "statusCode": 401,
      "headers": {
        "x-powered-by": "Express",
        "access-control-allow-origin": "http://localhost:3000",
        "vary": "Origin",
        "access-control-allow-credentials": "true",
        "x-request-id": "6015ec7d-5cb0-4c0d-bcb9-bf6456d781f3",
        "x-content-type-options": "nosniff",
        "x-frame-options": "DENY",
        "x-xss-protection": "1; mode=block",
        "strict-transport-security": "max-age=31536000; includeSubDomains",
        "referrer-policy": "strict-origin-when-cross-origin",
        "permissions-policy": "camera=(), microphone=(), geolocation=()",
        "content-type": "application/json; charset=utf-8",
        "content-length": "43",
        "etag": "W/\"2b-dGnJzt6gv1nJjX6DJ9RztDWptng\""
      }
    }
    [35mresponseTime[39m: 5
[17:20:59.990] [32mINFO[39m (16336): [36mrequest completed[39m
    [35mreq[39m: {
      "id": 118,
      "method": "GET",
      "url": "/api/v1/platform/hotels?page=1&limit=15&plan=all&sortBy=name-asc",
      "query": {
        "page": "1",
        "limit": "15",
        "plan": "all",
        "sortBy": "name-asc"
      },
      "params": {
        "path": [
          "platform",
          "hotels"
        ]
      },
      "headers": {
        "host": "localhost:5000",
        "connection": "keep-alive",
        "sec-ch-ua-platform": "\"Windows\"",
        "authorization": "[Redacted]",
        "user-agent": "Mozilla/5.0 (Windows NT 10.0; Win64; x64) AppleWebKit/537.36 (KHTML, like Gecko) Code/1.122.1 Chrome/142.0.7444.265 Electron/39.8.8 Safari/537.36",
        "sec-ch-ua": "\"Not_A Brand\";v=\"99\", \"Chromium\";v=\"142\"",
        "sec-ch-ua-mobile": "?0",
        "accept": "*/*",
        "origin": "http://localhost:3000",
        "sec-fetch-site": "same-site",
        "sec-fetch-mode": "cors",
        "sec-fetch-dest": "empty",
        "referer": "http://localhost:3000/",
        "accept-encoding": "gzip, deflate, br, zstd",
        "accept-language": "en-US",
        "if-none-match": "W/\"3b7-Sg6tiMNXL1xrmCzXwvYAdIXFpWA\""
      },
      "remoteAddress": "::1",
      "remotePort": 64462
    }
    [35mres[39m: {
      "statusCode": 401,
      "headers": {
        "x-powered-by": "Express",
        "access-control-allow-origin": "http://localhost:3000",
        "vary": "Origin",
        "access-control-allow-credentials": "true",
        "x-request-id": "a88adb30-9363-437c-94e2-33421d4a0fb4",
        "x-content-type-options": "nosniff",
        "x-frame-options": "DENY",
        "x-xss-protection": "1; mode=block",
        "strict-transport-security": "max-age=31536000; includeSubDomains",
        "referrer-policy": "strict-origin-when-cross-origin",
        "permissions-policy": "camera=(), microphone=(), geolocation=()",
        "content-type": "application/json; charset=utf-8",
        "content-length": "43",
        "etag": "W/\"2b-dGnJzt6gv1nJjX6DJ9RztDWptng\""
      }
    }
    [35mresponseTime[39m: 3
[17:21:04.022] [32mINFO[39m (16336): [36mrequest completed[39m
    [35mreq[39m: {
      "id": 119,
      "method": "GET",
      "url": "/api/v1/platform/hotels?page=1&limit=15&plan=all&sortBy=name-asc",
      "query": {
        "page": "1",
        "limit": "15",
        "plan": "all",
        "sortBy": "name-asc"
      },
      "params": {
        "path": [
          "platform",
          "hotels"
        ]
      },
      "headers": {
        "host": "localhost:5000",
        "connection": "keep-alive",
        "sec-ch-ua-platform": "\"Windows\"",
        "authorization": "[Redacted]",
        "user-agent": "Mozilla/5.0 (Windows NT 10.0; Win64; x64) AppleWebKit/537.36 (KHTML, like Gecko) Code/1.122.1 Chrome/142.0.7444.265 Electron/39.8.8 Safari/537.36",
        "sec-ch-ua": "\"Not_A Brand\";v=\"99\", \"Chromium\";v=\"142\"",
        "sec-ch-ua-mobile": "?0",
        "accept": "*/*",
        "origin": "http://localhost:3000",
        "sec-fetch-site": "same-site",
        "sec-fetch-mode": "cors",
        "sec-fetch-dest": "empty",
        "referer": "http://localhost:3000/",
        "accept-encoding": "gzip, deflate, br, zstd",
        "accept-language": "en-US",
        "if-none-match": "W/\"3b7-Sg6tiMNXL1xrmCzXwvYAdIXFpWA\""
      },
      "remoteAddress": "::1",
      "remotePort": 64462
    }
    [35mres[39m: {
      "statusCode": 401,
      "headers": {
        "x-powered-by": "Express",
        "access-control-allow-origin": "http://localhost:3000",
        "vary": "Origin",
        "access-control-allow-credentials": "true",
        "x-request-id": "270ca7a0-1405-41bd-8ba6-46986f21b7ea",
        "x-content-type-options": "nosniff",
        "x-frame-options": "DENY",
        "x-xss-protection": "1; mode=block",
        "strict-transport-security": "max-age=31536000; includeSubDomains",
        "referrer-policy": "strict-origin-when-cross-origin",
        "permissions-policy": "camera=(), microphone=(), geolocation=()",
        "content-type": "application/json; charset=utf-8",
        "content-length": "43",
        "etag": "W/\"2b-dGnJzt6gv1nJjX6DJ9RztDWptng\""
      }
    }
    [35mresponseTime[39m: 4
[17:21:06.414] [32mINFO[39m (16336): [36mrequest completed[39m
    [35mreq[39m: {
      "id": 120,
      "method": "GET",
      "url": "/api/v1/notifications/unread-count",
      "query": {},
      "params": {
        "path": [
          "notifications",
          "unread-count"
        ]
      },
      "headers": {
        "host": "localhost:5000",
        "connection": "keep-alive",
        "sec-ch-ua-platform": "\"Windows\"",
        "authorization": "[Redacted]",
        "user-agent": "Mozilla/5.0 (Windows NT 10.0; Win64; x64) AppleWebKit/537.36 (KHTML, like Gecko) Code/1.122.1 Chrome/142.0.7444.265 Electron/39.8.8 Safari/537.36",
        "sec-ch-ua": "\"Not_A Brand\";v=\"99\", \"Chromium\";v=\"142\"",
        "sec-ch-ua-mobile": "?0",
        "accept": "*/*",
        "origin": "http://localhost:3000",
        "sec-fetch-site": "same-site",
        "sec-fetch-mode": "cors",
        "sec-fetch-dest": "empty",
        "referer": "http://localhost:3000/",
        "accept-encoding": "gzip, deflate, br, zstd",
        "accept-language": "en-US",
        "if-none-match": "W/\"23-WgR9+nUlfRzXMzFiBE7oaznpWzo\""
      },
      "remoteAddress": "::1",
      "remotePort": 64462
    }
    [35mres[39m: {
      "statusCode": 401,
      "headers": {
        "x-powered-by": "Express",
        "access-control-allow-origin": "http://localhost:3000",
        "vary": "Origin",
        "access-control-allow-credentials": "true",
        "x-request-id": "2860fabb-61e0-4ba2-a2b1-3bc108d10412",
        "x-content-type-options": "nosniff",
        "x-frame-options": "DENY",
        "x-xss-protection": "1; mode=block",
        "strict-transport-security": "max-age=31536000; includeSubDomains",
        "referrer-policy": "strict-origin-when-cross-origin",
        "permissions-policy": "camera=(), microphone=(), geolocation=()",
        "content-type": "application/json; charset=utf-8",
        "content-length": "43",
        "etag": "W/\"2b-dGnJzt6gv1nJjX6DJ9RztDWptng\""
      }
    }
    [35mresponseTime[39m: 3
[17:21:19.153] [32mINFO[39m (16336): [36mrequest completed[39m
    [35mreq[39m: {
      "id": 121,
      "method": "GET",
      "url": "/api/v1/platform/hotels?page=1&limit=15&plan=all&sortBy=name-asc",
      "query": {
        "page": "1",
        "limit": "15",
        "plan": "all",
        "sortBy": "name-asc"
      },
      "params": {
        "path": [
          "platform",
          "hotels"
        ]
      },
      "headers": {
        "host": "localhost:5000",
        "connection": "keep-alive",
        "sec-ch-ua-platform": "\"Windows\"",
        "authorization": "[Redacted]",
        "user-agent": "Mozilla/5.0 (Windows NT 10.0; Win64; x64) AppleWebKit/537.36 (KHTML, like Gecko) Code/1.122.1 Chrome/142.0.7444.265 Electron/39.8.8 Safari/537.36",
        "sec-ch-ua": "\"Not_A Brand\";v=\"99\", \"Chromium\";v=\"142\"",
        "sec-ch-ua-mobile": "?0",
        "accept": "*/*",
        "origin": "http://localhost:3000",
        "sec-fetch-site": "same-site",
        "sec-fetch-mode": "cors",
        "sec-fetch-dest": "empty",
        "referer": "http://localhost:3000/",
        "accept-encoding": "gzip, deflate, br, zstd",
        "accept-language": "en-US",
        "if-none-match": "W/\"3b7-Sg6tiMNXL1xrmCzXwvYAdIXFpWA\""
      },
      "remoteAddress": "::1",
      "remotePort": 64490
    }
    [35mres[39m: {
      "statusCode": 401,
      "headers": {
        "x-powered-by": "Express",
        "access-control-allow-origin": "http://localhost:3000",
        "vary": "Origin",
        "access-control-allow-credentials": "true",
        "x-request-id": "aa73a753-c7ed-49a9-aaf5-c4d766bf15ec",
        "x-content-type-options": "nosniff",
        "x-frame-options": "DENY",
        "x-xss-protection": "1; mode=block",
        "strict-transport-security": "max-age=31536000; includeSubDomains",
        "referrer-policy": "strict-origin-when-cross-origin",
        "permissions-policy": "camera=(), microphone=(), geolocation=()",
        "content-type": "application/json; charset=utf-8",
        "content-length": "43",
        "etag": "W/\"2b-dGnJzt6gv1nJjX6DJ9RztDWptng\""
      }
    }
    [35mresponseTime[39m: 3
[17:21:20.169] [32mINFO[39m (16336): [36mrequest completed[39m
    [35mreq[39m: {
      "id": 122,
      "method": "GET",
      "url": "/api/v1/platform/hotels?page=1&limit=15&plan=all&sortBy=name-asc",
      "query": {
        "page": "1",
        "limit": "15",
        "plan": "all",
        "sortBy": "name-asc"
      },
      "params": {
        "path": [
          "platform",
          "hotels"
        ]
      },
      "headers": {
        "host": "localhost:5000",
        "connection": "keep-alive",
        "sec-ch-ua-platform": "\"Windows\"",
        "authorization": "[Redacted]",
        "user-agent": "Mozilla/5.0 (Windows NT 10.0; Win64; x64) AppleWebKit/537.36 (KHTML, like Gecko) Code/1.122.1 Chrome/142.0.7444.265 Electron/39.8.8 Safari/537.36",
        "sec-ch-ua": "\"Not_A Brand\";v=\"99\", \"Chromium\";v=\"142\"",
        "sec-ch-ua-mobile": "?0",
        "accept": "*/*",
        "origin": "http://localhost:3000",
        "sec-fetch-site": "same-site",
        "sec-fetch-mode": "cors",
        "sec-fetch-dest": "empty",
        "referer": "http://localhost:3000/",
        "accept-encoding": "gzip, deflate, br, zstd",
        "accept-language": "en-US",
        "if-none-match": "W/\"3b7-Sg6tiMNXL1xrmCzXwvYAdIXFpWA\""
      },
      "remoteAddress": "::1",
      "remotePort": 64490
    }
    [35mres[39m: {
      "statusCode": 401,
      "headers": {
        "x-powered-by": "Express",
        "access-control-allow-origin": "http://localhost:3000",
        "vary": "Origin",
        "access-control-allow-credentials": "true",
        "x-request-id": "65b2800c-40e3-47f1-ac8b-1cdb71d7bdac",
        "x-content-type-options": "nosniff",
        "x-frame-options": "DENY",
        "x-xss-protection": "1; mode=block",
        "strict-transport-security": "max-age=31536000; includeSubDomains",
        "referrer-policy": "strict-origin-when-cross-origin",
        "permissions-policy": "camera=(), microphone=(), geolocation=()",
        "content-type": "application/json; charset=utf-8",
        "content-length": "43",
        "etag": "W/\"2b-dGnJzt6gv1nJjX6DJ9RztDWptng\""
      }
    }
    [35mresponseTime[39m: 3
[17:21:22.181] [32mINFO[39m (16336): [36mrequest completed[39m
    [35mreq[39m: {
      "id": 123,
      "method": "GET",
      "url": "/api/v1/platform/hotels?page=1&limit=15&plan=all&sortBy=name-asc",
      "query": {
        "page": "1",
        "limit": "15",
        "plan": "all",
        "sortBy": "name-asc"
      },
      "params": {
        "path": [
          "platform",
          "hotels"
        ]
      },
      "headers": {
        "host": "localhost:5000",
        "connection": "keep-alive",
        "sec-ch-ua-platform": "\"Windows\"",
        "authorization": "[Redacted]",
        "user-agent": "Mozilla/5.0 (Windows NT 10.0; Win64; x64) AppleWebKit/537.36 (KHTML, like Gecko) Code/1.122.1 Chrome/142.0.7444.265 Electron/39.8.8 Safari/537.36",
        "sec-ch-ua": "\"Not_A Brand\";v=\"99\", \"Chromium\";v=\"142\"",
        "sec-ch-ua-mobile": "?0",
        "accept": "*/*",
        "origin": "http://localhost:3000",
        "sec-fetch-site": "same-site",
        "sec-fetch-mode": "cors",
        "sec-fetch-dest": "empty",
        "referer": "http://localhost:3000/",
        "accept-encoding": "gzip, deflate, br, zstd",
        "accept-language": "en-US",
        "if-none-match": "W/\"3b7-Sg6tiMNXL1xrmCzXwvYAdIXFpWA\""
      },
      "remoteAddress": "::1",
      "remotePort": 64490
    }
    [35mres[39m: {
      "statusCode": 401,
      "headers": {
        "x-powered-by": "Express",
        "access-control-allow-origin": "http://localhost:3000",
        "vary": "Origin",
        "access-control-allow-credentials": "true",
        "x-request-id": "6a7441dd-c9dd-464d-ae5a-1ec3292184ea",
        "x-content-type-options": "nosniff",
        "x-frame-options": "DENY",
        "x-xss-protection": "1; mode=block",
        "strict-transport-security": "max-age=31536000; includeSubDomains",
        "referrer-policy": "strict-origin-when-cross-origin",
        "permissions-policy": "camera=(), microphone=(), geolocation=()",
        "content-type": "application/json; charset=utf-8",
        "content-length": "43",
        "etag": "W/\"2b-dGnJzt6gv1nJjX6DJ9RztDWptng\""
      }
    }
    [35mresponseTime[39m: 3
[17:21:26.202] [32mINFO[39m (16336): [36mrequest completed[39m
    [35mreq[39m: {
      "id": 124,
      "method": "GET",
      "url": "/api/v1/platform/hotels?page=1&limit=15&plan=all&sortBy=name-asc",
      "query": {
        "page": "1",
        "limit": "15",
        "plan": "all",
        "sortBy": "name-asc"
      },
      "params": {
        "path": [
          "platform",
          "hotels"
        ]
      },
      "headers": {
        "host": "localhost:5000",
        "connection": "keep-alive",
        "sec-ch-ua-platform": "\"Windows\"",
        "authorization": "[Redacted]",
        "user-agent": "Mozilla/5.0 (Windows NT 10.0; Win64; x64) AppleWebKit/537.36 (KHTML, like Gecko) Code/1.122.1 Chrome/142.0.7444.265 Electron/39.8.8 Safari/537.36",
        "sec-ch-ua": "\"Not_A Brand\";v=\"99\", \"Chromium\";v=\"142\"",
        "sec-ch-ua-mobile": "?0",
        "accept": "*/*",
        "origin": "http://localhost:3000",
        "sec-fetch-site": "same-site",
        "sec-fetch-mode": "cors",
        "sec-fetch-dest": "empty",
        "referer": "http://localhost:3000/",
        "accept-encoding": "gzip, deflate, br, zstd",
        "accept-language": "en-US",
        "if-none-match": "W/\"3b7-Sg6tiMNXL1xrmCzXwvYAdIXFpWA\""
      },
      "remoteAddress": "::1",
      "remotePort": 64490
    }
    [35mres[39m: {
      "statusCode": 401,
      "headers": {
        "x-powered-by": "Express",
        "access-control-allow-origin": "http://localhost:3000",
        "vary": "Origin",
        "access-control-allow-credentials": "true",
        "x-request-id": "66fc7eb6-599a-474d-9ad0-b8100fdcb739",
        "x-content-type-options": "nosniff",
        "x-frame-options": "DENY",
        "x-xss-protection": "1; mode=block",
        "strict-transport-security": "max-age=31536000; includeSubDomains",
        "referrer-policy": "strict-origin-when-cross-origin",
        "permissions-policy": "camera=(), microphone=(), geolocation=()",
        "content-type": "application/json; charset=utf-8",
        "content-length": "43",
        "etag": "W/\"2b-dGnJzt6gv1nJjX6DJ9RztDWptng\""
      }
    }
    [35mresponseTime[39m: 7
[17:21:36.440] [32mINFO[39m (16336): [36mrequest completed[39m
    [35mreq[39m: {
      "id": 125,
      "method": "GET",
      "url": "/api/v1/notifications/unread-count",
      "query": {},
      "params": {
        "path": [
          "notifications",
          "unread-count"
        ]
      },
      "headers": {
        "host": "localhost:5000",
        "connection": "keep-alive",
        "sec-ch-ua-platform": "\"Windows\"",
        "authorization": "[Redacted]",
        "user-agent": "Mozilla/5.0 (Windows NT 10.0; Win64; x64) AppleWebKit/537.36 (KHTML, like Gecko) Code/1.122.1 Chrome/142.0.7444.265 Electron/39.8.8 Safari/537.36",
        "sec-ch-ua": "\"Not_A Brand\";v=\"99\", \"Chromium\";v=\"142\"",
        "sec-ch-ua-mobile": "?0",
        "accept": "*/*",
        "origin": "http://localhost:3000",
        "sec-fetch-site": "same-site",
        "sec-fetch-mode": "cors",
        "sec-fetch-dest": "empty",
        "referer": "http://localhost:3000/",
        "accept-encoding": "gzip, deflate, br, zstd",
        "accept-language": "en-US",
        "if-none-match": "W/\"23-WgR9+nUlfRzXMzFiBE7oaznpWzo\""
      },
      "remoteAddress": "::1",
      "remotePort": 64510
    }
    [35mres[39m: {
      "statusCode": 401,
      "headers": {
        "x-powered-by": "Express",
        "access-control-allow-origin": "http://localhost:3000",
        "vary": "Origin",
        "access-control-allow-credentials": "true",
        "x-request-id": "d5137e64-f69b-498d-a17f-8bd9d96b47f0",
        "x-content-type-options": "nosniff",
        "x-frame-options": "DENY",
        "x-xss-protection": "1; mode=block",
        "strict-transport-security": "max-age=31536000; includeSubDomains",
        "referrer-policy": "strict-origin-when-cross-origin",
        "permissions-policy": "camera=(), microphone=(), geolocation=()",
        "content-type": "application/json; charset=utf-8",
        "content-length": "43",
        "etag": "W/\"2b-dGnJzt6gv1nJjX6DJ9RztDWptng\""
      }
    }
    [35mresponseTime[39m: 4
[17:21:41.232] [32mINFO[39m (16336): [36mrequest completed[39m
    [35mreq[39m: {
      "id": 126,
      "method": "GET",
      "url": "/api/v1/platform/hotels?page=1&limit=15&plan=all&sortBy=name-asc",
      "query": {
        "page": "1",
        "limit": "15",
        "plan": "all",
        "sortBy": "name-asc"
      },
      "params": {
        "path": [
          "platform",
          "hotels"
        ]
      },
      "headers": {
        "host": "localhost:5000",
        "connection": "keep-alive",
        "sec-ch-ua-platform": "\"Windows\"",
        "authorization": "[Redacted]",
        "user-agent": "Mozilla/5.0 (Windows NT 10.0; Win64; x64) AppleWebKit/537.36 (KHTML, like Gecko) Code/1.122.1 Chrome/142.0.7444.265 Electron/39.8.8 Safari/537.36",
        "sec-ch-ua": "\"Not_A Brand\";v=\"99\", \"Chromium\";v=\"142\"",
        "sec-ch-ua-mobile": "?0",
        "accept": "*/*",
        "origin": "http://localhost:3000",
        "sec-fetch-site": "same-site",
        "sec-fetch-mode": "cors",
        "sec-fetch-dest": "empty",
        "referer": "http://localhost:3000/",
        "accept-encoding": "gzip, deflate, br, zstd",
        "accept-language": "en-US",
        "if-none-match": "W/\"3b7-Sg6tiMNXL1xrmCzXwvYAdIXFpWA\""
      },
      "remoteAddress": "::1",
      "remotePort": 64510
    }
    [35mres[39m: {
      "statusCode": 401,
      "headers": {
        "x-powered-by": "Express",
        "access-control-allow-origin": "http://localhost:3000",
        "vary": "Origin",
        "access-control-allow-credentials": "true",
        "x-request-id": "162aa60b-3259-452c-9d04-4d00ff882314",
        "x-content-type-options": "nosniff",
        "x-frame-options": "DENY",
        "x-xss-protection": "1; mode=block",
        "strict-transport-security": "max-age=31536000; includeSubDomains",
        "referrer-policy": "strict-origin-when-cross-origin",
        "permissions-policy": "camera=(), microphone=(), geolocation=()",
        "content-type": "application/json; charset=utf-8",
        "content-length": "43",
        "etag": "W/\"2b-dGnJzt6gv1nJjX6DJ9RztDWptng\""
      }
    }
    [35mresponseTime[39m: 4
[17:21:42.349] [32mINFO[39m (16336): [36mrequest completed[39m
    [35mreq[39m: {
      "id": 127,
      "method": "GET",
      "url": "/api/v1/platform/hotels?page=1&limit=15&plan=all&sortBy=name-asc",
      "query": {
        "page": "1",
        "limit": "15",
        "plan": "all",
        "sortBy": "name-asc"
      },
      "params": {
        "path": [
          "platform",
          "hotels"
        ]
      },
      "headers": {
        "host": "localhost:5000",
        "connection": "keep-alive",
        "sec-ch-ua-platform": "\"Windows\"",
        "authorization": "[Redacted]",
        "user-agent": "Mozilla/5.0 (Windows NT 10.0; Win64; x64) AppleWebKit/537.36 (KHTML, like Gecko) Code/1.122.1 Chrome/142.0.7444.265 Electron/39.8.8 Safari/537.36",
        "sec-ch-ua": "\"Not_A Brand\";v=\"99\", \"Chromium\";v=\"142\"",
        "sec-ch-ua-mobile": "?0",
        "accept": "*/*",
        "origin": "http://localhost:3000",
        "sec-fetch-site": "same-site",
        "sec-fetch-mode": "cors",
        "sec-fetch-dest": "empty",
        "referer": "http://localhost:3000/",
        "accept-encoding": "gzip, deflate, br, zstd",
        "accept-language": "en-US",
        "if-none-match": "W/\"3b7-Sg6tiMNXL1xrmCzXwvYAdIXFpWA\""
      },
      "remoteAddress": "::1",
      "remotePort": 64510
    }
    [35mres[39m: {
      "statusCode": 401,
      "headers": {
        "x-powered-by": "Express",
        "access-control-allow-origin": "http://localhost:3000",
        "vary": "Origin",
        "access-control-allow-credentials": "true",
        "x-request-id": "9b01e394-6985-4399-8b93-e446a78988d3",
        "x-content-type-options": "nosniff",
        "x-frame-options": "DENY",
        "x-xss-protection": "1; mode=block",
        "strict-transport-security": "max-age=31536000; includeSubDomains",
        "referrer-policy": "strict-origin-when-cross-origin",
        "permissions-policy": "camera=(), microphone=(), geolocation=()",
        "content-type": "application/json; charset=utf-8",
        "content-length": "43",
        "etag": "W/\"2b-dGnJzt6gv1nJjX6DJ9RztDWptng\""
      }
    }
    [35mresponseTime[39m: 4
[17:21:44.381] [32mINFO[39m (16336): [36mrequest completed[39m
    [35mreq[39m: {
      "id": 128,
      "method": "GET",
      "url": "/api/v1/platform/hotels?page=1&limit=15&plan=all&sortBy=name-asc",
      "query": {
        "page": "1",
        "limit": "15",
        "plan": "all",
        "sortBy": "name-asc"
      },
      "params": {
        "path": [
          "platform",
          "hotels"
        ]
      },
      "headers": {
        "host": "localhost:5000",
        "connection": "keep-alive",
        "sec-ch-ua-platform": "\"Windows\"",
        "authorization": "[Redacted]",
        "user-agent": "Mozilla/5.0 (Windows NT 10.0; Win64; x64) AppleWebKit/537.36 (KHTML, like Gecko) Code/1.122.1 Chrome/142.0.7444.265 Electron/39.8.8 Safari/537.36",
        "sec-ch-ua": "\"Not_A Brand\";v=\"99\", \"Chromium\";v=\"142\"",
        "sec-ch-ua-mobile": "?0",
        "accept": "*/*",
        "origin": "http://localhost:3000",
        "sec-fetch-site": "same-site",
        "sec-fetch-mode": "cors",
        "sec-fetch-dest": "empty",
        "referer": "http://localhost:3000/",
        "accept-encoding": "gzip, deflate, br, zstd",
        "accept-language": "en-US",
        "if-none-match": "W/\"3b7-Sg6tiMNXL1xrmCzXwvYAdIXFpWA\""
      },
      "remoteAddress": "::1",
      "remotePort": 64510
    }
    [35mres[39m: {
      "statusCode": 401,
      "headers": {
        "x-powered-by": "Express",
        "access-control-allow-origin": "http://localhost:3000",
        "vary": "Origin",
        "access-control-allow-credentials": "true",
        "x-request-id": "b51c3035-c4e5-48f0-a392-05927afff06e",
        "x-content-type-options": "nosniff",
        "x-frame-options": "DENY",
        "x-xss-protection": "1; mode=block",
        "strict-transport-security": "max-age=31536000; includeSubDomains",
        "referrer-policy": "strict-origin-when-cross-origin",
        "permissions-policy": "camera=(), microphone=(), geolocation=()",
        "content-type": "application/json; charset=utf-8",
        "content-length": "43",
        "etag": "W/\"2b-dGnJzt6gv1nJjX6DJ9RztDWptng\""
      }
    }
    [35mresponseTime[39m: 3
[17:21:48.399] [32mINFO[39m (16336): [36mrequest completed[39m
    [35mreq[39m: {
      "id": 129,
      "method": "GET",
      "url": "/api/v1/platform/hotels?page=1&limit=15&plan=all&sortBy=name-asc",
      "query": {
        "page": "1",
        "limit": "15",
        "plan": "all",
        "sortBy": "name-asc"
      },
      "params": {
        "path": [
          "platform",
          "hotels"
        ]
      },
      "headers": {
        "host": "localhost:5000",
        "connection": "keep-alive",
        "sec-ch-ua-platform": "\"Windows\"",
        "authorization": "[Redacted]",
        "user-agent": "Mozilla/5.0 (Windows NT 10.0; Win64; x64) AppleWebKit/537.36 (KHTML, like Gecko) Code/1.122.1 Chrome/142.0.7444.265 Electron/39.8.8 Safari/537.36",
        "sec-ch-ua": "\"Not_A Brand\";v=\"99\", \"Chromium\";v=\"142\"",
        "sec-ch-ua-mobile": "?0",
        "accept": "*/*",
        "origin": "http://localhost:3000",
        "sec-fetch-site": "same-site",
        "sec-fetch-mode": "cors",
        "sec-fetch-dest": "empty",
        "referer": "http://localhost:3000/",
        "accept-encoding": "gzip, deflate, br, zstd",
        "accept-language": "en-US",
        "if-none-match": "W/\"3b7-Sg6tiMNXL1xrmCzXwvYAdIXFpWA\""
      },
      "remoteAddress": "::1",
      "remotePort": 64510
    }
    [35mres[39m: {
      "statusCode": 401,
      "headers": {
        "x-powered-by": "Express",
        "access-control-allow-origin": "http://localhost:3000",
        "vary": "Origin",
        "access-control-allow-credentials": "true",
        "x-request-id": "79253d9c-37e6-4c5c-86fc-e563db65e353",
        "x-content-type-options": "nosniff",
        "x-frame-options": "DENY",
        "x-xss-protection": "1; mode=block",
        "strict-transport-security": "max-age=31536000; includeSubDomains",
        "referrer-policy": "strict-origin-when-cross-origin",
        "permissions-policy": "camera=(), microphone=(), geolocation=()",
        "content-type": "application/json; charset=utf-8",
        "content-length": "43",
        "etag": "W/\"2b-dGnJzt6gv1nJjX6DJ9RztDWptng\""
      }
    }
    [35mresponseTime[39m: 5
[17:22:03.439] [32mINFO[39m (16336): [36mrequest completed[39m
    [35mreq[39m: {
      "id": 130,
      "method": "GET",
      "url": "/api/v1/platform/hotels?page=1&limit=15&plan=all&sortBy=name-asc",
      "query": {
        "page": "1",
        "limit": "15",
        "plan": "all",
        "sortBy": "name-asc"
      },
      "params": {
        "path": [
          "platform",
          "hotels"
        ]
      },
      "headers": {
        "host": "localhost:5000",
        "connection": "keep-alive",
        "sec-ch-ua-platform": "\"Windows\"",
        "authorization": "[Redacted]",
        "user-agent": "Mozilla/5.0 (Windows NT 10.0; Win64; x64) AppleWebKit/537.36 (KHTML, like Gecko) Code/1.122.1 Chrome/142.0.7444.265 Electron/39.8.8 Safari/537.36",
        "sec-ch-ua": "\"Not_A Brand\";v=\"99\", \"Chromium\";v=\"142\"",
        "sec-ch-ua-mobile": "?0",
        "accept": "*/*",
        "origin": "http://localhost:3000",
        "sec-fetch-site": "same-site",
        "sec-fetch-mode": "cors",
        "sec-fetch-dest": "empty",
        "referer": "http://localhost:3000/",
        "accept-encoding": "gzip, deflate, br, zstd",
        "accept-language": "en-US",
        "if-none-match": "W/\"3b7-Sg6tiMNXL1xrmCzXwvYAdIXFpWA\""
      },
      "remoteAddress": "::1",
      "remotePort": 64543
    }
    [35mres[39m: {
      "statusCode": 401,
      "headers": {
        "x-powered-by": "Express",
        "access-control-allow-origin": "http://localhost:3000",
        "vary": "Origin",
        "access-control-allow-credentials": "true",
        "x-request-id": "389cfd61-df2d-4e9f-8950-aa27f798c244",
        "x-content-type-options": "nosniff",
        "x-frame-options": "DENY",
        "x-xss-protection": "1; mode=block",
        "strict-transport-security": "max-age=31536000; includeSubDomains",
        "referrer-policy": "strict-origin-when-cross-origin",
        "permissions-policy": "camera=(), microphone=(), geolocation=()",
        "content-type": "application/json; charset=utf-8",
        "content-length": "43",
        "etag": "W/\"2b-dGnJzt6gv1nJjX6DJ9RztDWptng\""
      }
    }
    [35mresponseTime[39m: 3
[17:22:04.537] [32mINFO[39m (16336): [36mrequest completed[39m
    [35mreq[39m: {
      "id": 131,
      "method": "GET",
      "url": "/api/v1/platform/hotels?page=1&limit=15&plan=all&sortBy=name-asc",
      "query": {
        "page": "1",
        "limit": "15",
        "plan": "all",
        "sortBy": "name-asc"
      },
      "params": {
        "path": [
          "platform",
          "hotels"
        ]
      },
      "headers": {
        "host": "localhost:5000",
        "connection": "keep-alive",
        "sec-ch-ua-platform": "\"Windows\"",
        "authorization": "[Redacted]",
        "user-agent": "Mozilla/5.0 (Windows NT 10.0; Win64; x64) AppleWebKit/537.36 (KHTML, like Gecko) Code/1.122.1 Chrome/142.0.7444.265 Electron/39.8.8 Safari/537.36",
        "sec-ch-ua": "\"Not_A Brand\";v=\"99\", \"Chromium\";v=\"142\"",
        "sec-ch-ua-mobile": "?0",
        "accept": "*/*",
        "origin": "http://localhost:3000",
        "sec-fetch-site": "same-site",
        "sec-fetch-mode": "cors",
        "sec-fetch-dest": "empty",
        "referer": "http://localhost:3000/",
        "accept-encoding": "gzip, deflate, br, zstd",
        "accept-language": "en-US",
        "if-none-match": "W/\"3b7-Sg6tiMNXL1xrmCzXwvYAdIXFpWA\""
      },
      "remoteAddress": "::1",
      "remotePort": 64543
    }
    [35mres[39m: {
      "statusCode": 401,
      "headers": {
        "x-powered-by": "Express",
        "access-control-allow-origin": "http://localhost:3000",
        "vary": "Origin",
        "access-control-allow-credentials": "true",
        "x-request-id": "9615d2f5-d772-498d-8bb3-f9f99b70ecae",
        "x-content-type-options": "nosniff",
        "x-frame-options": "DENY",
        "x-xss-protection": "1; mode=block",
        "strict-transport-security": "max-age=31536000; includeSubDomains",
        "referrer-policy": "strict-origin-when-cross-origin",
        "permissions-policy": "camera=(), microphone=(), geolocation=()",
        "content-type": "application/json; charset=utf-8",
        "content-length": "43",
        "etag": "W/\"2b-dGnJzt6gv1nJjX6DJ9RztDWptng\""
      }
    }
    [35mresponseTime[39m: 4
[17:22:06.449] [32mINFO[39m (16336): [36mrequest completed[39m
    [35mreq[39m: {
      "id": 132,
      "method": "GET",
      "url": "/api/v1/notifications/unread-count",
      "query": {},
      "params": {
        "path": [
          "notifications",
          "unread-count"
        ]
      },
      "headers": {
        "host": "localhost:5000",
        "connection": "keep-alive",
        "sec-ch-ua-platform": "\"Windows\"",
        "authorization": "[Redacted]",
        "user-agent": "Mozilla/5.0 (Windows NT 10.0; Win64; x64) AppleWebKit/537.36 (KHTML, like Gecko) Code/1.122.1 Chrome/142.0.7444.265 Electron/39.8.8 Safari/537.36",
        "sec-ch-ua": "\"Not_A Brand\";v=\"99\", \"Chromium\";v=\"142\"",
        "sec-ch-ua-mobile": "?0",
        "accept": "*/*",
        "origin": "http://localhost:3000",
        "sec-fetch-site": "same-site",
        "sec-fetch-mode": "cors",
        "sec-fetch-dest": "empty",
        "referer": "http://localhost:3000/",
        "accept-encoding": "gzip, deflate, br, zstd",
        "accept-language": "en-US",
        "if-none-match": "W/\"23-WgR9+nUlfRzXMzFiBE7oaznpWzo\""
      },
      "remoteAddress": "::1",
      "remotePort": 64543
    }
    [35mres[39m: {
      "statusCode": 401,
      "headers": {
        "x-powered-by": "Express",
        "access-control-allow-origin": "http://localhost:3000",
        "vary": "Origin",
        "access-control-allow-credentials": "true",
        "x-request-id": "a8e40504-6be9-46ed-a7f4-5987f70efe41",
        "x-content-type-options": "nosniff",
        "x-frame-options": "DENY",
        "x-xss-protection": "1; mode=block",
        "strict-transport-security": "max-age=31536000; includeSubDomains",
        "referrer-policy": "strict-origin-when-cross-origin",
        "permissions-policy": "camera=(), microphone=(), geolocation=()",
        "content-type": "application/json; charset=utf-8",
        "content-length": "43",
        "etag": "W/\"2b-dGnJzt6gv1nJjX6DJ9RztDWptng\""
      }
    }
    [35mresponseTime[39m: 4
[17:22:06.561] [32mINFO[39m (16336): [36mrequest completed[39m
    [35mreq[39m: {
      "id": 133,
      "method": "GET",
      "url": "/api/v1/platform/hotels?page=1&limit=15&plan=all&sortBy=name-asc",
      "query": {
        "page": "1",
        "limit": "15",
        "plan": "all",
        "sortBy": "name-asc"
      },
      "params": {
        "path": [
          "platform",
          "hotels"
        ]
      },
      "headers": {
        "host": "localhost:5000",
        "connection": "keep-alive",
        "sec-ch-ua-platform": "\"Windows\"",
        "authorization": "[Redacted]",
        "user-agent": "Mozilla/5.0 (Windows NT 10.0; Win64; x64) AppleWebKit/537.36 (KHTML, like Gecko) Code/1.122.1 Chrome/142.0.7444.265 Electron/39.8.8 Safari/537.36",
        "sec-ch-ua": "\"Not_A Brand\";v=\"99\", \"Chromium\";v=\"142\"",
        "sec-ch-ua-mobile": "?0",
        "accept": "*/*",
        "origin": "http://localhost:3000",
        "sec-fetch-site": "same-site",
        "sec-fetch-mode": "cors",
        "sec-fetch-dest": "empty",
        "referer": "http://localhost:3000/",
        "accept-encoding": "gzip, deflate, br, zstd",
        "accept-language": "en-US",
        "if-none-match": "W/\"3b7-Sg6tiMNXL1xrmCzXwvYAdIXFpWA\""
      },
      "remoteAddress": "::1",
      "remotePort": 64543
    }
    [35mres[39m: {
      "statusCode": 401,
      "headers": {
        "x-powered-by": "Express",
        "access-control-allow-origin": "http://localhost:3000",
        "vary": "Origin",
        "access-control-allow-credentials": "true",
        "x-request-id": "7691f0e2-7b75-41c2-8035-4b5cd464f056",
        "x-content-type-options": "nosniff",
        "x-frame-options": "DENY",
        "x-xss-protection": "1; mode=block",
        "strict-transport-security": "max-age=31536000; includeSubDomains",
        "referrer-policy": "strict-origin-when-cross-origin",
        "permissions-policy": "camera=(), microphone=(), geolocation=()",
        "content-type": "application/json; charset=utf-8",
        "content-length": "43",
        "etag": "W/\"2b-dGnJzt6gv1nJjX6DJ9RztDWptng\""
      }
    }
    [35mresponseTime[39m: 2
[17:22:10.587] [32mINFO[39m (16336): [36mrequest completed[39m
    [35mreq[39m: {
      "id": 134,
      "method": "GET",
      "url": "/api/v1/platform/hotels?page=1&limit=15&plan=all&sortBy=name-asc",
      "query": {
        "page": "1",
        "limit": "15",
        "plan": "all",
        "sortBy": "name-asc"
      },
      "params": {
        "path": [
          "platform",
          "hotels"
        ]
      },
      "headers": {
        "host": "localhost:5000",
        "connection": "keep-alive",
        "sec-ch-ua-platform": "\"Windows\"",
        "authorization": "[Redacted]",
        "user-agent": "Mozilla/5.0 (Windows NT 10.0; Win64; x64) AppleWebKit/537.36 (KHTML, like Gecko) Code/1.122.1 Chrome/142.0.7444.265 Electron/39.8.8 Safari/537.36",
        "sec-ch-ua": "\"Not_A Brand\";v=\"99\", \"Chromium\";v=\"142\"",
        "sec-ch-ua-mobile": "?0",
        "accept": "*/*",
        "origin": "http://localhost:3000",
        "sec-fetch-site": "same-site",
        "sec-fetch-mode": "cors",
        "sec-fetch-dest": "empty",
        "referer": "http://localhost:3000/",
        "accept-encoding": "gzip, deflate, br, zstd",
        "accept-language": "en-US",
        "if-none-match": "W/\"3b7-Sg6tiMNXL1xrmCzXwvYAdIXFpWA\""
      },
      "remoteAddress": "::1",
      "remotePort": 64543
    }
    [35mres[39m: {
      "statusCode": 401,
      "headers": {
        "x-powered-by": "Express",
        "access-control-allow-origin": "http://localhost:3000",
        "vary": "Origin",
        "access-control-allow-credentials": "true",
        "x-request-id": "c884f0a6-9416-46fa-86cf-693e0ad1342a",
        "x-content-type-options": "nosniff",
        "x-frame-options": "DENY",
        "x-xss-protection": "1; mode=block",
        "strict-transport-security": "max-age=31536000; includeSubDomains",
        "referrer-policy": "strict-origin-when-cross-origin",
        "permissions-policy": "camera=(), microphone=(), geolocation=()",
        "content-type": "application/json; charset=utf-8",
        "content-length": "43",
        "etag": "W/\"2b-dGnJzt6gv1nJjX6DJ9RztDWptng\""
      }
    }
    [35mresponseTime[39m: 3
[17:22:25.698] [32mINFO[39m (16336): [36mrequest completed[39m
    [35mreq[39m: {
      "id": 135,
      "method": "GET",
      "url": "/api/v1/platform/hotels?page=1&limit=15&plan=all&sortBy=name-asc",
      "query": {
        "page": "1",
        "limit": "15",
        "plan": "all",
        "sortBy": "name-asc"
      },
      "params": {
        "path": [
          "platform",
          "hotels"
        ]
      },
      "headers": {
        "host": "localhost:5000",
        "connection": "keep-alive",
        "sec-ch-ua-platform": "\"Windows\"",
        "authorization": "[Redacted]",
        "user-agent": "Mozilla/5.0 (Windows NT 10.0; Win64; x64) AppleWebKit/537.36 (KHTML, like Gecko) Code/1.122.1 Chrome/142.0.7444.265 Electron/39.8.8 Safari/537.36",
        "sec-ch-ua": "\"Not_A Brand\";v=\"99\", \"Chromium\";v=\"142\"",
        "sec-ch-ua-mobile": "?0",
        "accept": "*/*",
        "origin": "http://localhost:3000",
        "sec-fetch-site": "same-site",
        "sec-fetch-mode": "cors",
        "sec-fetch-dest": "empty",
        "referer": "http://localhost:3000/",
        "accept-encoding": "gzip, deflate, br, zstd",
        "accept-language": "en-US",
        "if-none-match": "W/\"3b7-Sg6tiMNXL1xrmCzXwvYAdIXFpWA\""
      },
      "remoteAddress": "::1",
      "remotePort": 64569
    }
    [35mres[39m: {
      "statusCode": 401,
      "headers": {
        "x-powered-by": "Express",
        "access-control-allow-origin": "http://localhost:3000",
        "vary": "Origin",
        "access-control-allow-credentials": "true",
        "x-request-id": "8609fd06-4434-45be-88df-ceb3efa4e6a7",
        "x-content-type-options": "nosniff",
        "x-frame-options": "DENY",
        "x-xss-protection": "1; mode=block",
        "strict-transport-security": "max-age=31536000; includeSubDomains",
        "referrer-policy": "strict-origin-when-cross-origin",
        "permissions-policy": "camera=(), microphone=(), geolocation=()",
        "content-type": "application/json; charset=utf-8",
        "content-length": "43",
        "etag": "W/\"2b-dGnJzt6gv1nJjX6DJ9RztDWptng\""
      }
    }
    [35mresponseTime[39m: 4
[17:22:26.739] [32mINFO[39m (16336): [36mrequest completed[39m
    [35mreq[39m: {
      "id": 136,
      "method": "GET",
      "url": "/api/v1/platform/hotels?page=1&limit=15&plan=all&sortBy=name-asc",
      "query": {
        "page": "1",
        "limit": "15",
        "plan": "all",
        "sortBy": "name-asc"
      },
      "params": {
        "path": [
          "platform",
          "hotels"
        ]
      },
      "headers": {
        "host": "localhost:5000",
        "connection": "keep-alive",
        "sec-ch-ua-platform": "\"Windows\"",
        "authorization": "[Redacted]",
        "user-agent": "Mozilla/5.0 (Windows NT 10.0; Win64; x64) AppleWebKit/537.36 (KHTML, like Gecko) Code/1.122.1 Chrome/142.0.7444.265 Electron/39.8.8 Safari/537.36",
        "sec-ch-ua": "\"Not_A Brand\";v=\"99\", \"Chromium\";v=\"142\"",
        "sec-ch-ua-mobile": "?0",
        "accept": "*/*",
        "origin": "http://localhost:3000",
        "sec-fetch-site": "same-site",
        "sec-fetch-mode": "cors",
        "sec-fetch-dest": "empty",
        "referer": "http://localhost:3000/",
        "accept-encoding": "gzip, deflate, br, zstd",
        "accept-language": "en-US",
        "if-none-match": "W/\"3b7-Sg6tiMNXL1xrmCzXwvYAdIXFpWA\""
      },
      "remoteAddress": "::1",
      "remotePort": 64569
    }
    [35mres[39m: {
      "statusCode": 401,
      "headers": {
        "x-powered-by": "Express",
        "access-control-allow-origin": "http://localhost:3000",
        "vary": "Origin",
        "access-control-allow-credentials": "true",
        "x-request-id": "24f85ae1-0954-4fef-b335-c297a5712ff3",
        "x-content-type-options": "nosniff",
        "x-frame-options": "DENY",
        "x-xss-protection": "1; mode=block",
        "strict-transport-security": "max-age=31536000; includeSubDomains",
        "referrer-policy": "strict-origin-when-cross-origin",
        "permissions-policy": "camera=(), microphone=(), geolocation=()",
        "content-type": "application/json; charset=utf-8",
        "content-length": "43",
        "etag": "W/\"2b-dGnJzt6gv1nJjX6DJ9RztDWptng\""
      }
    }
    [35mresponseTime[39m: 4
[17:22:28.762] [32mINFO[39m (16336): [36mrequest completed[39m
    [35mreq[39m: {
      "id": 137,
      "method": "GET",
      "url": "/api/v1/platform/hotels?page=1&limit=15&plan=all&sortBy=name-asc",
      "query": {
        "page": "1",
        "limit": "15",
        "plan": "all",
        "sortBy": "name-asc"
      },
      "params": {
        "path": [
          "platform",
          "hotels"
        ]
      },
      "headers": {
        "host": "localhost:5000",
        "connection": "keep-alive",
        "sec-ch-ua-platform": "\"Windows\"",
        "authorization": "[Redacted]",
        "user-agent": "Mozilla/5.0 (Windows NT 10.0; Win64; x64) AppleWebKit/537.36 (KHTML, like Gecko) Code/1.122.1 Chrome/142.0.7444.265 Electron/39.8.8 Safari/537.36",
        "sec-ch-ua": "\"Not_A Brand\";v=\"99\", \"Chromium\";v=\"142\"",
        "sec-ch-ua-mobile": "?0",
        "accept": "*/*",
        "origin": "http://localhost:3000",
        "sec-fetch-site": "same-site",
        "sec-fetch-mode": "cors",
        "sec-fetch-dest": "empty",
        "referer": "http://localhost:3000/",
        "accept-encoding": "gzip, deflate, br, zstd",
        "accept-language": "en-US",
        "if-none-match": "W/\"3b7-Sg6tiMNXL1xrmCzXwvYAdIXFpWA\""
      },
      "remoteAddress": "::1",
      "remotePort": 64569
    }
    [35mres[39m: {
      "statusCode": 401,
      "headers": {
        "x-powered-by": "Express",
        "access-control-allow-origin": "http://localhost:3000",
        "vary": "Origin",
        "access-control-allow-credentials": "true",
        "x-request-id": "eb3decd3-9b53-4f32-9dba-04b1c9efacb2",
        "x-content-type-options": "nosniff",
        "x-frame-options": "DENY",
        "x-xss-protection": "1; mode=block",
        "strict-transport-security": "max-age=31536000; includeSubDomains",
        "referrer-policy": "strict-origin-when-cross-origin",
        "permissions-policy": "camera=(), microphone=(), geolocation=()",
        "content-type": "application/json; charset=utf-8",
        "content-length": "43",
        "etag": "W/\"2b-dGnJzt6gv1nJjX6DJ9RztDWptng\""
      }
    }
    [35mresponseTime[39m: 6
[17:22:32.781] [32mINFO[39m (16336): [36mrequest completed[39m
    [35mreq[39m: {
      "id": 138,
      "method": "GET",
      "url": "/api/v1/platform/hotels?page=1&limit=15&plan=all&sortBy=name-asc",
      "query": {
        "page": "1",
        "limit": "15",
        "plan": "all",
        "sortBy": "name-asc"
      },
      "params": {
        "path": [
          "platform",
          "hotels"
        ]
      },
      "headers": {
        "host": "localhost:5000",
        "connection": "keep-alive",
        "sec-ch-ua-platform": "\"Windows\"",
        "authorization": "[Redacted]",
        "user-agent": "Mozilla/5.0 (Windows NT 10.0; Win64; x64) AppleWebKit/537.36 (KHTML, like Gecko) Code/1.122.1 Chrome/142.0.7444.265 Electron/39.8.8 Safari/537.36",
        "sec-ch-ua": "\"Not_A Brand\";v=\"99\", \"Chromium\";v=\"142\"",
        "sec-ch-ua-mobile": "?0",
        "accept": "*/*",
        "origin": "http://localhost:3000",
        "sec-fetch-site": "same-site",
        "sec-fetch-mode": "cors",
        "sec-fetch-dest": "empty",
        "referer": "http://localhost:3000/",
        "accept-encoding": "gzip, deflate, br, zstd",
        "accept-language": "en-US",
        "if-none-match": "W/\"3b7-Sg6tiMNXL1xrmCzXwvYAdIXFpWA\""
      },
      "remoteAddress": "::1",
      "remotePort": 64569
    }
    [35mres[39m: {
      "statusCode": 401,
      "headers": {
        "x-powered-by": "Express",
        "access-control-allow-origin": "http://localhost:3000",
        "vary": "Origin",
        "access-control-allow-credentials": "true",
        "x-request-id": "fd91accc-00fb-4b0d-8438-c3fcf9bc3c9f",
        "x-content-type-options": "nosniff",
        "x-frame-options": "DENY",
        "x-xss-protection": "1; mode=block",
        "strict-transport-security": "max-age=31536000; includeSubDomains",
        "referrer-policy": "strict-origin-when-cross-origin",
        "permissions-policy": "camera=(), microphone=(), geolocation=()",
        "content-type": "application/json; charset=utf-8",
        "content-length": "43",
        "etag": "W/\"2b-dGnJzt6gv1nJjX6DJ9RztDWptng\""
      }
    }
    [35mresponseTime[39m: 3
[17:22:36.417] [32mINFO[39m (16336): [36mrequest completed[39m
    [35mreq[39m: {
      "id": 139,
      "method": "GET",
      "url": "/api/v1/notifications/unread-count",
      "query": {},
      "params": {
        "path": [
          "notifications",
          "unread-count"
        ]
      },
      "headers": {
        "host": "localhost:5000",
        "connection": "keep-alive",
        "sec-ch-ua-platform": "\"Windows\"",
        "authorization": "[Redacted]",
        "user-agent": "Mozilla/5.0 (Windows NT 10.0; Win64; x64) AppleWebKit/537.36 (KHTML, like Gecko) Code/1.122.1 Chrome/142.0.7444.265 Electron/39.8.8 Safari/537.36",
        "sec-ch-ua": "\"Not_A Brand\";v=\"99\", \"Chromium\";v=\"142\"",
        "sec-ch-ua-mobile": "?0",
        "accept": "*/*",
        "origin": "http://localhost:3000",
        "sec-fetch-site": "same-site",
        "sec-fetch-mode": "cors",
        "sec-fetch-dest": "empty",
        "referer": "http://localhost:3000/",
        "accept-encoding": "gzip, deflate, br, zstd",
        "accept-language": "en-US",
        "if-none-match": "W/\"23-WgR9+nUlfRzXMzFiBE7oaznpWzo\""
      },
      "remoteAddress": "::1",
      "remotePort": 64569
    }
    [35mres[39m: {
      "statusCode": 401,
      "headers": {
        "x-powered-by": "Express",
        "access-control-allow-origin": "http://localhost:3000",
        "vary": "Origin",
        "access-control-allow-credentials": "true",
        "x-request-id": "c69d3600-0a6a-4b10-be1a-ef5d34a134aa",
        "x-content-type-options": "nosniff",
        "x-frame-options": "DENY",
        "x-xss-protection": "1; mode=block",
        "strict-transport-security": "max-age=31536000; includeSubDomains",
        "referrer-policy": "strict-origin-when-cross-origin",
        "permissions-policy": "camera=(), microphone=(), geolocation=()",
        "content-type": "application/json; charset=utf-8",
        "content-length": "43",
        "etag": "W/\"2b-dGnJzt6gv1nJjX6DJ9RztDWptng\""
      }
    }
    [35mresponseTime[39m: 5
[17:22:47.828] [32mINFO[39m (16336): [36mrequest completed[39m
    [35mreq[39m: {
      "id": 140,
      "method": "GET",
      "url": "/api/v1/platform/hotels?page=1&limit=15&plan=all&sortBy=name-asc",
      "query": {
        "page": "1",
        "limit": "15",
        "plan": "all",
        "sortBy": "name-asc"
      },
      "params": {
        "path": [
          "platform",
          "hotels"
        ]
      },
      "headers": {
        "host": "localhost:5000",
        "connection": "keep-alive",
        "sec-ch-ua-platform": "\"Windows\"",
        "authorization": "[Redacted]",
        "user-agent": "Mozilla/5.0 (Windows NT 10.0; Win64; x64) AppleWebKit/537.36 (KHTML, like Gecko) Code/1.122.1 Chrome/142.0.7444.265 Electron/39.8.8 Safari/537.36",
        "sec-ch-ua": "\"Not_A Brand\";v=\"99\", \"Chromium\";v=\"142\"",
        "sec-ch-ua-mobile": "?0",
        "accept": "*/*",
        "origin": "http://localhost:3000",
        "sec-fetch-site": "same-site",
        "sec-fetch-mode": "cors",
        "sec-fetch-dest": "empty",
        "referer": "http://localhost:3000/",
        "accept-encoding": "gzip, deflate, br, zstd",
        "accept-language": "en-US",
        "if-none-match": "W/\"3b7-Sg6tiMNXL1xrmCzXwvYAdIXFpWA\""
      },
      "remoteAddress": "::1",
      "remotePort": 64607
    }
    [35mres[39m: {
      "statusCode": 401,
      "headers": {
        "x-powered-by": "Express",
        "access-control-allow-origin": "http://localhost:3000",
        "vary": "Origin",
        "access-control-allow-credentials": "true",
        "x-request-id": "79511c4d-85fc-4fb3-9313-2c635a98c499",
        "x-content-type-options": "nosniff",
        "x-frame-options": "DENY",
        "x-xss-protection": "1; mode=block",
        "strict-transport-security": "max-age=31536000; includeSubDomains",
        "referrer-policy": "strict-origin-when-cross-origin",
        "permissions-policy": "camera=(), microphone=(), geolocation=()",
        "content-type": "application/json; charset=utf-8",
        "content-length": "43",
        "etag": "W/\"2b-dGnJzt6gv1nJjX6DJ9RztDWptng\""
      }
    }
    [35mresponseTime[39m: 3
[17:22:48.902] [32mINFO[39m (16336): [36mrequest completed[39m
    [35mreq[39m: {
      "id": 141,
      "method": "GET",
      "url": "/api/v1/platform/hotels?page=1&limit=15&plan=all&sortBy=name-asc",
      "query": {
        "page": "1",
        "limit": "15",
        "plan": "all",
        "sortBy": "name-asc"
      },
      "params": {
        "path": [
          "platform",
          "hotels"
        ]
      },
      "headers": {
        "host": "localhost:5000",
        "connection": "keep-alive",
        "sec-ch-ua-platform": "\"Windows\"",
        "authorization": "[Redacted]",
        "user-agent": "Mozilla/5.0 (Windows NT 10.0; Win64; x64) AppleWebKit/537.36 (KHTML, like Gecko) Code/1.122.1 Chrome/142.0.7444.265 Electron/39.8.8 Safari/537.36",
        "sec-ch-ua": "\"Not_A Brand\";v=\"99\", \"Chromium\";v=\"142\"",
        "sec-ch-ua-mobile": "?0",
        "accept": "*/*",
        "origin": "http://localhost:3000",
        "sec-fetch-site": "same-site",
        "sec-fetch-mode": "cors",
        "sec-fetch-dest": "empty",
        "referer": "http://localhost:3000/",
        "accept-encoding": "gzip, deflate, br, zstd",
        "accept-language": "en-US",
        "if-none-match": "W/\"3b7-Sg6tiMNXL1xrmCzXwvYAdIXFpWA\""
      },
      "remoteAddress": "::1",
      "remotePort": 64607
    }
    [35mres[39m: {
      "statusCode": 401,
      "headers": {
        "x-powered-by": "Express",
        "access-control-allow-origin": "http://localhost:3000",
        "vary": "Origin",
        "access-control-allow-credentials": "true",
        "x-request-id": "6c4bbae3-a2f3-4009-a971-20d98cfa8355",
        "x-content-type-options": "nosniff",
        "x-frame-options": "DENY",
        "x-xss-protection": "1; mode=block",
        "strict-transport-security": "max-age=31536000; includeSubDomains",
        "referrer-policy": "strict-origin-when-cross-origin",
        "permissions-policy": "camera=(), microphone=(), geolocation=()",
        "content-type": "application/json; charset=utf-8",
        "content-length": "43",
        "etag": "W/\"2b-dGnJzt6gv1nJjX6DJ9RztDWptng\""
      }
    }
    [35mresponseTime[39m: 3
[17:22:50.915] [32mINFO[39m (16336): [36mrequest completed[39m
    [35mreq[39m: {
      "id": 142,
      "method": "GET",
      "url": "/api/v1/platform/hotels?page=1&limit=15&plan=all&sortBy=name-asc",
      "query": {
        "page": "1",
        "limit": "15",
        "plan": "all",
        "sortBy": "name-asc"
      },
      "params": {
        "path": [
          "platform",
          "hotels"
        ]
      },
      "headers": {
        "host": "localhost:5000",
        "connection": "keep-alive",
        "sec-ch-ua-platform": "\"Windows\"",
        "authorization": "[Redacted]",
        "user-agent": "Mozilla/5.0 (Windows NT 10.0; Win64; x64) AppleWebKit/537.36 (KHTML, like Gecko) Code/1.122.1 Chrome/142.0.7444.265 Electron/39.8.8 Safari/537.36",
        "sec-ch-ua": "\"Not_A Brand\";v=\"99\", \"Chromium\";v=\"142\"",
        "sec-ch-ua-mobile": "?0",
        "accept": "*/*",
        "origin": "http://localhost:3000",
        "sec-fetch-site": "same-site",
        "sec-fetch-mode": "cors",
        "sec-fetch-dest": "empty",
        "referer": "http://localhost:3000/",
        "accept-encoding": "gzip, deflate, br, zstd",
        "accept-language": "en-US",
        "if-none-match": "W/\"3b7-Sg6tiMNXL1xrmCzXwvYAdIXFpWA\""
      },
      "remoteAddress": "::1",
      "remotePort": 64607
    }
    [35mres[39m: {
      "statusCode": 401,
      "headers": {
        "x-powered-by": "Express",
        "access-control-allow-origin": "http://localhost:3000",
        "vary": "Origin",
        "access-control-allow-credentials": "true",
        "x-request-id": "6ceb0a9e-bb65-4d1c-b800-68600343f542",
        "x-content-type-options": "nosniff",
        "x-frame-options": "DENY",
        "x-xss-protection": "1; mode=block",
        "strict-transport-security": "max-age=31536000; includeSubDomains",
        "referrer-policy": "strict-origin-when-cross-origin",
        "permissions-policy": "camera=(), microphone=(), geolocation=()",
        "content-type": "application/json; charset=utf-8",
        "content-length": "43",
        "etag": "W/\"2b-dGnJzt6gv1nJjX6DJ9RztDWptng\""
      }
    }
    [35mresponseTime[39m: 4
[17:22:54.948] [32mINFO[39m (16336): [36mrequest completed[39m
    [35mreq[39m: {
      "id": 143,
      "method": "GET",
      "url": "/api/v1/platform/hotels?page=1&limit=15&plan=all&sortBy=name-asc",
      "query": {
        "page": "1",
        "limit": "15",
        "plan": "all",
        "sortBy": "name-asc"
      },
      "params": {
        "path": [
          "platform",
          "hotels"
        ]
      },
      "headers": {
        "host": "localhost:5000",
        "connection": "keep-alive",
        "sec-ch-ua-platform": "\"Windows\"",
        "authorization": "[Redacted]",
        "user-agent": "Mozilla/5.0 (Windows NT 10.0; Win64; x64) AppleWebKit/537.36 (KHTML, like Gecko) Code/1.122.1 Chrome/142.0.7444.265 Electron/39.8.8 Safari/537.36",
        "sec-ch-ua": "\"Not_A Brand\";v=\"99\", \"Chromium\";v=\"142\"",
        "sec-ch-ua-mobile": "?0",
        "accept": "*/*",
        "origin": "http://localhost:3000",
        "sec-fetch-site": "same-site",
        "sec-fetch-mode": "cors",
        "sec-fetch-dest": "empty",
        "referer": "http://localhost:3000/",
        "accept-encoding": "gzip, deflate, br, zstd",
        "accept-language": "en-US",
        "if-none-match": "W/\"3b7-Sg6tiMNXL1xrmCzXwvYAdIXFpWA\""
      },
      "remoteAddress": "::1",
      "remotePort": 64607
    }
    [35mres[39m: {
      "statusCode": 401,
      "headers": {
        "x-powered-by": "Express",
        "access-control-allow-origin": "http://localhost:3000",
        "vary": "Origin",
        "access-control-allow-credentials": "true",
        "x-request-id": "6810b89c-cd0c-4d77-98a7-8555d1d90f27",
        "x-content-type-options": "nosniff",
        "x-frame-options": "DENY",
        "x-xss-protection": "1; mode=block",
        "strict-transport-security": "max-age=31536000; includeSubDomains",
        "referrer-policy": "strict-origin-when-cross-origin",
        "permissions-policy": "camera=(), microphone=(), geolocation=()",
        "content-type": "application/json; charset=utf-8",
        "content-length": "43",
        "etag": "W/\"2b-dGnJzt6gv1nJjX6DJ9RztDWptng\""
      }
    }
    [35mresponseTime[39m: 2
[17:23:06.423] [32mINFO[39m (16336): [36mrequest completed[39m
    [35mreq[39m: {
      "id": 144,
      "method": "GET",
      "url": "/api/v1/notifications/unread-count",
      "query": {},
      "params": {
        "path": [
          "notifications",
          "unread-count"
        ]
      },
      "headers": {
        "host": "localhost:5000",
        "connection": "keep-alive",
        "sec-ch-ua-platform": "\"Windows\"",
        "authorization": "[Redacted]",
        "user-agent": "Mozilla/5.0 (Windows NT 10.0; Win64; x64) AppleWebKit/537.36 (KHTML, like Gecko) Code/1.122.1 Chrome/142.0.7444.265 Electron/39.8.8 Safari/537.36",
        "sec-ch-ua": "\"Not_A Brand\";v=\"99\", \"Chromium\";v=\"142\"",
        "sec-ch-ua-mobile": "?0",
        "accept": "*/*",
        "origin": "http://localhost:3000",
        "sec-fetch-site": "same-site",
        "sec-fetch-mode": "cors",
        "sec-fetch-dest": "empty",
        "referer": "http://localhost:3000/",
        "accept-encoding": "gzip, deflate, br, zstd",
        "accept-language": "en-US",
        "if-none-match": "W/\"23-WgR9+nUlfRzXMzFiBE7oaznpWzo\""
      },
      "remoteAddress": "::1",
      "remotePort": 64632
    }
    [35mres[39m: {
      "statusCode": 401,
      "headers": {
        "x-powered-by": "Express",
        "access-control-allow-origin": "http://localhost:3000",
        "vary": "Origin",
        "access-control-allow-credentials": "true",
        "x-request-id": "b96f269f-2b0e-4f0b-b10f-6349065d3052",
        "x-content-type-options": "nosniff",
        "x-frame-options": "DENY",
        "x-xss-protection": "1; mode=block",
        "strict-transport-security": "max-age=31536000; includeSubDomains",
        "referrer-policy": "strict-origin-when-cross-origin",
        "permissions-policy": "camera=(), microphone=(), geolocation=()",
        "content-type": "application/json; charset=utf-8",
        "content-length": "43",
        "etag": "W/\"2b-dGnJzt6gv1nJjX6DJ9RztDWptng\""
      }
    }
    [35mresponseTime[39m: 4
[17:23:09.972] [32mINFO[39m (16336): [36mrequest completed[39m
    [35mreq[39m: {
      "id": 145,
      "method": "GET",
      "url": "/api/v1/platform/hotels?page=1&limit=15&plan=all&sortBy=name-asc",
      "query": {
        "page": "1",
        "limit": "15",
        "plan": "all",
        "sortBy": "name-asc"
      },
      "params": {
        "path": [
          "platform",
          "hotels"
        ]
      },
      "headers": {
        "host": "localhost:5000",
        "connection": "keep-alive",
        "sec-ch-ua-platform": "\"Windows\"",
        "authorization": "[Redacted]",
        "user-agent": "Mozilla/5.0 (Windows NT 10.0; Win64; x64) AppleWebKit/537.36 (KHTML, like Gecko) Code/1.122.1 Chrome/142.0.7444.265 Electron/39.8.8 Safari/537.36",
        "sec-ch-ua": "\"Not_A Brand\";v=\"99\", \"Chromium\";v=\"142\"",
        "sec-ch-ua-mobile": "?0",
        "accept": "*/*",
        "origin": "http://localhost:3000",
        "sec-fetch-site": "same-site",
        "sec-fetch-mode": "cors",
        "sec-fetch-dest": "empty",
        "referer": "http://localhost:3000/",
        "accept-encoding": "gzip, deflate, br, zstd",
        "accept-language": "en-US",
        "if-none-match": "W/\"3b7-Sg6tiMNXL1xrmCzXwvYAdIXFpWA\""
      },
      "remoteAddress": "::1",
      "remotePort": 64632
    }
    [35mres[39m: {
      "statusCode": 401,
      "headers": {
        "x-powered-by": "Express",
        "access-control-allow-origin": "http://localhost:3000",
        "vary": "Origin",
        "access-control-allow-credentials": "true",
        "x-request-id": "0d4ad37e-0465-4b83-9aea-fbe304008704",
        "x-content-type-options": "nosniff",
        "x-frame-options": "DENY",
        "x-xss-protection": "1; mode=block",
        "strict-transport-security": "max-age=31536000; includeSubDomains",
        "referrer-policy": "strict-origin-when-cross-origin",
        "permissions-policy": "camera=(), microphone=(), geolocation=()",
        "content-type": "application/json; charset=utf-8",
        "content-length": "43",
        "etag": "W/\"2b-dGnJzt6gv1nJjX6DJ9RztDWptng\""
      }
    }
    [35mresponseTime[39m: 3
[17:23:11.112] [32mINFO[39m (16336): [36mrequest completed[39m
    [35mreq[39m: {
      "id": 146,
      "method": "GET",
      "url": "/api/v1/platform/hotels?page=1&limit=15&plan=all&sortBy=name-asc",
      "query": {
        "page": "1",
        "limit": "15",
        "plan": "all",
        "sortBy": "name-asc"
      },
      "params": {
        "path": [
          "platform",
          "hotels"
        ]
      },
      "headers": {
        "host": "localhost:5000",
        "connection": "keep-alive",
        "sec-ch-ua-platform": "\"Windows\"",
        "authorization": "[Redacted]",
        "user-agent": "Mozilla/5.0 (Windows NT 10.0; Win64; x64) AppleWebKit/537.36 (KHTML, like Gecko) Code/1.122.1 Chrome/142.0.7444.265 Electron/39.8.8 Safari/537.36",
        "sec-ch-ua": "\"Not_A Brand\";v=\"99\", \"Chromium\";v=\"142\"",
        "sec-ch-ua-mobile": "?0",
        "accept": "*/*",
        "origin": "http://localhost:3000",
        "sec-fetch-site": "same-site",
        "sec-fetch-mode": "cors",
        "sec-fetch-dest": "empty",
        "referer": "http://localhost:3000/",
        "accept-encoding": "gzip, deflate, br, zstd",
        "accept-language": "en-US",
        "if-none-match": "W/\"3b7-Sg6tiMNXL1xrmCzXwvYAdIXFpWA\""
      },
      "remoteAddress": "::1",
      "remotePort": 64632
    }
    [35mres[39m: {
      "statusCode": 401,
      "headers": {
        "x-powered-by": "Express",
        "access-control-allow-origin": "http://localhost:3000",
        "vary": "Origin",
        "access-control-allow-credentials": "true",
        "x-request-id": "138ae46d-f1a0-4396-8c2a-44c1fa9368d7",
        "x-content-type-options": "nosniff",
        "x-frame-options": "DENY",
        "x-xss-protection": "1; mode=block",
        "strict-transport-security": "max-age=31536000; includeSubDomains",
        "referrer-policy": "strict-origin-when-cross-origin",
        "permissions-policy": "camera=(), microphone=(), geolocation=()",
        "content-type": "application/json; charset=utf-8",
        "content-length": "43",
        "etag": "W/\"2b-dGnJzt6gv1nJjX6DJ9RztDWptng\""
      }
    }
    [35mresponseTime[39m: 2
[17:23:13.129] [32mINFO[39m (16336): [36mrequest completed[39m
    [35mreq[39m: {
      "id": 147,
      "method": "GET",
      "url": "/api/v1/platform/hotels?page=1&limit=15&plan=all&sortBy=name-asc",
      "query": {
        "page": "1",
        "limit": "15",
        "plan": "all",
        "sortBy": "name-asc"
      },
      "params": {
        "path": [
          "platform",
          "hotels"
        ]
      },
      "headers": {
        "host": "localhost:5000",
        "connection": "keep-alive",
        "sec-ch-ua-platform": "\"Windows\"",
        "authorization": "[Redacted]",
        "user-agent": "Mozilla/5.0 (Windows NT 10.0; Win64; x64) AppleWebKit/537.36 (KHTML, like Gecko) Code/1.122.1 Chrome/142.0.7444.265 Electron/39.8.8 Safari/537.36",
        "sec-ch-ua": "\"Not_A Brand\";v=\"99\", \"Chromium\";v=\"142\"",
        "sec-ch-ua-mobile": "?0",
        "accept": "*/*",
        "origin": "http://localhost:3000",
        "sec-fetch-site": "same-site",
        "sec-fetch-mode": "cors",
        "sec-fetch-dest": "empty",
        "referer": "http://localhost:3000/",
        "accept-encoding": "gzip, deflate, br, zstd",
        "accept-language": "en-US",
        "if-none-match": "W/\"3b7-Sg6tiMNXL1xrmCzXwvYAdIXFpWA\""
      },
      "remoteAddress": "::1",
      "remotePort": 64632
    }
    [35mres[39m: {
      "statusCode": 401,
      "headers": {
        "x-powered-by": "Express",
        "access-control-allow-origin": "http://localhost:3000",
        "vary": "Origin",
        "access-control-allow-credentials": "true",
        "x-request-id": "b7b339f2-6259-495b-9a7b-5169ee9a4e7a",
        "x-content-type-options": "nosniff",
        "x-frame-options": "DENY",
        "x-xss-protection": "1; mode=block",
        "strict-transport-security": "max-age=31536000; includeSubDomains",
        "referrer-policy": "strict-origin-when-cross-origin",
        "permissions-policy": "camera=(), microphone=(), geolocation=()",
        "content-type": "application/json; charset=utf-8",
        "content-length": "43",
        "etag": "W/\"2b-dGnJzt6gv1nJjX6DJ9RztDWptng\""
      }
    }
    [35mresponseTime[39m: 4
[17:23:17.158] [32mINFO[39m (16336): [36mrequest completed[39m
    [35mreq[39m: {
      "id": 148,
      "method": "GET",
      "url": "/api/v1/platform/hotels?page=1&limit=15&plan=all&sortBy=name-asc",
      "query": {
        "page": "1",
        "limit": "15",
        "plan": "all",
        "sortBy": "name-asc"
      },
      "params": {
        "path": [
          "platform",
          "hotels"
        ]
      },
      "headers": {
        "host": "localhost:5000",
        "connection": "keep-alive",
        "sec-ch-ua-platform": "\"Windows\"",
        "authorization": "[Redacted]",
        "user-agent": "Mozilla/5.0 (Windows NT 10.0; Win64; x64) AppleWebKit/537.36 (KHTML, like Gecko) Code/1.122.1 Chrome/142.0.7444.265 Electron/39.8.8 Safari/537.36",
        "sec-ch-ua": "\"Not_A Brand\";v=\"99\", \"Chromium\";v=\"142\"",
        "sec-ch-ua-mobile": "?0",
        "accept": "*/*",
        "origin": "http://localhost:3000",
        "sec-fetch-site": "same-site",
        "sec-fetch-mode": "cors",
        "sec-fetch-dest": "empty",
        "referer": "http://localhost:3000/",
        "accept-encoding": "gzip, deflate, br, zstd",
        "accept-language": "en-US",
        "if-none-match": "W/\"3b7-Sg6tiMNXL1xrmCzXwvYAdIXFpWA\""
      },
      "remoteAddress": "::1",
      "remotePort": 64632
    }
    [35mres[39m: {
      "statusCode": 401,
      "headers": {
        "x-powered-by": "Express",
        "access-control-allow-origin": "http://localhost:3000",
        "vary": "Origin",
        "access-control-allow-credentials": "true",
        "x-request-id": "0da6ac04-6cc3-426b-9f9e-cda691397118",
        "x-content-type-options": "nosniff",
        "x-frame-options": "DENY",
        "x-xss-protection": "1; mode=block",
        "strict-transport-security": "max-age=31536000; includeSubDomains",
        "referrer-policy": "strict-origin-when-cross-origin",
        "permissions-policy": "camera=(), microphone=(), geolocation=()",
        "content-type": "application/json; charset=utf-8",
        "content-length": "43",
        "etag": "W/\"2b-dGnJzt6gv1nJjX6DJ9RztDWptng\""
      }
    }
    [35mresponseTime[39m: 4
[17:23:32.211] [32mINFO[39m (16336): [36mrequest completed[39m
    [35mreq[39m: {
      "id": 149,
      "method": "GET",
      "url": "/api/v1/platform/hotels?page=1&limit=15&plan=all&sortBy=name-asc",
      "query": {
        "page": "1",
        "limit": "15",
        "plan": "all",
        "sortBy": "name-asc"
      },
      "params": {
        "path": [
          "platform",
          "hotels"
        ]
      },
      "headers": {
        "host": "localhost:5000",
        "connection": "keep-alive",
        "sec-ch-ua-platform": "\"Windows\"",
        "authorization": "[Redacted]",
        "user-agent": "Mozilla/5.0 (Windows NT 10.0; Win64; x64) AppleWebKit/537.36 (KHTML, like Gecko) Code/1.122.1 Chrome/142.0.7444.265 Electron/39.8.8 Safari/537.36",
        "sec-ch-ua": "\"Not_A Brand\";v=\"99\", \"Chromium\";v=\"142\"",
        "sec-ch-ua-mobile": "?0",
        "accept": "*/*",
        "origin": "http://localhost:3000",
        "sec-fetch-site": "same-site",
        "sec-fetch-mode": "cors",
        "sec-fetch-dest": "empty",
        "referer": "http://localhost:3000/",
        "accept-encoding": "gzip, deflate, br, zstd",
        "accept-language": "en-US",
        "if-none-match": "W/\"3b7-Sg6tiMNXL1xrmCzXwvYAdIXFpWA\""
      },
      "remoteAddress": "::1",
      "remotePort": 64661
    }
    [35mres[39m: {
      "statusCode": 401,
      "headers": {
        "x-powered-by": "Express",
        "access-control-allow-origin": "http://localhost:3000",
        "vary": "Origin",
        "access-control-allow-credentials": "true",
        "x-request-id": "a77589d8-4d7f-4246-a4ce-71c979c26b06",
        "x-content-type-options": "nosniff",
        "x-frame-options": "DENY",
        "x-xss-protection": "1; mode=block",
        "strict-transport-security": "max-age=31536000; includeSubDomains",
        "referrer-policy": "strict-origin-when-cross-origin",
        "permissions-policy": "camera=(), microphone=(), geolocation=()",
        "content-type": "application/json; charset=utf-8",
        "content-length": "43",
        "etag": "W/\"2b-dGnJzt6gv1nJjX6DJ9RztDWptng\""
      }
    }
    [35mresponseTime[39m: 4
[17:23:33.303] [32mINFO[39m (16336): [36mrequest completed[39m
    [35mreq[39m: {
      "id": 150,
      "method": "GET",
      "url": "/api/v1/platform/hotels?page=1&limit=15&plan=all&sortBy=name-asc",
      "query": {
        "page": "1",
        "limit": "15",
        "plan": "all",
        "sortBy": "name-asc"
      },
      "params": {
        "path": [
          "platform",
          "hotels"
        ]
      },
      "headers": {
        "host": "localhost:5000",
        "connection": "keep-alive",
        "sec-ch-ua-platform": "\"Windows\"",
        "authorization": "[Redacted]",
        "user-agent": "Mozilla/5.0 (Windows NT 10.0; Win64; x64) AppleWebKit/537.36 (KHTML, like Gecko) Code/1.122.1 Chrome/142.0.7444.265 Electron/39.8.8 Safari/537.36",
        "sec-ch-ua": "\"Not_A Brand\";v=\"99\", \"Chromium\";v=\"142\"",
        "sec-ch-ua-mobile": "?0",
        "accept": "*/*",
        "origin": "http://localhost:3000",
        "sec-fetch-site": "same-site",
        "sec-fetch-mode": "cors",
        "sec-fetch-dest": "empty",
        "referer": "http://localhost:3000/",
        "accept-encoding": "gzip, deflate, br, zstd",
        "accept-language": "en-US",
        "if-none-match": "W/\"3b7-Sg6tiMNXL1xrmCzXwvYAdIXFpWA\""
      },
      "remoteAddress": "::1",
      "remotePort": 64661
    }
    [35mres[39m: {
      "statusCode": 401,
      "headers": {
        "x-powered-by": "Express",
        "access-control-allow-origin": "http://localhost:3000",
        "vary": "Origin",
        "access-control-allow-credentials": "true",
        "x-request-id": "1e971ebe-c1c7-4e05-9680-e1307caf51e8",
        "x-content-type-options": "nosniff",
        "x-frame-options": "DENY",
        "x-xss-protection": "1; mode=block",
        "strict-transport-security": "max-age=31536000; includeSubDomains",
        "referrer-policy": "strict-origin-when-cross-origin",
        "permissions-policy": "camera=(), microphone=(), geolocation=()",
        "content-type": "application/json; charset=utf-8",
        "content-length": "43",
        "etag": "W/\"2b-dGnJzt6gv1nJjX6DJ9RztDWptng\""
      }
    }
    [35mresponseTime[39m: 4
[17:23:35.314] [32mINFO[39m (16336): [36mrequest completed[39m
    [35mreq[39m: {
      "id": 151,
      "method": "GET",
      "url": "/api/v1/platform/hotels?page=1&limit=15&plan=all&sortBy=name-asc",
      "query": {
        "page": "1",
        "limit": "15",
        "plan": "all",
        "sortBy": "name-asc"
      },
      "params": {
        "path": [
          "platform",
          "hotels"
        ]
      },
      "headers": {
        "host": "localhost:5000",
        "connection": "keep-alive",
        "sec-ch-ua-platform": "\"Windows\"",
        "authorization": "[Redacted]",
        "user-agent": "Mozilla/5.0 (Windows NT 10.0; Win64; x64) AppleWebKit/537.36 (KHTML, like Gecko) Code/1.122.1 Chrome/142.0.7444.265 Electron/39.8.8 Safari/537.36",
        "sec-ch-ua": "\"Not_A Brand\";v=\"99\", \"Chromium\";v=\"142\"",
        "sec-ch-ua-mobile": "?0",
        "accept": "*/*",
        "origin": "http://localhost:3000",
        "sec-fetch-site": "same-site",
        "sec-fetch-mode": "cors",
        "sec-fetch-dest": "empty",
        "referer": "http://localhost:3000/",
        "accept-encoding": "gzip, deflate, br, zstd",
        "accept-language": "en-US",
        "if-none-match": "W/\"3b7-Sg6tiMNXL1xrmCzXwvYAdIXFpWA\""
      },
      "remoteAddress": "::1",
      "remotePort": 64661
    }
    [35mres[39m: {
      "statusCode": 401,
      "headers": {
        "x-powered-by": "Express",
        "access-control-allow-origin": "http://localhost:3000",
        "vary": "Origin",
        "access-control-allow-credentials": "true",
        "x-request-id": "9b9feeee-28af-413f-8811-bd2b258b300a",
        "x-content-type-options": "nosniff",
        "x-frame-options": "DENY",
        "x-xss-protection": "1; mode=block",
        "strict-transport-security": "max-age=31536000; includeSubDomains",
        "referrer-policy": "strict-origin-when-cross-origin",
        "permissions-policy": "camera=(), microphone=(), geolocation=()",
        "content-type": "application/json; charset=utf-8",
        "content-length": "43",
        "etag": "W/\"2b-dGnJzt6gv1nJjX6DJ9RztDWptng\""
      }
    }
    [35mresponseTime[39m: 3
[17:23:36.434] [32mINFO[39m (16336): [36mrequest completed[39m
    [35mreq[39m: {
      "id": 152,
      "method": "GET",
      "url": "/api/v1/notifications/unread-count",
      "query": {},
      "params": {
        "path": [
          "notifications",
          "unread-count"
        ]
      },
      "headers": {
        "host": "localhost:5000",
        "connection": "keep-alive",
        "sec-ch-ua-platform": "\"Windows\"",
        "authorization": "[Redacted]",
        "user-agent": "Mozilla/5.0 (Windows NT 10.0; Win64; x64) AppleWebKit/537.36 (KHTML, like Gecko) Code/1.122.1 Chrome/142.0.7444.265 Electron/39.8.8 Safari/537.36",
        "sec-ch-ua": "\"Not_A Brand\";v=\"99\", \"Chromium\";v=\"142\"",
        "sec-ch-ua-mobile": "?0",
        "accept": "*/*",
        "origin": "http://localhost:3000",
        "sec-fetch-site": "same-site",
        "sec-fetch-mode": "cors",
        "sec-fetch-dest": "empty",
        "referer": "http://localhost:3000/",
        "accept-encoding": "gzip, deflate, br, zstd",
        "accept-language": "en-US",
        "if-none-match": "W/\"23-WgR9+nUlfRzXMzFiBE7oaznpWzo\""
      },
      "remoteAddress": "::1",
      "remotePort": 64661
    }
    [35mres[39m: {
      "statusCode": 401,
      "headers": {
        "x-powered-by": "Express",
        "access-control-allow-origin": "http://localhost:3000",
        "vary": "Origin",
        "access-control-allow-credentials": "true",
        "x-request-id": "bf75def1-f51b-4684-a54f-529e59f1202f",
        "x-content-type-options": "nosniff",
        "x-frame-options": "DENY",
        "x-xss-protection": "1; mode=block",
        "strict-transport-security": "max-age=31536000; includeSubDomains",
        "referrer-policy": "strict-origin-when-cross-origin",
        "permissions-policy": "camera=(), microphone=(), geolocation=()",
        "content-type": "application/json; charset=utf-8",
        "content-length": "43",
        "etag": "W/\"2b-dGnJzt6gv1nJjX6DJ9RztDWptng\""
      }
    }
    [35mresponseTime[39m: 4
[17:23:39.330] [32mINFO[39m (16336): [36mrequest completed[39m
    [35mreq[39m: {
      "id": 153,
      "method": "GET",
      "url": "/api/v1/platform/hotels?page=1&limit=15&plan=all&sortBy=name-asc",
      "query": {
        "page": "1",
        "limit": "15",
        "plan": "all",
        "sortBy": "name-asc"
      },
      "params": {
        "path": [
          "platform",
          "hotels"
        ]
      },
      "headers": {
        "host": "localhost:5000",
        "connection": "keep-alive",
        "sec-ch-ua-platform": "\"Windows\"",
        "authorization": "[Redacted]",
        "user-agent": "Mozilla/5.0 (Windows NT 10.0; Win64; x64) AppleWebKit/537.36 (KHTML, like Gecko) Code/1.122.1 Chrome/142.0.7444.265 Electron/39.8.8 Safari/537.36",
        "sec-ch-ua": "\"Not_A Brand\";v=\"99\", \"Chromium\";v=\"142\"",
        "sec-ch-ua-mobile": "?0",
        "accept": "*/*",
        "origin": "http://localhost:3000",
        "sec-fetch-site": "same-site",
        "sec-fetch-mode": "cors",
        "sec-fetch-dest": "empty",
        "referer": "http://localhost:3000/",
        "accept-encoding": "gzip, deflate, br, zstd",
        "accept-language": "en-US",
        "if-none-match": "W/\"3b7-Sg6tiMNXL1xrmCzXwvYAdIXFpWA\""
      },
      "remoteAddress": "::1",
      "remotePort": 64661
    }
    [35mres[39m: {
      "statusCode": 401,
      "headers": {
        "x-powered-by": "Express",
        "access-control-allow-origin": "http://localhost:3000",
        "vary": "Origin",
        "access-control-allow-credentials": "true",
        "x-request-id": "a85769ad-ac49-4b7c-8cd2-dc8238587aa3",
        "x-content-type-options": "nosniff",
        "x-frame-options": "DENY",
        "x-xss-protection": "1; mode=block",
        "strict-transport-security": "max-age=31536000; includeSubDomains",
        "referrer-policy": "strict-origin-when-cross-origin",
        "permissions-policy": "camera=(), microphone=(), geolocation=()",
        "content-type": "application/json; charset=utf-8",
        "content-length": "43",
        "etag": "W/\"2b-dGnJzt6gv1nJjX6DJ9RztDWptng\""
      }
    }
    [35mresponseTime[39m: 2
[17:23:41.377] [32mINFO[39m (16336): [36mrequest completed[39m
    [35mreq[39m: {
      "id": 154,
      "method": "GET",
      "url": "/api/v1/platform/hotels?page=1&limit=15&plan=all&sortBy=name-asc",
      "query": {
        "page": "1",
        "limit": "15",
        "plan": "all",
        "sortBy": "name-asc"
      },
      "params": {
        "path": [
          "platform",
          "hotels"
        ]
      },
      "headers": {
        "host": "localhost:5000",
        "connection": "keep-alive",
        "sec-ch-ua-platform": "\"Windows\"",
        "authorization": "[Redacted]",
        "user-agent": "Mozilla/5.0 (Windows NT 10.0; Win64; x64) AppleWebKit/537.36 (KHTML, like Gecko) Code/1.122.1 Chrome/142.0.7444.265 Electron/39.8.8 Safari/537.36",
        "sec-ch-ua": "\"Not_A Brand\";v=\"99\", \"Chromium\";v=\"142\"",
        "sec-ch-ua-mobile": "?0",
        "accept": "*/*",
        "origin": "http://localhost:3000",
        "sec-fetch-site": "same-site",
        "sec-fetch-mode": "cors",
        "sec-fetch-dest": "empty",
        "referer": "http://localhost:3000/",
        "accept-encoding": "gzip, deflate, br, zstd",
        "accept-language": "en-US",
        "if-none-match": "W/\"3b7-Sg6tiMNXL1xrmCzXwvYAdIXFpWA\""
      },
      "remoteAddress": "::1",
      "remotePort": 64661
    }
    [35mres[39m: {
      "statusCode": 401,
      "headers": {
        "x-powered-by": "Express",
        "access-control-allow-origin": "http://localhost:3000",
        "vary": "Origin",
        "access-control-allow-credentials": "true",
        "x-request-id": "8a41e245-3fb7-44d8-a38c-fcbed271f6a6",
        "x-content-type-options": "nosniff",
        "x-frame-options": "DENY",
        "x-xss-protection": "1; mode=block",
        "strict-transport-security": "max-age=31536000; includeSubDomains",
        "referrer-policy": "strict-origin-when-cross-origin",
        "permissions-policy": "camera=(), microphone=(), geolocation=()",
        "content-type": "application/json; charset=utf-8",
        "content-length": "43",
        "etag": "W/\"2b-dGnJzt6gv1nJjX6DJ9RztDWptng\""
      }
    }
    [35mresponseTime[39m: 4
[17:23:42.472] [32mINFO[39m (16336): [36mrequest completed[39m
    [35mreq[39m: {
      "id": 155,
      "method": "GET",
      "url": "/api/v1/platform/hotels?page=1&limit=15&plan=all&sortBy=name-asc",
      "query": {
        "page": "1",
        "limit": "15",
        "plan": "all",
        "sortBy": "name-asc"
      },
      "params": {
        "path": [
          "platform",
          "hotels"
        ]
      },
      "headers": {
        "host": "localhost:5000",
        "connection": "keep-alive",
        "sec-ch-ua-platform": "\"Windows\"",
        "authorization": "[Redacted]",
        "user-agent": "Mozilla/5.0 (Windows NT 10.0; Win64; x64) AppleWebKit/537.36 (KHTML, like Gecko) Code/1.122.1 Chrome/142.0.7444.265 Electron/39.8.8 Safari/537.36",
        "sec-ch-ua": "\"Not_A Brand\";v=\"99\", \"Chromium\";v=\"142\"",
        "sec-ch-ua-mobile": "?0",
        "accept": "*/*",
        "origin": "http://localhost:3000",
        "sec-fetch-site": "same-site",
        "sec-fetch-mode": "cors",
        "sec-fetch-dest": "empty",
        "referer": "http://localhost:3000/",
        "accept-encoding": "gzip, deflate, br, zstd",
        "accept-language": "en-US",
        "if-none-match": "W/\"3b7-Sg6tiMNXL1xrmCzXwvYAdIXFpWA\""
      },
      "remoteAddress": "::1",
      "remotePort": 64661
    }
    [35mres[39m: {
      "statusCode": 401,
      "headers": {
        "x-powered-by": "Express",
        "access-control-allow-origin": "http://localhost:3000",
        "vary": "Origin",
        "access-control-allow-credentials": "true",
        "x-request-id": "806800e5-20bf-4c12-8b44-ff9e4444fa92",
        "x-content-type-options": "nosniff",
        "x-frame-options": "DENY",
        "x-xss-protection": "1; mode=block",
        "strict-transport-security": "max-age=31536000; includeSubDomains",
        "referrer-policy": "strict-origin-when-cross-origin",
        "permissions-policy": "camera=(), microphone=(), geolocation=()",
        "content-type": "application/json; charset=utf-8",
        "content-length": "43",
        "etag": "W/\"2b-dGnJzt6gv1nJjX6DJ9RztDWptng\""
      }
    }
    [35mresponseTime[39m: 2
[17:23:44.496] [32mINFO[39m (16336): [36mrequest completed[39m
    [35mreq[39m: {
      "id": 156,
      "method": "GET",
      "url": "/api/v1/platform/hotels?page=1&limit=15&plan=all&sortBy=name-asc",
      "query": {
        "page": "1",
        "limit": "15",
        "plan": "all",
        "sortBy": "name-asc"
      },
      "params": {
        "path": [
          "platform",
          "hotels"
        ]
      },
      "headers": {
        "host": "localhost:5000",
        "connection": "keep-alive",
        "sec-ch-ua-platform": "\"Windows\"",
        "authorization": "[Redacted]",
        "user-agent": "Mozilla/5.0 (Windows NT 10.0; Win64; x64) AppleWebKit/537.36 (KHTML, like Gecko) Code/1.122.1 Chrome/142.0.7444.265 Electron/39.8.8 Safari/537.36",
        "sec-ch-ua": "\"Not_A Brand\";v=\"99\", \"Chromium\";v=\"142\"",
        "sec-ch-ua-mobile": "?0",
        "accept": "*/*",
        "origin": "http://localhost:3000",
        "sec-fetch-site": "same-site",
        "sec-fetch-mode": "cors",
        "sec-fetch-dest": "empty",
        "referer": "http://localhost:3000/",
        "accept-encoding": "gzip, deflate, br, zstd",
        "accept-language": "en-US",
        "if-none-match": "W/\"3b7-Sg6tiMNXL1xrmCzXwvYAdIXFpWA\""
      },
      "remoteAddress": "::1",
      "remotePort": 64661
    }
    [35mres[39m: {
      "statusCode": 401,
      "headers": {
        "x-powered-by": "Express",
        "access-control-allow-origin": "http://localhost:3000",
        "vary": "Origin",
        "access-control-allow-credentials": "true",
        "x-request-id": "e0c03d59-6d74-4bee-a406-160f850c3c7c",
        "x-content-type-options": "nosniff",
        "x-frame-options": "DENY",
        "x-xss-protection": "1; mode=block",
        "strict-transport-security": "max-age=31536000; includeSubDomains",
        "referrer-policy": "strict-origin-when-cross-origin",
        "permissions-policy": "camera=(), microphone=(), geolocation=()",
        "content-type": "application/json; charset=utf-8",
        "content-length": "43",
        "etag": "W/\"2b-dGnJzt6gv1nJjX6DJ9RztDWptng\""
      }
    }
    [35mresponseTime[39m: 2
[17:23:48.507] [32mINFO[39m (16336): [36mrequest completed[39m
    [35mreq[39m: {
      "id": 157,
      "method": "GET",
      "url": "/api/v1/platform/hotels?page=1&limit=15&plan=all&sortBy=name-asc",
      "query": {
        "page": "1",
        "limit": "15",
        "plan": "all",
        "sortBy": "name-asc"
      },
      "params": {
        "path": [
          "platform",
          "hotels"
        ]
      },
      "headers": {
        "host": "localhost:5000",
        "connection": "keep-alive",
        "sec-ch-ua-platform": "\"Windows\"",
        "authorization": "[Redacted]",
        "user-agent": "Mozilla/5.0 (Windows NT 10.0; Win64; x64) AppleWebKit/537.36 (KHTML, like Gecko) Code/1.122.1 Chrome/142.0.7444.265 Electron/39.8.8 Safari/537.36",
        "sec-ch-ua": "\"Not_A Brand\";v=\"99\", \"Chromium\";v=\"142\"",
        "sec-ch-ua-mobile": "?0",
        "accept": "*/*",
        "origin": "http://localhost:3000",
        "sec-fetch-site": "same-site",
        "sec-fetch-mode": "cors",
        "sec-fetch-dest": "empty",
        "referer": "http://localhost:3000/",
        "accept-encoding": "gzip, deflate, br, zstd",
        "accept-language": "en-US",
        "if-none-match": "W/\"3b7-Sg6tiMNXL1xrmCzXwvYAdIXFpWA\""
      },
      "remoteAddress": "::1",
      "remotePort": 64661
    }
    [35mres[39m: {
      "statusCode": 401,
      "headers": {
        "x-powered-by": "Express",
        "access-control-allow-origin": "http://localhost:3000",
        "vary": "Origin",
        "access-control-allow-credentials": "true",
        "x-request-id": "0e2c8c60-9f5b-40ef-82a2-b6d8dc982f52",
        "x-content-type-options": "nosniff",
        "x-frame-options": "DENY",
        "x-xss-protection": "1; mode=block",
        "strict-transport-security": "max-age=31536000; includeSubDomains",
        "referrer-policy": "strict-origin-when-cross-origin",
        "permissions-policy": "camera=(), microphone=(), geolocation=()",
        "content-type": "application/json; charset=utf-8",
        "content-length": "43",
        "etag": "W/\"2b-dGnJzt6gv1nJjX6DJ9RztDWptng\""
      }
    }
    [35mresponseTime[39m: 2
[90m[4mquery:[24m[39m [94mSET[0m [37msearch_path[0m [94mTO[0m [37m"global"[0m[37m,[0m [37mglobal[0m[37m,[0m [37mpublic[0m
[90m[4mquery:[24m[39m [94mSELECT[0m [37m"Hotel"[0m[37m.[0m[37m"id"[0m [94mAS[0m [37m"Hotel_id"[0m[37m,[0m [37m"Hotel"[0m[37m.[0m[37m"createdAt"[0m [94mAS[0m [37m"Hotel_createdAt"[0m[37m,[0m [37m"Hotel"[0m[37m.[0m[37m"updatedAt"[0m [94mAS[0m [37m"Hotel_updatedAt"[0m[37m,[0m [37m"Hotel"[0m[37m.[0m[37m"deletedAt"[0m [94mAS[0m [37m"Hotel_deletedAt"[0m[37m,[0m [37m"Hotel"[0m[37m.[0m[37m"name"[0m [94mAS[0m [37m"Hotel_name"[0m[37m,[0m [37m"Hotel"[0m[37m.[0m[37m"slug"[0m [94mAS[0m [37m"Hotel_slug"[0m[37m,[0m [37m"Hotel"[0m[37m.[0m[37m"type"[0m [94mAS[0m [37m"Hotel_type"[0m[37m,[0m [37m"Hotel"[0m[37m.[0m[37m"description"[0m [94mAS[0m [37m"Hotel_description"[0m[37m,[0m [37m"Hotel"[0m[37m.[0m[37m"schemaName"[0m [94mAS[0m [37m"Hotel_schemaName"[0m[37m,[0m [37m"Hotel"[0m[37m.[0m[37m"status"[0m [94mAS[0m [37m"Hotel_status"[0m[37m,[0m [37m"Hotel"[0m[37m.[0m[37m"subdomain"[0m [94mAS[0m [37m"Hotel_subdomain"[0m[37m,[0m [37m"Hotel"[0m[37m.[0m[37m"location"[0m [94mAS[0m [37m"Hotel_location"[0m[37m,[0m [37m"Hotel"[0m[37m.[0m[37m"region"[0m [94mAS[0m [37m"Hotel_region"[0m[37m,[0m [37m"Hotel"[0m[37m.[0m[37m"timezone"[0m [94mAS[0m [37m"Hotel_timezone"[0m[37m,[0m [37m"Hotel"[0m[37m.[0m[37m"currency"[0m [94mAS[0m [37m"Hotel_currency"[0m[37m,[0m [37m"Hotel"[0m[37m.[0m[37m"ownerName"[0m [94mAS[0m [37m"Hotel_ownerName"[0m[37m,[0m [37m"Hotel"[0m[37m.[0m[37m"ownerEmail"[0m [94mAS[0m [37m"Hotel_ownerEmail"[0m[37m,[0m [37m"Hotel"[0m[37m.[0m[37m"branding"[0m [94mAS[0m [37m"Hotel_branding"[0m[37m,[0m [37m"Hotel"[0m[37m.[0m[37m"settings"[0m [94mAS[0m [37m"Hotel_settings"[0m[37m,[0m [37m"Hotel"[0m[37m.[0m[37m"subscription"[0m [94mAS[0m [37m"Hotel_subscription"[0m[37m,[0m [37m"Hotel"[0m[37m.[0m[37m"paymentMethods"[0m [94mAS[0m [37m"Hotel_paymentMethods"[0m[37m,[0m [37m"Hotel"[0m[37m.[0m[37m"cancellationPolicy"[0m [94mAS[0m [37m"Hotel_cancellationPolicy"[0m[37m,[0m [37m"Hotel"[0m[37m.[0m[37m"storageUsedMb"[0m [94mAS[0m [37m"Hotel_storageUsedMb"[0m[37m,[0m [37m"Hotel"[0m[37m.[0m[37m"rooms"[0m [94mAS[0m [37m"Hotel_rooms"[0m[37m,[0m [37m"Hotel"[0m[37m.[0m[37m"maintenanceMode"[0m [94mAS[0m [37m"Hotel_maintenanceMode"[0m [94mFROM[0m [37m"global"[0m[37m.[0m[37m"hotels"[0m [37m"Hotel"[0m [94mWHERE[0m [37m([0m [37m([0m[37m([0m[37m"Hotel"[0m[37m.[0m[37m"subdomain"[0m [37m=[0m [37m$[0m[32m1[0m[37m)[0m [94mAND[0m [37m([0m[37m"Hotel"[0m[37m.[0m[37m"status"[0m [37m=[0m [37m$[0m[32m2[0m[37m)[0m[37m)[0m [37m)[0m [94mAND[0m [37m([0m [37m"Hotel"[0m[37m.[0m[37m"deletedAt"[0m [94mIS NULL[0m [37m)[0m [94mLIMIT[0m [32m1[0m [90m-- PARAMETERS: ["abdures","ACTIVE"][0m
[17:25:22.678] [32mINFO[39m (16336): [36mrequest completed[39m
    [35mreq[39m: {
      "id": 158,
      "method": "GET",
      "url": "/api/v1/public/hotels/by-subdomain/abdures",
      "query": {},
      "params": {
        "path": [
          "public",
          "hotels",
          "by-subdomain",
          "abdures"
        ]
      },
      "headers": {
        "host": "localhost:5000",
        "connection": "keep-alive",
        "content-type": "application/json",
        "user-agent": "Next.js Middleware",
        "accept": "*/*",
        "accept-language": "*",
        "sec-fetch-mode": "cors",
        "accept-encoding": "gzip, deflate"
      },
      "remoteAddress": "::1",
      "remotePort": 64741
    }
    [35mres[39m: {
      "statusCode": 404,
      "headers": {
        "x-powered-by": "Express",
        "vary": "Origin",
        "access-control-allow-credentials": "true",
        "x-request-id": "aecc8b94-ba64-4bf4-9b35-621951d70724",
        "x-content-type-options": "nosniff",
        "x-frame-options": "DENY",
        "x-xss-protection": "1; mode=block",
        "strict-transport-security": "max-age=31536000; includeSubDomains",
        "referrer-policy": "strict-origin-when-cross-origin",
        "permissions-policy": "camera=(), microphone=(), geolocation=()",
        "content-type": "application/json; charset=utf-8",
        "content-length": "66",
        "etag": "W/\"42-ES7HbAgY2MYcRZnVSv9h7flBcLI\""
      }
    }
    [35mresponseTime[39m: 104
[2J[3J[H[[90m5:40:09 PM[0m] File change detected. Starting incremental compilation...

[[90m5:40:13 PM[0m] Found 0 errors. Watching for file changes.

[90m[4mquery:[24m[39m [94mSELECT[0m [95mversion[0m[37m([0m[37m)[0m
[90m[4mquery:[24m[39m [94mSELECT[0m [37m*[0m [94mFROM[0m [95mcurrent_schema[0m[37m([0m[37m)[0m
[90m[4mquery:[24m[39m [94mCREATE[0m [37mEXTENSION[0m [94mIF[0m [94mNOT[0m [94mEXISTS[0m [37m"uuid-ossp"[0m
[90m[4mquery:[24m[39m [94mSET[0m [37msearch_path[0m [94mTO[0m [37m"global"[0m[37m,[0m [37mglobal[0m[37m,[0m [37mpublic[0m
[90m[4mquery:[24m[39m [94mSELECT[0m [37m"GlobalSetting"[0m[37m.[0m[37m"id"[0m [94mAS[0m [37m"GlobalSetting_id"[0m[37m,[0m [37m"GlobalSetting"[0m[37m.[0m[37m"createdAt"[0m [94mAS[0m [37m"GlobalSetting_createdAt"[0m[37m,[0m [37m"GlobalSetting"[0m[37m.[0m[37m"updatedAt"[0m [94mAS[0m [37m"GlobalSetting_updatedAt"[0m[37m,[0m [37m"GlobalSetting"[0m[37m.[0m[37m"deletedAt"[0m [94mAS[0m [37m"GlobalSetting_deletedAt"[0m[37m,[0m [37m"GlobalSetting"[0m[37m.[0m[37m"key"[0m [94mAS[0m [37m"GlobalSetting_key"[0m[37m,[0m [37m"GlobalSetting"[0m[37m.[0m[37m"value"[0m [94mAS[0m [37m"GlobalSetting_value"[0m[37m,[0m [37m"GlobalSetting"[0m[37m.[0m[37m"category"[0m [94mAS[0m [37m"GlobalSetting_category"[0m[37m,[0m [37m"GlobalSetting"[0m[37m.[0m[37m"description"[0m [94mAS[0m [37m"GlobalSetting_description"[0m[37m,[0m [37m"GlobalSetting"[0m[37m.[0m[37m"isPublic"[0m [94mAS[0m [37m"GlobalSetting_isPublic"[0m [94mFROM[0m [37m"global"[0m[37m.[0m[37m"global_settings"[0m [37m"GlobalSetting"[0m [94mWHERE[0m [37m([0m [37m([0m[37m([0m[37m"GlobalSetting"[0m[37m.[0m[37m"key"[0m [37m=[0m [37m$[0m[32m1[0m[37m)[0m[37m)[0m [37m)[0m [94mAND[0m [37m([0m [37m"GlobalSetting"[0m[37m.[0m[37m"deletedAt"[0m [94mIS NULL[0m [37m)[0m [94mLIMIT[0m [32m1[0m [90m-- PARAMETERS: ["rate_limiting:config"][0m
